/* DATA DESCRIPTION:;;;;;;;;;;;;;;;;;;;;;;;;;;;;
Citation:;"Andrey Shikhov, Alexander Chernokulsky, Igor Azhigov and Anastasia Semakina (2020): A satellite-derived database of stand-replacing windthrows in boreal forests of the European Russia for the 1986Ц2017 period
";;;;;;;;;;;;;;;;;;;;;;;;;;;
Abstract:;"The GIS database contains the data of stand-replacing windthrows in the forest zone of the European Russia (ER) for the 1986Ц2017 period, and the ArcGIS 10.1/10.2 and Qgis 3* projects to view and analyze the data. The database contains three shapefiles (.shp), corresponding to three hierarchical levels of the data:
Х УElementary damaged areaФ, that is a single-part polygon of wind-damaged forest; 
Х УWindthrowФ, that represent a group of closely spaced forest disturbances, i.e., a multipart polygon, associated with one storm event;
Х УStorm event trackФ, that is a cluster of windthrows with identical direction and having the same date (or date range) of occurrence, which was most likely induced by one convective or non-convective storm.
The key fields ID and storm_ID associates each damaged area with the features in the datasets of windthrows and storm event tracks respectively using one-to-many relation.  A single value У?9999Ф was used for storing NoData in all fields of the attribute table. All data and projects have WGS 1984 coordinate system (without projection).
Delineation of windthrows was based on the full archive of Landsat images and two Landsat-derived products on forest cover change, namely the Global Forest Change and the EasternТ Europe Forest Cover Change. Subsequent verification and analysis of each windthrow was carried out to determine a type of storm events with a degree of event certainty, dates (date ranges) and time (time ranges) of an event, windthrow geometrical characteristics. The database contains 102,747 elementary areas of damaged forest that were combined into 700 windthrows caused by 486 convective or non-convective storm events. The database includes stand-replacing windthrows only, which an area > 5 ha or > 25 ha for events caused by tornadoes or other storms, respectively. Additional information contained weather station reports and event description from media sources is also provided.. 
The compiled database provides a valuable source of spatial and temporal information on windthrows in the ER and can be successfully used both in forestry and severe storm studies.";;;;;;;;;;;;;;;;;;;;;;;;;;;
Related to:;Andrey Shikhov, Alexander Chernokulsky, Igor Azhigov and Anastasia Semakina (2020): A satellite-derived database of stand-replacing windthrows in boreal forests of the European Russia in 1986Ц2017;;;;;;;;;;;;;;;;;;;;;;;;;;;
Further details:;Complete database, original files (URL: https://doi.org/10.6084/m9.figshare.12073278.v4);;;;;;;;;;;;;;;;;;;;;;;;;;;
;;;;;;;;;;;;;;;;;;;;;;;;;;;;
Coverage:;MEDIAN LATITUDE: 59.7959 * MEDIAN LONGITUDE: 43.7128* SOUTH-BOUND LATITUDE: 52,36703 * WEST-BOUND LONGITUDE: 28,09566 * NORTH-BOUND LATITUDE: 66,55899 * EAST-BOUND LONGITUDE: 61,14187;;;;;;;;;;;;;;;;;;;;;;;;;;;
;DATE/TIME START: 1986-01-01 T00:00:00 * DATE/TIME END: 2017-09-19T00:00:00;;;;;;;;;;;;;;;;;;;;;;;;;;;
Comment:;Affiliations: ;;;;;;;;;;;;;;;;;;;;;;;;;;;
;-----;;;;;;;;;;;;;;;;;;;;;;;;;;;
;Andrey Shikhov:;;;;;;;;;;;;;;;;;;;;;;;;;;;
;Perm State University, Perm, Russia, 614990;;;;;;;;;;;;;;;;;;;;;;;;;;;
;-----;;;;;;;;;;;;;;;;;;;;;;;;;;;
;Alexander Chernokulsky:;;;;;;;;;;;;;;;;;;;;;;;;;;;
;A.M. Obukhov Institute of Atmospheric Physics, Russian Academy of Sciences, Moscow, Russia, 119017;;;;;;;;;;;;;;;;;;;;;;;;;;;
;-----;;;;;;;;;;;;;;;;;;;;;;;;;;;
;Igor Azhigov:;;;;;;;;;;;;;;;;;;;;;;;;;;;
;Perm State University, Perm, Russia, 614990;;;;;;;;;;;;;;;;;;;;;;;;;;;
;-----;;;;;;;;;;;;;;;;;;;;;;;;;;;
;Anastasia Semakina:;;;;;;;;;;;;;;;;;;;;;;;;;;;
;Perm State University, Perm, Russia, 614990;;;;;;;;;;;;;;;;;;;;;;;;;;;
;-----;;;;;;;;;;;;;;;;;;;;;;;;;;;
;;;;;;;;;;;;;;;;;;;;;;;;;;;;
;;;;;;;;;;;;;;;;;;;;;;;;;;;;
OBJECTID;Windthrow ID;ID of storm event;Type of storm ;Event certainty degree;Data source for windthrow delineation;Data source for storm type defining;Year;Month;Storm event date;Date of first image;Date of second image;Time range;Data source for determine storm time range;Number of single-part polygons;Area (km2);Path length (km);Mean width of windthrow excluding gaps (m);Max width of windthrow excluding gaps (m);Mean width of windthrow with gaps (m);Max width of windthrow with gaps (m);Direction of windthrow;WMO ID of the weather station;Distance to weather station (km);Wind gust (m/s);Wind gust time (UTC);Precipitation amount ;Additional data from weather station ;External URL
0;5;1;squall;High;EEFCC;Landsat images;1986;-9999;Unknown;19.08.1986;06.03.1987; ; ;34;0.6867;3.3;224;894.8;567.700012;1491.8;SSW-NNE;26285;30;-9999;-9999;-9999; ; 
1;4;2;tornado;High;Delineated manually from Landsat images;Landsat images;1986;-9999;Unknown;09.08.1986;10.09.1986; ; ;7;0.659272;6.7;171.8;484.5;184.399994;452.5;SW-NE;27539;14;-9999;-9999;-9999; ; 
2;1;3;tornado;High;EEFCC;Landsat images;1986;7;Unknown;10.07.1986;26.07.1986; ; ;10;0.2529;7.4;140;304;156.800003;290.2;SSE-NNW;-9999;-9999;-9999;-9999;-9999; ; 
3;2;4;squall;High;EEFCC;Landsat images;1986;7;Unknown;28.06.1986;30.07.1986; ; ;61;4.366639;22;527.5;1087.6;845.599976;1756.4;SE-NW;23909;37;-9999;-9999;-9999; ; 
4;3;4;squall;High;EEFCC;Landsat images;1986;7;Unknown;28.06.1986;30.07.1986; ; ;27;0.251836;3.4;100.5;355.9;294.100006;1139;SE-NW;23803;83;-9999;-9999;-9999; ; 
5;16;5;tornado;High;EEFCC;Landsat images;1987;-9999;Unknown;28.07.1987;22.08.1987; ; ;13;0.1683;7.7;62.1;161.5;69.199997;178.4;WNW-ESE;23913;6;-9999;-9999;-9999; ; 
6;14;6;tornado;High;EEFCC;Landsat images;1987;-9999;Unknown;22.05.1987;09.07.1987; ; ;18;1.4625;7.5;207.7;545.5;254.399994;832.5;S-N;27037;43;-9999;-9999;-9999; ; 
7;13;7;tornado;High;EEFCC;Landsat images;1987;-9999;Unknown;26.02.1987;27.06.1987; ; ;7;0.3042;4.8;99;263.1;101.300003;219.6;S-N;22981;44;-9999;-9999;-9999; ; 
8;17;8;tornado;High;EEFCC;Landsat images;1987;-9999;Unknown;02.05.1987;22.08.1987; ; ;17;0.9045;7.8;148.1;546.4;165.399994;592.3;SSE-NNW;26389;42;-9999;-9999;-9999; ; 
9;15;9;squall;High;EEFCC (with Landsat-based clarification);Landsat images;1987;6;Unknown;18.06.1987;11.07.1987; ; ;342;9.614357;37.1;351.4;1599.5;1021.400024;3378.6;S-N;27164;36;-9999;-9999;-9999; ;https://diss.unn.ru/files/2015/570/autoref-570.pdf
10;7;10;tornado;High;Delineated manually from Landsat images;Landsat images and eyewitness reports;1987;6;21.06.1987;16.06.1987;23.06.1987; ; ;25;1.42329;41.1;144;410.9;148.600006;436.2;SSE-NNW;27622;5;14;-9999;-9999; ;http://www.zaraysk.net/for-tourist/historyenc/170-historyencp144
11;6;11;tornado;High;Delineated manually from Landsat images;Landsat images and newspaper reports;1987;6;20.06.1987;18.06.1987;25.06.1987; ; ;6;1.914238;8.5;263.1;553.5;263.5;547.5;SSE-NNW;-9999;-9999;-9999;-9999;-9999; ;http://lipetskmedia.ru/m/news/view/5037-Tragyediya_Blagovyeshyenska_v_Lipyetskye_vryad_li_povtoritsya.html
12;18;12;tornado;High;EEFCC;Landsat images;1987;8;Unknown;07.08.1987;23.08.1987; ; ;22;0.446366;6.1;93.8;325.4;113.900002;354.9;S-N;-9999;-9999;-9999;-9999;-9999; ; 
13;8;13;windstorm;High;Landsat (NDII-based delineation);Weather station and newspaper reports;1987;8;07.08.1987;28.07.1987;20.08.1987; ; ;73;0.974183;43.3;125.4;871.6;381.700012;2577.1;W-E;26462;15;18;-9999;-9999; ;https://www.proza.ru/2017/05/30/1225
14;9;13;windstorm;High;Landsat (NDII-based delineation);Weather station and newspaper reports;1987;8;07.08.1987;28.07.1987;20.08.1987;between 21.00 07 Aug and 03.00 8 Aug;weather station report;402;11.535108;26.7;466.3;1840.8;5734.799805;19720.7;W-E;26359;47;23;21;96;Heavy rainfall (96 mm/24h), Average wind speed 13 m/s;https://www.proza.ru/2017/05/30/1225
15;10;13;windstorm;High;Landsat (NDII-based delineation);Weather station and newspaper reports;1987;8;07.08.1987;28.07.1987;20.08.1987;9.00 - 15.00;weather station report;119;1.599502;40.7;147.4;768.5;598.799988;4901.3;W-E;26477;16;24;9;105;Heavy rainfall 105 mm/12h;https://www.proza.ru/2017/05/30/1225
16;11;13;windstorm;High;EEFCC (with Landsat-based clarification);Weather station and newspaper reports;1987;8;07.08.1987;21.07.1987;15.08.1987;12.00 - 15.00;weather station report;2221;50.259316;201.7;385.6;2287.8;7159.200195;45849.8;WSW-ENE;26499;5;24;12;-9999; ;https://afanarizm.livejournal.com/103436.html  мощный ураган повалил лес на большой территории “верской области.
17;12;13;windstorm;High;EEFCC (with Landsat-based clarification);Weather station and newspaper reports;1987;8;07.08.1987;21.07.1987;22.08.1987;12.00 - 15.00;weather station report;1173;24.523508;118.2;386.9;2101.9;4276.700195;27345.1;WSW-ENE;26479;7;28;12;75;Heavy rainfall (75 mm/24h), Average wind speed 15 m/s;https://afanarizm.livejournal.com/103436.html  мощный ураган повалил лес на большой территории “верской области.
18;27;14;tornado;High;EEFCC;Landsat images;1988;-9999;Unknown;17.07.1988;20.08.1988; ; ;14;0.567202;6.3;114.7;278.9;123.300003;256.4;WSW-ENE;-9999;-9999;-9999;-9999;-9999; ; 
19;26;15;tornado;High;EEFCC;Landsat images;1988;-9999;Unknown;03.05.1988;19.05.1988; ; ;17;0.354426;7.7;102.9;305.6;118.599998;447.2;SSW-NNE;-9999;-9999;-9999;-9999;-9999; ; 
20;25;16;tornado;Medium;EEFCC;Landsat images;1988;7;24.07.1988;15.07.1988;31.07.1988; ; ;50;1.269;9.7;182.7;437.5;290.799988;1219.5;SW-NE;-9999;-9999;-9999;-9999;-9999; ; 
21;22;16;tornado;Medium;EEFCC (with Landsat-based clarification);Landsat images;1988;7;24.07.1988;16.07.1988;31.07.1988; ; ;16;0.4347;5.1;152.8;346.7;202.699997;462.3;SW-NE;22686;23;-9999;-9999;-9999; ; 
23;24;16;tornado;Medium;EEFCC (with Landsat-based clarification);Landsat images;1988;7;24.07.1988;16.07.1988;31.07.1988; ; ;43;1.321165;7.4;204.7;596.5;310.700012;863.3;SW-NE;22695;12;-9999;-9999;-9999; ; 
24;23;16;squall;Medium;EEFCC (with Landsat-based clarification);Landsat images;1988;7;24.07.1988;16.07.1988;31.07.1988; ; ;44;1.906836;7.6;304.1;1119.4;394.299988;1254.6;SW-NE;22686;21;-9999;-9999;-9999; ; 
25;21;16;tornado;High;EEFCC;Landsat images;1988;7;24.07.1988;22.07.1988;29.07.1988; ; ;72;4.179899;14.6;308.6;963.1;416.799988;1215.9;SW-NE;-9999;-9999;-9999;-9999;-9999; ; 
26;20;16;tornado;High;EEFCC;Landsat images;1988;7;24.07.1988;22.07.1988;29.07.1988; ; ;99;2.359151;16.8;185.7;568.3;278.100006;881;SW-NE;-9999;-9999;-9999;-9999;-9999; ; 
22;19;17;tornado;High;EEFCC;Landsat images;1988;7;22.07.1988;12.07.1988;04.08.1988; ; ;16;1.3896;5.5;265.6;661.1;347;904.6;W-E;-9999;-9999;-9999;-9999;-9999; ; 
27;32;18;squall;High;EEFCC;Landsat images;1989;-9999;Unknown;15.04.1989;05.08.1989; ; ;206;3.074337;13.9;254;1097.1;1485.199951;4079.5;SE-NW;-9999;-9999;-9999;-9999;-9999; ; 
28;30;19;squall;High;EEFCC;Landsat images;1989;-9999;Unknown;10.07.1989;03.08.1989; ; ;27;0.4068;2.9;155;319.9;288.5;704.3;S-N;27066;39;-9999;-9999;-9999; ; 
29;28;20;squall;High;EEFCC (with Landsat-based clarification);Landsat images;1989;6;11.06.1989;11.06.1989;18.06.1989; ; ;1093;15.936603;40.1;499.2;1699.3;6556.399902;17869.7;SSW-NNE;22996;41;-9999;-9999;-9999; ; 
30;33;21;tornado;Medium;EEFCC;Landsat images;1989;7;Unknown;01.07.1989;17.07.1999; ; ;24;0.7344;6.8;134.2;321.8;162.600006;468.2;WSW-ENE;-9999;-9999;-9999;-9999;-9999; ; 
31;29;22;squall;High;EEFCC (with Landsat-based clarification);Landsat images;1989;7;19.07.1989;15.07.1989;31.07.1989;12.00 - 15.00;weather station report;408;12.033722;80.5;298.1;1822;2032.800049;9066.5;SSE-NNW;28413;9;18;15;-9999; ; 
32;31;23;squall;High;EEFCC (with Landsat-based clarification);Landsat images;1989;7;Unknown;02.07.1989;03.08.1989; ; ;94;5.503836;20.1;570.5;1324.5;1400.5;3431.2;SE-NW;22686;27;-9999;-9999;-9999; ; 
33;38;24;squall;High;EEFCC;Landsat images;1990;-9999;Unknown;14.07.1990;05.06.1991; ; ;68;1.010985;5.2;227.4;708.8;521.700012;1370.3;SW-NE;22695;46;-9999;-9999;-9999; ; 
34;36;25;squall;High;EEFCC;Landsat images;1990;-9999;Unknown;29.06.1990;21.07.1990; ; ;93;1.3545;16.6;178.7;616.8;451.700012;1548.5;W-E;-9999;-9999;-9999;-9999;-9999; ; 
35;37;26;tornado;High;EEFCC;Landsat images;1990;-9999;Unknown;23.07.1990;25.02.1991; ; ;10;0.126;3.9;55.5;94.2;59.200001;110.1;SW-NE;-9999;-9999;-9999;-9999;-9999; ; 
36;34;27;squall;High;Landsat (NDII-based delineation);Landsat images and weather station report;1990;6;18.06.1990;31.05.1990;11.07.1990;12.00 - 15.00;weather station report;838;24.417712;49.9;492.1;2385.7;6055;22913.7;SE-NW;28313;2;30;15;-9999; ;http://map.psu.ru/accidentinfo.aspx?id=1390
37;35;28;squall;High;EEFCC (with Landsat-based clarification);Landsat images;1990;6;18.06.1990;13.06.1990;29.06.1990; ; ;475;9.918232;19.9;582.2;2078.9;2358.300049;6611.2;SE-NW;22996;48;-9999;-9999;-9999; ; 
38;48;29;tornado;High;EEFCC;Landsat images;1991;-9999;Unknown;17.07.1991;25.08.1991; ; ;29;0.3294;11.9;79.3;230;91.400002;295.3;SW-NE;-9999;-9999;-9999;-9999;-9999; ; 
47;47;29;tornado;High;EEFCC;Landsat images;1991;8;Unknown;18.08.1991;25.08.1991; ; ;12;0.1422;3.4;84.6;194.4;95.099998;155.5;WSW-ENE;-9999;-9999;-9999;-9999;-9999; ; 
39;46;30;squall;High;EEFCC (with Landsat-based clarification);Landsat images;1991;-9999;Unknown;29.06.1991;08.07.1991; ; ;523;14.650706;41.6;522.9;2524;1700.900024;5158.4;SW-NE;-9999;-9999;-9999;-9999;-9999; ; 
40;40;31;squall;High;EEFCC;Landsat images;1991;6;21.06.1991;09.06.1991;04.07.1991; ; ;241;5.603718;13;557.8;1814.4;2574.199951;6927.4;SW-NE;22954;15;19;-9999;-9999; ; 
41;45;32;tornado;Medium;EEFCC;Landsat images;1991;-9999;Unknown;09.06.1991;04.07.1991; ; ;7;0.323107;3;139.2;285.6;147;272.3;SSW-NNE;22951;24;-9999;-9999;-9999; ; 
42;42;33;tornado;High;EEFCC;Landsat images;1991;-9999;Unknown;22.05.1991;23.06.1991; ; ;28;2.289773;10.2;237.3;608.6;282.899994;667.5;WSW-ENE;-9999;-9999;-9999;-9999;-9999; ; 
43;43;33;tornado;High;EEFCC;Landsat images;1991;-9999;Unknown;22.05.1991;23.06.1991; ; ;25;1.192496;11;160.1;355.5;185.5;389.1;SW-NE;-9999;-9999;-9999;-9999;-9999; ; 
44;41;34;tornado;High;Delineated manually from Landsat images;Landsat images;1991;-9999;Unknown;22.05.1991;23.06.1991; ; ;6;0.472285;7.6;148.5;264.8;148.5;264.8;WSW-ENE;26585;46;-9999;-9999;-9999; ; 
45;44;35;tornado;Medium;EEFCC (with Landsat-based clarification);Landsat images;1991;-9999;Unknown;30.03.1991;25.06.1991; ; ;12;0.161475;2.8;80.6;155.2;91.599998;203.9;SW-NE;27227;19;-9999;-9999;-9999; ; 
46;39;36;tornado;Medium;EEFCC (with Landsat-based clarification);Landsat images;1991;5;21.05.1991;12.05.1991;28.05.1991; ; ;92;3.466582;18;213.7;835.8;356.299988;1267;SW-NE;-9999;-9999;-9999;-9999;-9999; ; 
48;49;37;tornado;Medium;EEFCC;Landsat images;1991;8;Unknown;03.08.1991;26.08.1991; ; ;8;0.434879;4;143.8;348.6;162.600006;311.2;WSW-ENE;-9999;-9999;-9999;-9999;-9999; ; 
49;56;38;tornado;High;EEFCC;Landsat images;1992;-9999;Unknown;17.06.1992;03.07.1992; ; ;34;1.7073;11.1;230.1;833.6;274.299988;821.8;SSW-NNE;22889;18;-9999;-9999;-9999; ; 
50;57;39;tornado;High;EEFCC (with Landsat-based clarification);Landsat images;1992;-9999;Unknown;22.07.1992;14.08.1992; ; ;45;2.70294;14.4;275.7;631.8;391.899994;932.6;WNW-ESE;22954;31;-9999;-9999;-9999; ; 
51;58;40;tornado;High;EEFCC (with Landsat-based clarification);Landsat images;1992;-9999;Unknown;22.07.1992;14.08.1992; ; ;30;1.705905;13.1;185.9;535.9;213.300003;655;W-E;-9999;-9999;-9999;-9999;-9999; ; 
52;59;40;tornado;Medium;EEFCC;Landsat images;1992;-9999;Unknown;04.06.1992;14.08.1992; ; ;6;0.1485;2.3;90.1;149.1;91.599998;149.1;W-E;-9999;-9999;-9999;-9999;-9999; ; 
53;54;41;squall;High;EEFCC;Landsat images;1992;7;04.07.1992;21.06.1992;16.07.1992; ; ;41;0.3996;4.6;104.7;352.3;228.600006;821.9;SSW-NNE;23912;47;-9999;-9999;-9999; ; 
54;50;41;squall;High;EEFCC;Landsat images and weather station report;1992;7;04.07.1992;21.06.1992;16.07.1992;09.00 - 12.00;weather station report;56;0.624162;4.5;166;378.1;1748.699951;3682.4;SW-NE;23909;41;28;12;-9999; ; 
55;51;41;squall;High;EEFCC;Landsat images and weather station report;1992;7;04.07.1992;12.06.1992;16.07.1992;09.00 - 12.00;weather station report;85;0.666128;9.5;97.9;411.7;393;1959.1;SW-NE;23909;47;28;12;-9999; ; 
56;52;41;squall;High;EEFCC;Landsat images and weather station report;1992;7;04.07.1992;21.06.1992;16.07.1992;09.00 - 12.00;weather station report;103;1.574662;12.9;327;837.2;1524.5;4282.1;SW-NE;23909;67;28;12;-9999; ;http://map.psu.ru/accidentinfo.aspx?id=1397
57;53;41;squall;High;EEFCC;Landsat images and weather station report;1992;7;04.07.1992;21.06.1992;16.07.1992;09.00 - 12.00;weather station report;131;1.916562;13.1;207.2;685.6;1003.299988;3672.9;SW-NE;23909;91;28;12;-9999; ;http://map.psu.ru/accidentinfo.aspx?id=1397
58;55;41;squall;High;EEFCC (with Landsat-based clarification);Landsat images and weather station report;1992;7;04.07.1992;21.06.1992;16.07.1992;09.00 - 12.00;weather station report;3370;47.435706;67.5;733.9;2508.3;7061.5;18302.3;SW-NE;23909;116;28;12;-9999; ;http://map.psu.ru/accidentinfo.aspx?id=1397
59;61;42;tornado;High;EEFCC;Landsat images;1992;8;Unknown;08.08.1992;18.09.1992; ; ;19;0.9261;8.8;196.2;484;215.300003;484;WNW-ESE;28116;50;-9999;-9999;-9999; ; 
60;60;43;squall;High;EEFCC;Landsat images;1992;8;Unknown;02.08.1992;03.09.1992; ; ;36;0.7281;4.9;172.6;405.6;464.799988;1116;WSW-ENE;-9999;-9999;-9999;-9999;-9999; ; 
61;83;44;tornado;Medium;EEFCC;Landsat images;1993;-9999;Unknown;16.09.1992;02.08.1993; ; ;114;3.635776;37.5;173.3;830.7;224.399994;1068.4;WSW-ENE;28016;43;-9999;-9999;-9999; ; 
62;84;45;tornado;High;EEFCC;Landsat images;1993;-9999;Unknown;17.06.1993;04.08.1993; ; ;23;1.236955;9.2;209.4;575.8;237.600006;584.2;SSW-NNE;28116;32;-9999;-9999;-9999; ; 
63;88;46;tornado;High;EEFCC;Landsat images;1993;-9999;Unknown;04.06.1993;07.06.1994; ; ;20;0.6759;8.4;121.8;306.2;133.300003;339.2;NW-SE;22996;7;-9999;-9999;-9999; ; 
64;82;47;tornado;Medium;EEFCC;Landsat images;1993;-9999;Unknown;18.06.1993;29.07.1993; ; ;2;0.1215;2;98.5;182.5;107.099998;163.2;SSE-NNW;27066;38;-9999;-9999;-9999; ; 
65;81;48;tornado;Medium;EEFCC;Landsat images;1993;-9999;Unknown;23.05.1993;24.06.1993; ; ;8;0.2529;4.3;113.4;306.1;135;277;WSW-ENE;26359;42;-9999;-9999;-9999; ; 
66;86;49;tornado;Medium;Delineated manually from Landsat images;Landsat images;1993;-9999;Unknown;05.07.1993;15.08.1993; ; ;3;0.427333;3.7;165.9;282.9;165.899994;282.9;WSW-ENE;26585;22;-9999;-9999;-9999; ; 
67;85;50;tornado;Medium;EEFCC;Landsat images;1993;-9999;Unknown;13.07.1993;14.08.1993; ; ;8;1.191345;5.5;250.1;419.2;280.799988;419.2;S-N;27745;34;-9999;-9999;-9999; ; 
68;67;51;squall;Medium;EEFCC;Landsat images;1993;6;30.06.1993;19.06.1993;03.07.1993; ; ;113;2.559431;13.7;221.5;721.6;426;1417.2;SE-NW;-9999;-9999;-9999;-9999;-9999; ; 
69;69;51;squall;High;EEFCC (with Landsat-based clarification);Landsat images;1993;6;30.06.1993;19.06.1993;03.07.1993; ; ;918;16.166082;23;698.4;2097.4;3567.699951;8285.4;SE-NW;23812;45;-9999;-9999;-9999; ; 
70;70;51;squall;High;EEFCC (with Landsat-based clarification);Landsat images;1993;6;30.06.1993;19.06.1993;03.07.1993; ; ;170;13.791346;11;1213.8;2623;2030.699951;3774.5;SE-NW;23812;35;-9999;-9999;-9999; ; 
71;71;51;squall;High;EEFCC (with Landsat-based clarification);Landsat images;1993;6;30.06.1993;19.06.1993;13.08.1993; ; ;438;6.211931;19.9;381.1;1264.1;1768.5;6017;ESE-WNW;-9999;-9999;-9999;-9999;-9999; ; 
73;72;51;squall;High;EEFCC;Landsat images;1993;6;30.06.1993;17.06.1993;03.07.1993; ; ;73;1.408032;18.5;131.4;483.2;571.299988;3362.5;SE-NW;23812;32;-9999;-9999;-9999; ; 
74;68;51;squall;High;EEFCC;Landsat images;1993;6;30.06.1993;17.06.1993;03.07.1993; ; ;25;0.865828;4.8;244.6;715.1;413;763.1;SE-NW;-9999;-9999;-9999;-9999;-9999; ; 
78;62;51;squall;High;EEFCC;Landsat images and weather station report;1993;6;30.06.1993;19.06.1993;28.07.1993;09.00 - 12.00;weather station report;155;3.820094;14.2;304.4;1507.1;741;1864.5;SSE-NNW;23913;33;24;15;-9999; ; 
79;64;51;squall;High;EEFCC;Landsat images and weather station report;1993;6;30.06.1993;19.06.1993;28.07.1993;09.00 - 12.00;weather station report;298;2.948004;16.5;191.9;748.2;1125.800049;3101.1;SE-NW;23913;25;24;15;-9999; ; 
80;65;51;squall;Medium;EEFCC;Landsat images and weather station report;1993;6;30.06.1993;19.06.1993;28.05.1994;09.00 - 12.00;weather station report;8;0.2574;3.2;93.1;200.1;106.800003;318.9;SE-NW;23913;18;24;15;-9999; ; 
81;63;51;squall;High;EEFCC;Landsat images and weather station report;1993;6;30.06.1993;19.06.1993;28.07.1993;09.00 - 12.00;weather station report;161;6.130126;10.2;579;1115.8;1422.5;2351;SE-NW;23913;27;24;15;-9999; ; 
83;66;51;squall;High;EEFCC (with Landsat-based clarification);Landsat images and weather station report;1993;6;30.06.1993;19.06.1993;28.07.1993;09.00 - 12.00;weather station report;432;6.87581;23.3;316.7;1498.4;2178.199951;7320.7;ESE-WNW;23913;10;24;15;-9999; ; 
72;73;52;squall;High;EEFCC (with Landsat-based clarification);Landsat images;1993;6;30.06.1993;17.06.1993;19.07.1993; ; ;273;10.301129;28.9;404.9;1504.9;1779;6903;SSE-NNW;-9999;-9999;-9999;-9999;-9999; ; 
75;76;52;squall;High;EEFCC;Landsat images;1993;6;30.06.1993;17.06.1993;26.07.1993; ; ;58;0.7137;7;120;595.8;333.5;1991.3;SE-NW;23518;32;-9999;-9999;-9999; ; 
76;75;52;squall;High;EEFCC;Landsat images;1993;6;30.06.1993;17.06.1993;26.07.1993; ; ;228;4.248906;51.7;174.2;901.5;455.299988;3454.3;SE-NW;23518;49;-9999;-9999;-9999; ; 
77;74;52;squall;High;EEFCC;Landsat images;1993;6;30.06.1993;17.06.1993;19.07.1993; ; ;386;6.450678;56.1;192.9;1124.2;1032.800049;5325;SSE-NNW;-9999;-9999;-9999;-9999;-9999; ; 
82;77;52;squall;High;EEFCC;Landsat images;1993;6;30.06.1993;17.06.1993;26.07.1993; ; ;193;2.573932;13.3;338.4;1397.3;2203.800049;7110;SE-NW;23518;9;-9999;-9999;-9999; ; 
84;78;53;tornado;High;EEFCC (with Landsat-based clarification);Landsat images and newspaper reports;1993;7;24.07.1993;21.07.1993;10.11.1993; ; ;214;17.969349;76.1;284.4;1055.4;1793.300049;1459.2;SSE-NNW;26291;24;-9999;-9999;39;Heavy rainfall (39 mm/12h);http://data.oceaninfo.ru/applications/disaster/index.jsp?query=&period=arch&bYear=1993&bMonth=01&bDay=01&eYear=1994&eMonth=01&eDay=01&action=searchDisasters&region=1004&type=&action=searchDisasters
85;79;54;tornado;High;EEFCC (with Landsat-based clarification);Landsat images and newspaper reports;1993;7;24.07.1993;05.07.1993;10.11.1993; ; ;46;8.151749;34.1;298.6;842;320.100006;842;SE-NW;26291;35;-9999;-9999;39;Heavy rainfall (39 mm/12h);http://data.oceaninfo.ru/applications/disaster/index.jsp?query=&period=arch&bYear=1993&bMonth=01&bDay=01&eYear=1994&eMonth=01&eDay=01&action=searchDisasters&region=1004&type=&action=searchDisasters
86;80;55;tornado;Medium;EEFCC;Landsat images and newspaper reports;1993;7;24.07.1993;10.07.1993;04.08.1993; ; ;8;0.889567;4.3;220;427.8;241.199997;427.8;SE-NW;26167;27;-9999;-9999;-9999; ;http://data.oceaninfo.ru/applications/disaster/index.jsp?query=&period=arch&bYear=1993&bMonth=01&bDay=01&eYear=1994&eMonth=01&eDay=01&action=searchDisasters&region=1004&type=&action=searchDisasters
87;87;56;tornado;Medium;Delineated manually from Landsat images;Landsat images;1993;8;Unknown;13.08.1993;09.10.1993; ; ;5;0.327019;3.7;107.9;196.3;109.199997;192;WSW-ENE;28134;36;-9999;-9999;-9999; ; 
88;92;57;snowstorm;Medium;EEFCC;Landsat images;1994;-9999;Unknown;14.08.1994;20.04.1995; ; ;76;2.580817;7.9;588;1644;1652.099976;3993.2;-9999;-9999;-9999;-9999;-9999;-9999; ; 
89;93;57;snowstorm;Medium;EEFCC;Landsat images;1994;-9999;Unknown;14.08.1994;20.04.1995; ; ;23;0.828;2.1;398.1;710.3;933.099976;1687.3;-9999;-9999;-9999;-9999;-9999;-9999; ; 
90;91;57;snowstorm;Medium;EEFCC;Landsat images;1994;-9999;Unknown;31.07.1994;20.04.1995; ; ;28;0.862687;9.3;211.6;561.4;322.700012;726.3;-9999;-9999;-9999;-9999;-9999;-9999; ; 
91;90;57;snowstorm;Medium;EEFCC;Landsat images;1994;-9999;Unknown;31.07.1994;20.04.1995; ; ;8;0.5598;1.7;314.5;810.4;582.299988;1271;-9999;-9999;-9999;-9999;-9999;-9999; ; 
92;89;57;snowstorm;Medium;EEFCC;Landsat images;1994;-9999;Unknown;31.07.1994;20.04.1995; ; ;23;0.4077;2.7;218.6;850.1;502.600006;1244;-9999;-9999;-9999;-9999;-9999;-9999; ; 
93;94;58;squall;High;EEFCC;Landsat images;1994;-9999;Unknown;13.06.1994;22.04.1995; ; ;37;0.355871;11.7;88.4;294.1;119.900002;385.5;W-E;-9999;-9999;-9999;-9999;-9999; ; 
94;101;59;squall;High;EEFCC;Landsat images;1995;6;23.06.1995;19.06.1995;05.07.1995; ; ;136;1.912839;4.7;414.7;1014.3;2015.099976;3915.4;SE-NW;22996;32;-9999;-9999;-9999; ; 
95;102;59;tornado;High;EEFCC;Landsat images;1995;-9999;Unknown;19.06.1995;05.07.1995; ; ;10;0.3123;3.8;112;212.3;115.099998;182;ESE-WNW;22996;39;-9999;-9999;-9999; ; 
96;105;60;tornado;High;EEFCC;Landsat images;1995;-9999;Unknown;02.06.1995;27.07.1995; ; ;24;0.334791;7;87.6;245.4;107.199997;277.8;WSW-ENE;-9999;-9999;-9999;-9999;-9999; ; 
97;104;60;tornado;High;EEFCC (with Landsat-based clarification);Landsat images;1995;-9999;Unknown;02.06.1995;27.07.1995; ; ;15;1.111253;25.5;166.2;366.9;177.600006;366.9;WSW-ENE;22638;41;-9999;-9999;-9999; ; 
98;103;61;tornado;Medium;Delineated manually from Landsat images;Landsat images;1995;-9999;Unknown;10.06.1995;12.07.1995; ; ;14;0.978563;4.5;208.5;447.9;239.5;476;SE-NW;-9999;40;-9999;-9999;-9999; ; 
99;96;62;squall;High;EEFCC (with Landsat-based clarification);Landsat images;1995;6;22.06.1995;19.06.1995;05.07.1995;15.00 -18.00;weather station report;149;9.649901;13.5;731.4;1842.7;1517.800049;4030.7;S-N;27083;38;17;18;-9999; ; 
100;99;63;tornado;Medium;Delineated manually from Landsat images;Landsat images;1995;6;23.06.1995;10.06.1995;26.06.1995; ; ;9;2.106357;4.6;433.2;964;567.900024;1167.2;SE-NW;27185;47;-9999;-9999;-9999; ; 
101;95;64;snowstorm;High;EEFCC (with Landsat-based clarification);Weather station and newspaper reports;1995;6;06.06.1995;02.06.1995;27.06.1995; ; ;110;2.002767;104.8;131.3;581.2;1080.900024;9087.7;-9999;28333;48;26;-9999;45;Heavy snowfall (45 mm/24h);http://fsdejournal.ru/pdf-files/2010_3/visimsky.pdf страница 41
102;100;65;squall;High;EEFCC;Landsat images;1995;6;23.06.1995;08.06.1995;24.06.1995; ; ;194;2.936551;27.7;174.8;744.8;575.5;2694.9;SE-NW;22974;6;-9999;-9999;-9999; ; 
103;98;66;tornado;High;EEFCC;Landsat images;1995;6;23.06.1995;08.06.1995;24.06.1995; ; ;10;0.3915;4.2;103.4;187.7;106.400002;187.7;SSE-NNW;27261;26;-9999;-9999;-9999; ; 
104;97;67;tornado;High;Delineated manually from Landsat images;Landsat images;1995;6;23.06.1995;15.06.1995;01.07.1995; ; ;5;0.071309;1.8;63.1;88.7;63.099998;88.7;SE-NW;27259;36;-9999;-9999;-9999; ; 
105;125;68;tornado;High;EEFCC;Landsat images;1996;-9999;Unknown;27.06.1996;30.08.1996; ; ;24;1.282562;9.5;170.8;380.3;191.199997;455.6;SSE-NNW;28036;49;-9999;-9999;-9999; ; 
106;130;69;tornado;High;EEFCC;Landsat images;1996;-9999;Unknown;25.06.1996;11.05.1997; ; ;8;0.0891;4.3;58;123.3;58;98;SSE-NNW;-9999;-9999;-9999;-9999;-9999; ; 
107;116;70;tornado;High;Delineated manually from Landsat images;Landsat images;1996;-9999;Unknown;29.05.1996;07.07.1996; ; ;7;0.268375;3.7;110.4;267.8;110.400002;259.1;W-E;23904;48;-9999;-9999;-9999; ; 
108;114;71;tornado;Medium;EEFCC;Landsat images;1996;-9999;Unknown;25.05.1996;26.06.1996; ; ;2;0.158148;1.3;126.5;199.9;132.5;196.7;SW-NE;-9999;-9999;-9999;-9999;-9999; ; 
109;115;71;tornado;Medium;EEFCC;Landsat images;1996;-9999;Unknown;25.05.1996;26.06.1996; ; ;4;0.141697;1.1;124.2;247.1;132.899994;282;WSW-ENE;-9999;-9999;-9999;-9999;-9999; ; 
110;124;72;squall;High;EEFCC (with Landsat-based clarification);Landsat images;1996;-9999;Unknown;07.07.1996;17.08.1996; ; ;246;11.597017;17.5;700.6;2486.3;1925.699951;4616.2;WNW-ESE;-9999;-9999;-9999;-9999;-9999; ; 
111;127;73;tornado;Medium;EEFCC (with Landsat-based clarification);Landsat images;1996;-9999;Unknown;06.06.1996;21.03.1997; ; ;7;0.204033;4.6;85.6;209.5;94.900002;209.5;SW-NE;-9999;-9999;-9999;-9999;-9999; ; 
120;121;73;squall;High;EEFCC (with Landsat-based clarification);Landsat images;1996;-9999;Unknown;06.06.1996;21.03.1997; ; ;273;7.289791;42.6;326.8;1422.7;943;3955;SW-NE;22456;49;-9999;-9999;-9999; ; 
112;118;74;squall;High;EEFCC;Landsat images;1996;-9999;Unknown;20.06.1996;31.07.1996; ; ;102;1.603873;19.5;188.4;878.9;652.5;3316.4;WSW-ENE;22456;47;-9999;-9999;-9999; ; 
113;123;75;squall;High;EEFCC;Landsat images;1996;-9999;Unknown;26.06.1996;27.08.1996; ; ;37;0.3141;6.6;97.4;344.1;195.5;928.3;SW-NE;-9999;-9999;-9999;-9999;-9999; ; 
114;122;75;squall;High;EEFCC;Landsat images;1996;-9999;Unknown;26.06.1996;13.08.1996; ; ;20;0.8559;3;322.6;530.3;486.899994;762.3;SW-NE;22583;32;-9999;-9999;-9999; ; 
115;120;76;tornado;High;Delineated manually from Landsat images;Landsat images;1996;-9999;Unknown;09.06.1996;12.08.1996; ; ;6;0.400302;4.8;118;304.8;118;236.2;SW-NE;26069;27;-9999;-9999;-9999; ; 
116;121;77;tornado;High;EEFCC;Landsat images;1996;-9999;Unknown;09.06.1996;12.08.1996; ; ;9;0.1305;2.8;86;181.5;86.300003;181.5;SW-NE;26167;33;-9999;-9999;-9999; ; 
118;119;78;tornado;Medium;EEFCC (with Landsat-based clarification);Landsat images;1996;-9999;Unknown;22.06.1996;09.08.1996; ; ;30;4.851;9;625.7;1289.2;788.799988;1490.8;WSW-ENE;27217;35;-9999;-9999;-9999; ; 
127;110;79;squall;High;EEFCC (with Landsat-based clarification);Landsat images;1996;7;13.07.1996;11.06.1996;13.07.1996; ; ;221;7.179045;52.2;260.5;1127;763.400024;3142.6;SW-NE;26389;40;-9999;-9999;-9999; ; 
119;117;80;tornado;High;EEFCC (with Landsat-based clarification);Landsat images;1996;-9999;Unknown;04.06.1996;15.07.1996; ; ;17;1.028794;5.3;181;434.8;224.100006;506.5;SW-NE;26882;17;-9999;-9999;-9999; ; 
121;113;81;tornado;Medium;EEFCC;Landsat images;1996;6;Unknown;12.06.1996;21.06.1996; ; ;5;0.461037;3.3;167.6;546.4;184.100006;455;WSW-ENE;27185;28;-9999;-9999;-9999; ; 
122;107;82;tornado;High;Delineated manually from Landsat images;Landsat images and newspaper reports;1996;6;28.06.1996;12.06.1996;05.07.1996; ; ;8;1.269914;10.1;161.6;348.9;161.600006;348.9;S-N;27666;11;-9999;-9999;-9999; ;https://www.kommersant.ru/doc/235625
123;112;83;tornado;High;EEFCC;Landsat images;1996;6;Unknown;01.06.1996;12.06.1996; ; ;10;0.197998;4.5;83.6;170;83.599998;170;S-N;-9999;-9999;-9999;-9999;-9999; ; 
124;106;84;tornado;High;Delineated manually from Landsat images;Landsat images and newspaper reports;1996;6;25.06.1996;22.06.1996;01.07.1996; ; ;9;0.227515;7;90.9;190.9;90.900002;190.9;WSW-ENE;27321;2;-9999;-9999;-9999; ;http://docs.cntd.ru/document/934004648
117;109;85;squall;High;EEFCC;Landsat images;1996;7;12.07.1996;04.07.1996;14.08.1996; ; ;64;0.678459;21.8;90.5;386.3;359.700012;2122.7;SW-NE;26285;18;-9999;-9999;-9999; ; 
125;111;85;squall;High;Landsat (NDII-based delineation);Landsat images and weather station report;1996;7;13.07.1996;04.07.1996;29.07.1996;between 21.00 12 July and 00.00 13 July;weather station report;1447;35.578096;74;564.5;2284.2;4524.799805;15116.1;SSW-NNE;26094;53;28;0;-9999; ; 
126;108;85;squall;High;EEFCC (with Landsat-based clarification);Landsat images and weather station report;1996;7;12.07.1996;04.07.1996;13.07.1996;15.00 - 18.00;weather station report;405;6.138609;67.2;162.6;717.6;1099.199951;8001.9;S-N;26479;68;28;18;-9999; ; 
128;128;86;tornado;High;EEFCC;Landsat images;1996;8;Unknown;17.08.1996;07.04.1997; ; ;18;0.3483;5.9;99.4;226.5;107.800003;177.3;NW-SE;23905;29;-9999;-9999;-9999; ; 
129;129;86;tornado;High;EEFCC;Landsat images;1996;8;Unknown;17.08.1996;07.04.1997; ; ;21;0.2709;6.8;72.4;283.5;85.199997;283.5;NW-SE;23905;22;-9999;-9999;-9999; ; 
130;131;87;tornado;High;EEFCC;Landsat images;1997;-9999;Unknown;19.06.1997;19.07.1997; ; ;18;0.131596;4.2;56.2;112.6;61.099998;112.6;SW-NE;23518;47;-9999;-9999;-9999; ; 
131;132;88;tornado;High;EEFCC;Landsat images;1997;-9999;Unknown;28.07.1997;05.09.1997; ; ;11;0.274978;5.9;100.2;210.8;115.800003;304.7;W-E;-9999;-9999;-9999;-9999;-9999; ; 
132;134;89;tornado;High;Delineated manually from Landsat images;Landsat images;1997;-9999;Unknown;09.08.1997;28.03.1998; ; ;30;1.332628;17.1;109.2;477.3;114.5;408.6;SSE-NNW;27261;15;-9999;-9999;-9999; ; 
133;133;90;squall;High;EEFCC;Landsat images;1997;8;Unknown;11.08.1997;05.09.1997; ; ;46;1.134961;5.9;217.6;631.7;415.899994;966.7;W-E;23606;47;-9999;-9999;-9999; ; 
135;143;91;squall;High;EEFCC;Landsat images;1998;-9999;Unknown;16.04.1998;03.07.1998; ; ;172;1.7775;15.8;153.8;646.7;676.900024;3359.3;SE-NW;-9999;-9999;-9999;-9999;-9999; ; 
136;142;92;tornado;High;EEFCC (with Landsat-based clarification);Landsat images;1998;-9999;Unknown;24.05.1998;02.07.1998; ; ;33;5.43973;16.4;362.5;933.7;443.299988;963.8;W-E;22583;40;-9999;-9999;-9999; ; 
137;154;93;tornado;Medium;EEFCC (with Landsat-based clarification);Landsat images;1998;-9999;Unknown;01.06.1998;14.09.1998; ; ;10;0.328892;4.9;102.2;359.6;109.699997;285;SW-NE;26291;40;-9999;-9999;-9999; ; 
138;148;94;squall;High;EEFCC;Landsat images;1998;-9999;Unknown;07.06.1998;25.07.1998; ; ;89;2.3013;6.5;359.4;1698.5;1294.199951;3377.9;SE-NW;27051;33;-9999;-9999;-9999; ; 
134;147;95;tornado;High;EEFCC;Landsat images;1998;7;Unknown;09.07.1998;25.07.1998; ; ;27;0.414879;12;76.8;266;90.300003;325.1;SSE-NNW;27333;22;-9999;-9999;-9999; ; 
139;146;95;tornado;High;EEFCC;Landsat images;1998;7;Unknown;09.07.1998;25.07.1998; ; ;17;0.33711;7.5;113.3;367.3;120.400002;249;SE-NW;27333;14;-9999;-9999;-9999; ; 
140;145;95;tornado;High;EEFCC;Landsat images;1998;7;Unknown;09.07.1998;25.07.1998; ; ;8;0.053415;4.4;57.9;122.1;57.900002;122.1;SSE-NNW;27344;20;-9999;-9999;-9999; ; 
141;155;96;squall;Medium;Delineated manually from Landsat images;Landsat images;1998;-9999;Unknown;17.06.1998;15.11.1998; ; ;5;1.59338;4.7;338.9;785.9;362.200012;902.5;W-E;26094;18;-9999;-9999;-9999; ; 
142;156;97;squall;High;EEFCC;Landsat images;1998;-9999;Unknown;02.08.1998;30.03.1999; ; ;34;0.454497;2.3;195.3;461.1;540.599976;1063.4;SE-NW;-9999;-9999;-9999;-9999;-9999; ; 
143;153;98;tornado;Medium;EEFCC;Landsat images;1998;-9999;Unknown;17.06.1998;05.09.1998; ; ;5;0.550041;2.6;221.8;286.5;238.899994;303.5;SE-NW;26381;37;-9999;-9999;-9999; ; 
144;151;99;tornado;Medium;EEFCC (with Landsat-based clarification);Landsat images;1998;-9999;Unknown;15.06.1998;02.08.1998; ; ;10;0.409522;3.9;114.6;373;120.699997;373;SW-NE;-9999;-9999;-9999;-9999;-9999; ; 
145;150;100;squall;High;Delineated manually from Landsat images;Landsat images;1998;-9999;Unknown;15.06.1998;26.07.1998; ; ;39;0.366775;7.2;85.3;281.1;390.899994;1402.7;SE-NW;-9999;-9999;-9999;-9999;-9999; ; 
146;144;101;squall;High;EEFCC;Landsat images;1998;-9999;Unknown;10.06.1998;21.07.1998; ; ;70;0.6768;10.1;102.2;371.8;277.5;1860.9;SW-NE;26686;24;-9999;-9999;-9999; ; 
147;139;102;squall;High;EEFCC (with Landsat-based clarification);Landsat images and weather station report;1998;7;29.07.1998;28.07.1998;06.08.1998; ; ;64;2.067033;14.8;195.1;1041.8;362.600006;1717.7;SW-NE;26882;103;21;-9999;-9999; ; 
148;137;103;squall;High;EEFCC (with Landsat-based clarification);Landsat images and weather station report;1998;6;15.06.1998;10.06.1998;21.07.1998; ; ;294;6.796204;17.7;420.2;1443.1;2214.199951;5794.4;SSE-NNW;26882;68;24;-9999;-9999; ; 
149;136;103;squall;High;Delineated manually from Landsat images;Landsat images and weather station report;1998;6;15.06.1998;18.05.1998;28.06.1998;12.00 - 15.00;weather station report;41;1.485856;10;190.1;689.1;650.5;3812.7;SSE-NNW;26898;22;20;15;-9999; ; 
150;135;103;tornado;High;EEFCC (with Landsat-based clarification);Landsat images;1998;6;15.06.1998;12.06.1998;14.07.1998; ; ;16;0.205483;7;73.3;198;76.199997;198;S-N;26997;37;-9999;-9999;-9999; ; 
151;152;104;tornado;Medium;EEFCC;Landsat images;1998;-9999;Unknown;01.08.1998;08.08.1998; ; ;9;0.948043;3.2;279.2;710.6;347.700012;742.9;W-E;27330;8;-9999;-9999;-9999; ; 
152;149;105;squall;Medium;EEFCC;Landsat images;1998;-9999;Unknown;09.07.1998;25.07.1998; ; ;81;0.981612;21.6;117.7;461.2;359.200012;1862.3;SSE-NNW;27346;16;-9999;-9999;-9999; ; 
153;138;106;squall;High;Landsat (NDII-based delineation);Weather station and newspaper reports;1998;6;20.06.1998;12.06.1998;21.06.1998;18.00 - 21.00;weather station report;319;9.051852;38.2;362.6;1187.6;2119.399902;8662.4;SSE-NNW;27419;12;21;21;-9999; ;https://www.latimes.com/archives/la-xpm-1998-jun-22-mn-62451-story.html
154;140;107;tornado;High;EEFCC (with Landsat-based clarification);Landsat images;1998;6;Unknown;14.05.1998;15.05.1998; ; ;13;0.408089;5.8;104.2;220.9;106.099998;229.6;SW-NE;26359;33;-9999;-9999;-9999; ; 
155;141;108;tornado;Medium;Delineated manually from Landsat images;Landsat images;1998;6;Unknown;10.06.1998;17.06.1998; ; ;16;0.61395;7.9;120.1;290.5;195.300003;573.7;SSE-NNW;26686;25;-9999;-9999;-9999; ; 
156;162;109;tornado;High;EEFCC;Landsat images;1999;-9999;Unknown;20.09.1998;19.04.2000; ; ;8;0.4851;3.6;149.1;273.5;158.399994;273.5;WNW-ESE;-9999;-9999;-9999;-9999;-9999; ; 
157;158;110;squall;High;EEFCC;Landsat images;1999;-9999;Unknown;11.07.1998;21.06.1999; ; ;85;2.115783;8.8;298.5;1159;1142.800049;5171;WSW-ENE;-9999;-9999;-9999;-9999;-9999; ; 
158;159;111;tornado;High;EEFCC;Landsat images;1999;-9999;Unknown;15.09.1998;21.06.1999; ; ;21;0.51165;13.2;98.9;253.5;106.900002;277.7;SW-NE;27281;31;-9999;-9999;-9999; ; 
159;157;112;tornado;High;Delineated manually from Landsat images;Landsat images;1999;-9999;Unknown;25.05.1999;10.06.1999; ; ;36;1.478434;16.6;148.6;454.5;171.100006;397.6;WSW-ENE;27453;28;-9999;-9999;-9999; ; 
160;161;113;squall;Medium;EEFCC;Landsat images;1999;-9999;Unknown;10.07.1998;14.07.1999; ; ;13;0.298063;3.5;126.5;313.5;144.800003;410.7;SW-NE;-9999;-9999;-9999;-9999;-9999; ; 
161;160;114;squall;High;EEFCC;Landsat images;1999;-9999;Unknown;13.06.1999;13.07.1999; ; ;78;0.753111;5;174.9;514.9;668.299988;2288.3;SSW-NNE;26381;31;-9999;-9999;-9999; ; 
162;179;115;tornado;High;Delineated manually from Landsat images;Landsat images;2000;-9999;Unknown;19.07.2000;27.08.2000; ; ;5;0.141392;2.3;73.9;124.3;73.900002;124.3;SSE-NNW;-9999;-9999;-9999;-9999;-9999; ; 
163;175;116;squall;High;EEFCC (with Landsat-based clarification);Landsat images;2000;-9999;Unknown;15.03.2000;12.07.2000; ; ;422;11.46924;23.6;495.9;2152.5;1899;4707.3;S-N;28202;41;-9999;-9999;-9999; ; 
164;176;117;squall;Medium;EEFCC;Landsat images;2000;-9999;Unknown;21.05.2000;24.07.2000; ; ;27;0.634547;5.8;172.3;647.4;277.600006;712.4;SE-NW;27066;41;-9999;-9999;-9999; ; 
165;178;118;squall;Medium;EEFCC (with Landsat-based clarification);Landsat images;2000;-9999;Unknown;25.06.2000;12.08.2000; ; ;32;2.605991;12.5;287.2;672.8;503.700012;1397;SSE-NNW;22939;36;-9999;-9999;-9999; ; 
166;163;119;squall;High;EEFCC (with Landsat-based clarification);Landsat images;2000;5;30.05.2000;29.05.2000;07.06.2000; ; ;20;0.511878;7.1;138.2;434.1;245.199997;706.7;SSW-NNE;22831;28;-9999;-9999;-9999; ; 
171;164;119;squall;High;EEFCC (with Landsat-based clarification);Landsat images;2000;5;30.05.2000;29.05.2000;07.06.2000; ; ;309;11.9245;60.8;424.1;1720.3;1032.099976;3702.4;SSW-NNE;22831;28;-9999;-9999;-9999; ; 
167;173;120;squall;High;EEFCC;Landsat images;2000;-9999;Unknown;29.05.2000;21.06.2000; ; ;64;1.611464;14.5;226.4;632.9;637;1704.6;SW-NE;26285;26;-9999;-9999;-9999; ; 
168;174;120;tornado;Medium;EEFCC;Landsat images;2000;-9999;Unknown;29.05.2000;21.06.2000; ; ;16;0.409274;5.6;111.7;357.9;134.5;329.6;SSW-NNE;26285;42;-9999;-9999;-9999; ; 
169;180;121;squall;High;EEFCC;Landsat images;2000;-9999;Unknown;07.08.2000;08.09.2000; ; ;53;1.387663;7.8;230.1;834.7;697.599976;2325.1;WSW-ENE;-9999;-9999;-9999;-9999;-9999; ; 
170;181;122;squall;High;EEFCC (with Landsat-based clarification);Landsat images;2000;-9999;Unknown;23.06.2000;18.09.2000; ; ;37;0.512194;4.8;119.1;322.6;250.199997;823.3;W-E;26389;35;-9999;-9999;-9999; ; 
172;171;123;squall;High;EEFCC (with Landsat-based clarification);Landsat images;2000;6;Unknown;31.05.2000;16.06.2000; ; ;520;14.437517;41.8;504.6;2006.9;2933.300049;10571;SSW-NNE;22939;25;-9999;-9999;-9999; ; 
173;170;124;squall;Medium;EEFCC;Landsat images;2000;6;Unknown;26.05.2000;11.06.2000; ; ;27;0.562239;6.6;115.6;278.6;154.100006;392;S-N;27223;43;-9999;-9999;-9999; ; 
174;172;125;squall;High;EEFCC;Landsat images;2000;6;Unknown;11.06.2000;20.06.2000; ; ;132;0.988183;13;123.3;514.6;821.599976;4667.5;SW-NE;26359;17;-9999;-9999;-9999; ; 
175;165;126;squall;High;EEFCC (with Landsat-based clarification);Landsat images and weather station report;2000;7;23.07.2000;22.07.2000;24.07.2000;12.00 - 15.00;weather station report;118;2.47757;6.1;383.6;973;1382.400024;2495.1;SW-NE;27066;44;20;15;-9999; ; 
176;167;127;tornado;High;EEFCC (with Landsat-based clarification);Landsat images and newspaper reports;2000;7;25.07.2000;16.07.2000;01.08.2000; ; ;64;5.61419;25.8;239.7;587.2;288;617.1;SE-NW;26479;39;-9999;-9999;-9999; ; 
177;166;127;tornado;High;Delineated manually from Landsat images;Landsat images and newspaper reports;2000;7;25.07.2000;16.07.2000;01.08.2000; ; ;11;1.694417;11.5;193.3;473;196.800003;473;SE-NW;26585;38;-9999;-9999;-9999; ; 
178;177;128;tornado;High;EEFCC;Landsat images;2000;7;Unknown;02.07.2000;03.08.2000; ; ;27;0.548118;8.9;109.2;258.9;130.899994;308.9;S-N;-9999;-9999;-9999;-9999;-9999; ; 
179;168;129;squall;High;EEFCC (with Landsat-based clarification);Landsat images and newspaper reports;2000;8;22.08.2000;19.08.2000;11.09.2000;18.00 - 21.00; ;301;18.108624;27.5;876.5;2910.8;2656.399902;7977.4;SW-NE;26781;25;-9999;-9999;54;Heavy rainfall (54 mm/12h);https://m.lenta.ru/news/2000/08/23/smolensk/
180;169;130;tornado;High;Delineated manually from Landsat images;Landsat images and newspaper reports;2000;9;04.09.2000;30.08.2000;29.09.2000; ; ;4;0.455678;4.5;157.4;267.8;163.399994;267.8;SSW-NNE;27612;18;-9999;-9999;-9999; ;https://www.youtube.com/watch?v=Zx_M0XKEHL0
181;185;131;tornado;Medium;GFC;HRI;2001;-9999;Unknown;03.08.2001;09.12.2001; ; ;72;3.110073;18.2;264.9;865.2;406.799988;1442;SW-NE;27164;28;-9999;-9999;-9999; ; 
182;184;131;tornado;Medium;GFC;HRI;2001;-9999;Unknown;03.08.2001;09.12.2001; ; ;40;2.212467;15.2;240.5;657.2;320.100006;983.1;SW-NE;27164;29;-9999;-9999;-9999; ; 
183;183;132;tornado;High;GFC;Landsat images;2001;7;31.07.2001;25.07.2001;01.08.2001; ; ;12;1.687086;5.3;320.8;739.7;390.399994;990;WSW-ENE;-9999;-9999;-9999;-9999;-9999; ; 
184;182;132;tornado;High;GFC;HRI;2001;7;31.07.2001;25.07.2001;01.08.2001; ; ;41;0.812605;10.7;123;300.6;174.399994;347.1;WSW-ENE;-9999;-9999;-9999;-9999;-9999; ; 
185;194;133;squall;High;GFC;Landsat images;2002;-9999;Unknown;26.07.2002;28.09.2002; ; ;134;1.671897;19.9;167;827.1;720.900024;3374.6;SW-NE;22671;23;-9999;-9999;-9999; ; 
187;195;133;squall;High;GFC;Landsat images;2002;-9999;Unknown;26.07.2002;14.03.2003; ; ;61;0.698953;5.9;162.1;505.4;533.299988;2687.9;SW-NE;22563;37;-9999;-9999;-9999; ; 
186;199;134;tornado;High;Delineated manually from Landsat images;HRI;2002;-9999;Unknown;05.07.2002;14.05.2003; ; ;16;0.336048;3.8;111;285.5;124;277.2;W-E;-9999;-9999;-9999;-9999;-9999; ; 
188;197;135;tornado;High;GFC;HRI;2002;-9999;Unknown;28.07.2002;01.04.2003; ; ;10;0.5769;6.2;122.6;274.1;127.400002;274.1;W-E;-9999;-9999;-9999;-9999;-9999; ; 
189;192;136;tornado;High;GFC;HRI;2002;-9999;Unknown;29.08.2002;07.09.2002; ; ;4;0.101256;1.3;79.2;188.2;83.400002;188.2;W-E;-9999;-9999;-9999;-9999;-9999; ; 
190;193;137;tornado;High;GFC;HRI;2002;-9999;Unknown;29.08.2002;07.09.2002; ; ;12;0.241675;4.9;104.7;263.1;122.699997;233.9;WNW-ESE;27164;29;-9999;-9999;-9999; ; 
191;196;138;tornado;High;GFC;HRI;2002;-9999;Unknown;26.07.2002;14.03.2003; ; ;12;0.738266;5.7;141.1;438;163.399994;591.4;WNW-ESE;22768;46;-9999;-9999;-9999; ; 
192;186;139;tornado;High;GFC;HRI;2002;6;21.06.2002;18.06.2002;26.06.2002; ; ;48;1.036475;8.3;167;497.8;240.199997;743.4;WSW-ENE;26078;37;-9999;-9999;-9999; ;https://ria.ru/20020723/196051.html
193;187;139;tornado;High;GFC;Landsat images;2002;6;21.06.2002;18.06.2002;26.06.2002; ; ;19;0.336907;6.5;94.8;319.8;114.900002;460;WSW-ENE;26078;33;-9999;-9999;-9999; ;https://ria.ru/20020723/196051.html
194;189;140;tornado;Medium;GFC;HRI;2002;7;Unknown;30.06.2002;01.08.2002; ; ;23;0.822034;4.2;268.2;535.2;357;962.4;WNW-ESE;22996;45;-9999;-9999;-9999; ; 
195;190;141;tornado;High;GFC (with Landsat-based clarification);HRI;2002;7;Unknown;30.06.2002;01.08.2002; ; ;20;0.607632;9;126.9;384.6;147.399994;449.8;NW-SE;27185;28;-9999;-9999;-9999; ; 
196;191;141;tornado;High;Delineated manually from Landsat images;HRI;2002;7;Unknown;30.06.2002;01.08.2002; ; ;2;0.186926;1.4;130.4;292.7;130.399994;292.7;NW-SE;27295;18;-9999;-9999;-9999; ; 
197;188;142;squall;High;GFC;Landsat images;2002;7;Unknown;12.07.2002;26.07.2002; ; ;67;0.640718;5.3;155;558.7;711.599976;2671.7;SW-NE;22671;27;-9999;-9999;-9999; ; 
198;198;143;tornado;High;GFC;HRI;2002;9;Unknown;29.08.2002;19.04.2003; ; ;4;0.091855;2.5;89.5;130.6;92.099998;129.4;WNW-ESE;22869;42;-9999;-9999;-9999; ; 
199;201;144;squall;High;GFC;Landsat images;2003;-9999;Unknown;13.03.2003;18.07.2003; ; ;140;5.171692;13.3;406.6;1503.7;1011.099976;2648.3;SSE-NNW;28334;34;-9999;-9999;-9999; ; 
200;200;145;tornado;High;GFC;HRI and eyewitness reports;2003;6;28.06.2003;28.05.2003;15.07.2003;11.35;https://eswd.eu;11;0.086518;2.8;55;117.6;60.099998;117.6;NW-SE;27333;11;-9999;-9999;-9999; ;https://www.newsru.com/russia/29jun2003/tornado.html
201;202;146;tornado;High;GFC;HRI;2003;-9999;Unknown;29.05.2003;18.08.2003; ; ;11;0.151348;2.7;59.8;137.7;60.900002;107.7;SW-NE;26378;24;-9999;-9999;-9999; ; 
202;203;147;tornado;Medium;GFC;Landsat images;2003;8;Unknown;18.07.2003;17.05.2004; ; ;28;2.752801;9.7;345.7;879.4;424.5;971.7;SW-NE;28138;49;-9999;-9999;-9999; ; 
203;234;148;tornado;High;GFC (with Landsat-based clarification);HRI;2005;-9999;Unknown;10.04.2005;17.07.2005; ; ;14;0.944026;6;200;596;247.199997;601.9;S-N;28202;16;-9999;-9999;-9999; ; 
204;220;149;tornado;High;Delineated manually from HRI;HRI;2004;-9999;Unknown;11.06.2004;30.08.2004; ; ;1;0.223946;2.2;91.5;151.7;91.5;142.4;SW-NE;28630;39;-9999;-9999;-9999; ; 
205;233;150;tornado;High;Delineated manually from HRI;HRI;2004;-9999;Unknown;14.07.2004;19.05.2005; ; ;5;0.46959;2.9;152.6;290.3;153;290.3;W-E;-9999;-9999;-9999;-9999;-9999; ; 
206;222;151;tornado;High;Delineated manually from HRI;HRI;2004;-9999;Unknown;12.07.2004;14.09.2004; ; ;3;0.144874;2.1;94.6;216.3;101.900002;160.3;SW-NE;22798;39;-9999;-9999;-9999; ; 
207;218;152;squall;High;GFC (with Landsat-based clarification);HRI;2004;-9999;Unknown;07.05.2004;06.08.2004; ; ;103;1.783829;9.1;208.3;578.8;674.700012;1947.5;SW-NE;27097;31;-9999;-9999;-9999; ; 
208;214;153;squall;High;GFC;HRI;2004;-9999;Unknown;07.05.2004;26.07.2004; ; ;75;0.971818;12.4;123.5;468.5;320.899994;1730.7;S-N;22876;42;-9999;-9999;-9999; ; 
209;211;154;squall;Medium;GFC;HRI;2004;-9999;Unknown;11.06.2004;13.07.2004; ; ;33;0.667682;4.4;175.3;555;251.100006;612.4;NW-SE;22845;26;-9999;-9999;-9999; ; 
210;213;155;tornado;High;GFC;HRI;2004;-9999;Unknown;11.06.2004;13.07.2004; ; ;6;0.19373;1.9;98.2;239.6;102.400002;242.7;WNW-ESE;22845;41;-9999;-9999;-9999; ; 
211;212;155;squall;Medium;GFC;HRI;2004;-9999;Unknown;23.04.2004;13.07.2004; ; ;27;1.395279;3.4;354.6;1657.3;751.200012;2352.4;NW-SE;22845;45;-9999;-9999;-9999; ; 
212;232;156;tornado;High;GFC;HRI;2004;-9999;Unknown;04.08.2004;12.05.2005; ; ;5;0.372755;2.7;142.9;278.7;145.399994;278.7;W-E;-9999;-9999;-9999;-9999;-9999; ; 
213;219;157;squall;High;GFC;HRI;2004;-9999;Unknown;14.06.2004;25.08.2004; ; ;98;1.773236;7.3;312.8;1198.6;1071.599976;3530.4;SW-NE;27344;15;-9999;-9999;-9999; ; 
214;210;158;squall;High;GFC (with Landsat-based clarification);HRI;2004;-9999;Unknown;30.05.2004;10.07.2004; ; ;107;1.407619;11.3;166.1;598.8;1886.099976;5154.7;SE-NW;27259;23;-9999;-9999;-9999; ; 
215;209;159;squall;High;GFC;HRI;2004;-9999;Unknown;18.05.2004;28.06.2004; ; ;63;2.788715;6.1;515.4;977;1083.800049;1904.5;W-E;27498;45;-9999;-9999;-9999; ; 
216;205;160;tornado;Medium;GFC;HRI and newspaper reports;2004;6;01.06.2004;27.04.2004;21.06.2004;12.30 - 14.30;https://eswd.eu;6;0.503702;2.3;213.5;393.2;245.300003;423.5;WSW-ENE;28409;3;-9999;-9999;-9999; ;https://regnum.ru/news/271064.html
217;204;160;tornado;Medium;GFC;HRI and newspaper reports;2004;6;01.06.2004;27.04.2004;21.06.2004;12.30 - 14.30;https://eswd.eu;5;0.15852;2.6;89.4;240.1;92;169.8;SW-NE;28409;3;-9999;-9999;-9999; ;https://regnum.ru/news/271064.html
218;207;161;squall;High;GFC (with Landsat-based clarification);HRI and weather station report;2004;7;17.07.2004;12.07.2004;28.07.2004;15.00 - 18.00;weather station report;532;15.388298;21.9;680.4;2330.4;4321.799805;9773.3;S-N;27385;26;19;18;32;Heavy rainfall 32 mm/12h; 
219;215;162;squall;High;GFC;HRI;2004;7;Unknown;12.07.2004;28.07.2004; ; ;34;0.582818;4.3;162.2;749.8;828.200012;2570.2;S-N;22983;6;-9999;-9999;-9999; ; 
220;217;163;tornado;High;GFC;HRI;2004;7;Unknown;12.07.2004;28.07.2004; ; ;9;0.142436;5.7;64.3;137.7;67.300003;137.7;SW-NE;-9999;-9999;-9999;-9999;-9999; ; 
221;216;163;squall;High;GFC (with Landsat-based clarification);HRI;2004;7;Unknown;12.07.2004;28.07.2004; ; ;286;4.482249;35.6;210;838.9;1471.900024;6931.5;S-N;27174;11;-9999;-9999;-9999; ; 
222;206;164;tornado;High;GFC (with Landsat-based clarification);HRI;2004;7;16.07.2004;12.07.2004;28.07.2004; ; ;62;2.444042;20.5;141.7;455;171.899994;483.4;SW-NE;27373;17;-9999;-9999;-9999; ; 
223;231;165;squall;High;GFC;HRI;2004;8;Unknown;08.08.2004;30.04.2005; ; ;54;0.382849;6.9;104;270.1;327;1413.9;SW-NE;23812;47;-9999;-9999;-9999; ; 
224;228;166;tornado;High;GFC (with Landsat-based clarification);HRI;2004;8;Unknown;23.07.2004;10.04.2005; ; ;11;0.261764;3.7;94.5;223;98.199997;223;WSW-ENE;-9999;-9999;-9999;-9999;-9999; ; 
225;223;167;tornado;High;GFC (with Landsat-based clarification);HRI;2004;8;Unknown;04.08.2004;14.09.2004; ; ;9;0.092356;3.8;73.7;160.7;73.699997;88.8;SW-NE;-9999;-9999;-9999;-9999;-9999; ; 
226;226;168;tornado;High;Delineated manually from HRI;HRI;2004;8;Unknown;29.07.2004;22.05.2005; ; ;15;0.567072;7.8;111.8;308.9;112.900002;198.8;WSW-ENE;-9999;-9999;-9999;-9999;-9999; ; 
227;227;168;tornado;High;Delineated manually from HRI;HRI;2004;8;Unknown;29.07.2004;22.05.2005; ; ;17;0.38009;13.3;111.6;371.1;118.900002;253;WSW-ENE;22563;31;-9999;-9999;-9999; ; 
228;230;169;squall;High;GFC;HRI;2004;8;Unknown;04.08.2004;15.04.2005; ; ;27;0.338966;12;89.2;261.8;118.800003;372.5;SW-NE;27066;42;-9999;-9999;-9999; ; 
229;225;170;tornado;High;GFC (with Landsat-based clarification);HRI;2004;8;Unknown;03.08.2004;28.03.2005; ; ;130;4.481173;42.4;178.5;593.7;234.600006;1032.4;SW-NE;22829;44;-9999;-9999;-9999; ; 
230;224;170;tornado;High;GFC;HRI;2004;8;Unknown;03.08.2004;28.03.2005; ; ;34;1.214487;15;170.7;421.2;217.800003;605.5;SW-NE;-9999;-9999;-9999;-9999;-9999; ; 
231;221;171;tornado;High;GFC;HRI;2004;8;Unknown;16.08.2004;01.09.2004; ; ;7;0.082443;3.1;85.1;182;86.699997;228.6;SW-NE;-9999;-9999;-9999;-9999;-9999; ; 
232;229;172;tornado;High;GFC;HRI;2004;8;Unknown;10.08.2004;14.04.2005; ; ;4;0.251069;2.1;119.8;211.3;133.100006;237.7;SW-NE;-9999;-9999;-9999;-9999;-9999; ; 
233;208;173;squall;High;GFC;HRI;2004;8;24.08.2004;09.07.2004;09.05.2005; ; ;36;0.421378;4.3;131.4;393.1;402.399994;1598.4;WSW-ENE;23914;22;-9999;-9999;-9999; ; 
234;243;174;tornado;High;GFC;HRI;2005;-9999;Unknown;02.09.2004;11.08.2005; ; ;16;0.621258;5.3;131.2;366.4;154.5;415.9;SSW-NNE;28402;28;-9999;-9999;-9999; ; 
242;238;175;tornado;High;Delineated manually from HRI;HRI;2005;6;Unknown;25.05.2005;08.06.2005; ; ;15;0.595081;5.8;135.3;335.8;154.800003;341.7;SW-NE;-9999;-9999;-9999;-9999;-9999; ; 
235;245;176;tornado;High;GFC;HRI;2006;-9999;Unknown;13.05.2006;14.06.2006; ; ;11;0.185401;2.8;79.2;237.8;91.599998;200.1;SSW-NNE;-9999;-9999;-9999;-9999;-9999; ; 
236;244;177;tornado;High;GFC (with Landsat-based clarification);HRI;2005;-9999;Unknown;16.07.2005;30.04.2006; ; ;22;0.335011;12.1;70.3;146.3;70.599998;143.3;W-E;22939;12;-9999;-9999;-9999; ; 
237;240;178;tornado;High;GFC;HRI;2005;-9999;Unknown;15.09.2004;23.06.2005; ; ;47;2.294154;15.1;226.1;883.3;299.200012;1108.1;SSW-NNE;27106;37;-9999;-9999;-9999; ; 
238;239;179;tornado;High;GFC;HRI;2005;-9999;Unknown;28.05.2005;20.06.2005; ; ;6;0.332505;2.9;136.4;345.6;146.300003;316.2;SW-NE;26381;26;-9999;-9999;-9999; ; 
239;242;180;tornado;High;GFC;HRI;2005;-9999;Unknown;30.04.2005;19.07.2005; ; ;10;0.30306;3.4;117.4;313;135.800003;434.3;SSE-NNW;-9999;-9999;-9999;-9999;-9999; ; 
240;237;181;tornado;High;GFC;HRI;2005;5;Unknown;10.04.2005;28.05.2005; ; ;11;0.674132;7.9;181.7;350.2;195.600006;379.4;S-N;-9999;-9999;-9999;-9999;-9999; ; 
241;241;182;squall;High;GFC;HRI;2005;6;Unknown;11.05.2005;28.06.2005; ; ;54;0.786845;7.2;165.2;763;372.899994;1782.1;WSW-ENE;23913;42;-9999;-9999;-9999; ; 
243;235;183;tornado;High;GFC;HRI;2005;6;04.06.2005;08.08.2004;15.06.2005; ; ;5;0.07529;2.2;79.9;190;88.599998;181.9;SSW-NNE;23905;50;-9999;-9999;-9999; ; 
244;236;183;tornado;High;Delineated manually from HRI;HRI;2005;6;04.06.2005;08.08.2004;15.06.2005; ; ;19;2.186239;16.7;185.5;539.2;189.5;539.2;SSW-NNE;-9999;-9999;-9999;-9999;-9999; ; 
254;256;184;tornado;High;GFC;HRI;2006;-9999;Unknown;27.08.2005;19.06.2006; ; ;6;0.14859;5.1;85.2;185.1;87.300003;158.7;SW-NE;23909;38;-9999;-9999;-9999; ; 
245;264;185;squall;High;GFC (with Landsat-based clarification);HRI;2006;-9999;Unknown;12.07.2006;21.08.2006; ; ;197;2.120063;11;233.6;846;1471.599976;2903.5;S-N;-9999;-9999;-9999;-9999;-9999; ; 
246;265;185;squall;High;GFC;HRI;2006;-9999;Unknown;12.07.2006;21.08.2006; ; ;47;0.564215;4.5;159.3;510.1;785.599976;1748;SSE-NNW;-9999;-9999;-9999;-9999;-9999; ; 
258;249;186;tornado;High;Delineated manually from HRI;HRI;2006;6;Unknown;30.09.2005;12.06.2006; ; ;16;1.056073;14.1;107.4;384.5;109.099998;318.6;SW-NE;-9999;-9999;-9999;-9999;-9999; ; 
259;258;186;tornado;High;Delineated manually from HRI;HRI;2006;6;Unknown;30.09.2005;20.06.2006; ; ;2;0.253423;2.6;127.3;285.2;133.899994;285.2;SW-NE;-9999;-9999;-9999;-9999;-9999; ; 
247;262;187;squall;High;GFC (with Landsat-based clarification);HRI;2006;-9999;Unknown;27.06.2006;12.07.2006; ; ;165;2.188643;27.4;175.8;1045.7;652.400024;2780.5;SW-NE;22559;30;-9999;-9999;-9999; ; 
248;251;188;tornado;High;GFC;HRI;2006;-9999;Unknown;13.05.2006;14.06.2006; ; ;6;0.055692;2.7;36.1;102.7;37.5;102.7;S-N;-9999;-9999;-9999;-9999;-9999; ; 
249;252;189;tornado;High;GFC;HRI;2006;-9999;Unknown;13.05.2006;14.06.2006; ; ;18;0.156564;8.5;55.7;147.8;58.099998;119.3;SSW-NNE;-9999;-9999;-9999;-9999;-9999; ; 
250;253;189;tornado;High;GFC;HRI;2006;-9999;Unknown;13.05.2006;14.06.2006; ; ;1;0.21628;1.3;169;253.9;171.800003;216.8;SW-NE;-9999;-9999;-9999;-9999;-9999; ; 
260;254;189;tornado;High;Delineated manually from HRI;HRI;2006;6;Unknown;13.05.2006;14.06.2006; ; ;9;0.090615;6.9;54.8;91.9;57;91.9;SW-NE;22798;49;-9999;-9999;-9999; ; 
251;269;190;squall;High;GFC;HRI;2006;-9999;Unknown;14.08.2006;09.07.2007; ; ;25;0.523413;5.5;170.1;518.9;431.100006;1787.6;SE-NW;-9999;-9999;-9999;-9999;-9999; ; 
252;255;191;tornado;High;GFC;HRI;2006;-9999;Unknown;30.04.2006;18.06.2006; ; ;7;0.286132;5.3;88;235.6;93.5;252.9;SSE-NNW;22954;48;-9999;-9999;-9999; ; 
253;268;192;tornado;High;GFC;HRI;2006;-9999;Unknown;02.08.2006;21.10.2006; ; ;6;0.099453;1.5;74.5;110;76;122.8;SSW-NNE;-9999;-9999;-9999;-9999;-9999; ; 
255;267;193;tornado;High;Delineated manually from HRI;HRI;2006;-9999;Unknown;20.08.2006;20.09.2006; ; ;15;0.880541;10.6;140.9;290.9;142.800003;235.2;WNW-ESE;27108;30;-9999;-9999;-9999; ; 
264;247;194;squall;High;GFC (with Landsat-based clarification);HRI;2006;6;05.06.2006;30.05.2006;16.06.2006; ; ;253;8.605539;31.3;351.4;1382.7;981.799988;3714.8;S-N;26389;19;-9999;-9999;35;Heavy rainfall (35 mm/12h); 
256;261;195;tornado;High;GFC;HRI;2006;-9999;Unknown;06.05.2006;22.06.2006; ; ;17;0.258356;6.2;107.9;299.7;120.199997;299.7;SSE-NNW;26585;17;-9999;-9999;-9999; ; 
257;257;196;tornado;High;GFC;HRI;2006;6;Unknown;27.08.2005;19.06.2006; ; ;2;0.141119;1.8;92.2;207.7;96.5;129.1;SSW-NNE;23803;15;-9999;-9999;-9999; ; 
261;250;197;tornado;High;GFC;HRI;2006;6;Unknown;02.05.2006;13.06.2006; ; ;57;2.43279;20.2;174;546.8;216.899994;742.1;SW-NE;22869;29;-9999;-9999;-9999; ; 
262;259;198;tornado;High;GFC;HRI;2006;6;Unknown;27.08.2005;20.06.2006; ; ;8;0.319454;2.5;152.5;303.7;175.300003;284.1;SW-NE;-9999;-9999;-9999;-9999;-9999; ; 
263;260;199;tornado;High;GFC;HRI;2006;6;Unknown;26.07.2005;20.06.2006; ; ;16;0.919756;5;203.8;568.7;228.5;469.2;SSW-NNE;23909;21;-9999;-9999;-9999; ; 
265;246;200;squall;High;GFC (with Landsat-based clarification);HRI;2006;6;05.06.2006;02.06.2006;10.06.2006;15.00 - 18.00;weather station report;312;3.961419;38.2;166.3;879.3;2533.699951;9756.6;SSW-NNE;27707;43;17;18;-9999; ; 
266;263;201;tornado;High;GFC;HRI;2006;7;Unknown;10.07.2006;10.08.2006; ; ;14;0.260988;5.5;83.2;165.8;84;141.8;S-N;23405;45;-9999;-9999;-9999; ; 
267;248;202;squall;High;GFC (with Landsat-based clarification);HRI;2006;7;18.07.2006;10.07.2006;26.07.2006;16.35 - 16.40;weather station report;267;12.479228;17.1;841.6;2503.5;2833.5;5736.2;S-N;27097;13;25;17;-9999; ; 
268;266;203;tornado;High;Delineated manually from HRI;HRI;2006;8;Unknown;26.06.2006;19.09.2006; ; ;4;1.19414;6.8;228.4;425;237.899994;425;S-N;-9999;-9999;-9999;-9999;-9999; ; 
269;298;204;squall;High;GFC;HRI;2007;-9999;Unknown;20.08.2006;27.07.2007; ; ;28;0.26616;5.3;82.7;257.9;136.5;844.5;SW-NE;-9999;-9999;-9999;-9999;-9999; ; 
270;301;205;squall;High;GFC;HRI;2007;-9999;Unknown;09.07.2007;19.08.2007; ; ;74;1.156561;11.2;182.9;696.1;438.899994;1445.3;ESE-WNW;-9999;-9999;-9999;-9999;-9999; ; 
271;302;206;squall;High;GFC;HRI;2007;-9999;Unknown;13.07.2007;20.08.2007; ; ;78;0.815154;11.7;138.9;689.2;524.400024;4436.1;WNW-ESE;22695;23;-9999;-9999;-9999; ; 
272;296;207;squall;High;GFC;HRI;2007;-9999;Unknown;20.05.2007;24.07.2007; ; ;140;2.661141;10.8;329.2;808.4;1223;2586.7;WNW-ESE;22762;45;-9999;-9999;-9999; ; 
273;300;208;tornado;High;GFC;HRI;2007;-9999;Unknown;24.08.2006;12.08.2007; ; ;4;0.100334;3.2;71.9;121.2;76.599998;121.2;WSW-ENE;-9999;-9999;-9999;-9999;-9999; ; 
287;288;208;tornado;High;GFC;HRI;2007;6;Unknown;24.08.2006;18.06.2007; ; ;18;0.396563;9.5;113.9;263.3;122.099998;321.7;WSW-ENE;-9999;-9999;-9999;-9999;-9999; ; 
274;293;209;tornado;High;GFC;HRI;2007;-9999;Unknown;26.09.2006;11.07.2007; ; ;19;0.161853;10.6;52.3;115.5;54.700001;104.2;WNW-ESE;22778;24;-9999;-9999;-9999; ; 
275;299;210;tornado;High;GFC;HRI;2007;-9999;Unknown;14.06.2007;01.08.2007; ; ;23;0.778216;8.5;139.6;439.2;153.899994;439.2;W-E;22768;47;-9999;-9999;-9999; ; 
281;275;211;squall;High;GFC;Landsat images and weather station report;2007;5;31.05.2007;21.10.2006;02.06.2007;09.00 - 12.00;weather station report;169;3.557085;15.4;277.2;928.6;1387.400024;4756;WNW-ESE;22983;16;20;12;-9999; ; 
276;270;212;tornado;High;GFC;HRI;2006;-9999;Unknown;08.08.2006;23.08.2006; ; ;12;0.218039;8.9;74.7;152.5;77.5;160.3;S-N;27157;29;-9999;-9999;-9999; ; 
277;303;213;tornado;High;GFC;HRI;2007;-9999;Unknown;12.06.2007;22.08.2007; ; ;21;0.591835;4.2;146.1;580.1;263.700012;689.2;SSW-NNE;27208;45;-9999;-9999;-9999; ; 
278;304;214;squall;Medium;GFC;HRI;2007;-9999;Unknown;22.07.2007;22.08.2007; ; ;30;0.769823;9.1;132;343.6;955.5;4043.9;WSW-ENE;26882;20;-9999;-9999;-9999; ; 
279;297;215;squall;High;GFC;HRI;2007;-9999;Unknown;14.06.2007;24.07.2007; ; ;68;0.970895;10.9;135;595.7;306.299988;1130.4;S-N;27235;23;-9999;-9999;-9999; ; 
282;271;216;tornado;High;GFC (with Landsat-based clarification);HRI and newspaper reports;2007;5;12.05.2007;31.03.2007;19.05.2007;09.00 - 12.00;https://regnum.ru/news/826646.html;24;0.399501;12.5;81.4;191.9;90.599998;198.7;W-E;27666;19;-9999;-9999;-9999; ;https://regnum.ru/news/826646.html
283;272;216;tornado;High;GFC (with Landsat-based clarification);HRI and newspaper reports;2007;5;12.05.2007;11.05.2007;19.05.2007;09.00 - 12.00;https://regnum.ru/news/826646.html;43;2.468575;11.6;231;775.6;315.799988;1094.2;W-E;27679;18;-9999;-9999;-9999; ;https://regnum.ru/news/826646.html
284;274;217;squall;High;GFC (with Landsat-based clarification);Landsat images and newspaper reports;2007;5;29.05.2007;27.05.2007;03.06.2007;12.00 - 15.00;weather station report;519;21.067993;17.1;1194.2;3068.9;6984.600098;11455;SE-NW;26997;84;19;15;-9999; ;http://docs.cntd.ru/document/974011083
285;280;218;tornado;High;Delineated manually from HRI;HRI;2007;6;23.06.2007;26.08.2006;02.07.2007; ; ;10;0.350518;7.1;98;293;98;236.6;SE-NW;23518;43;-9999;-9999;-9999; ; 
286;279;219;tornado;High;Delineated manually from HRI;HRI;2007;6;23.06.2007;24.05.2007;04.08.2007; ; ;20;0.751704;9.9;100.2;259;105.300003;259;SE-NW;-9999;-9999;-9999;-9999;-9999; ; 
288;277;220;squall;High;GFC;HRI;2007;6;15.06.2007;04.06.2007;28.06.2007; ; ;71;1.656309;6.6;256.8;702.4;853.400024;2863.9;W-E;23904;29;17;-9999;-9999; ; 
289;276;221;squall;High;GFC (with Landsat-based clarification);Landsat images and weather station report;2007;6;01.06.2007;01.06.2007;02.06.2007;11.00 - 12.00;weather station and media reports;608;22.477984;48.8;753.7;3063.6;2730.899902;11112;WNW-ESE;28621;2;30;12;-9999; ;http://www.bashinform.ru/m/news/150733-iz-za-uragana-pronesshegosya-nad-bashkortostanom-1-iyunya-v-birske-pogib-odin-chelovek-postradalo-28/
290;291;222;tornado;High;GFC;HRI;2007;6;Unknown;09.05.2007;03.07.2007; ; ;7;0.093177;2.2;49.4;117.5;51.400002;117.5;WSW-ENE;-9999;-9999;-9999;-9999;-9999; ; 
291;292;223;tornado;High;GFC;HRI;2007;6;Unknown;30.03.2007;08.07.2007; ; ;5;0.189378;2.5;93.3;191.4;94.599998;129.7;W-E;28009;42;-9999;-9999;-9999; ; 
292;289;224;tornado;High;Delineated manually from HRI;HRI;2007;6;Unknown;05.06.2007;28.06.2007; ; ;19;0.5843;7.2;122.8;311.6;141.399994;486.8;WNW-ESE;-9999;-9999;-9999;-9999;-9999; ; 
293;290;225;tornado;High;Delineated manually from HRI;HRI;2007;6;Unknown;15.05.2007;02.07.2007; ; ;12;0.28127;5.9;73.9;169.4;77.900002;169.4;S-N;-9999;-9999;-9999;-9999;-9999; ; 
294;278;226;tornado;High;Delineated manually from HRI;HRI and weather station report;2007;6;15.06.2007;11.06.2007;28.06.2007;12.00 - 15.00;weather station report;38;1.342855;15.2;131.5;381.4;146;317.5;WSW-ENE;22996;24;34;15;-9999; ;https://komionline.ru/news/4779
280;273;227;squall;High;GFC (with Landsat-based clarification);Landsat images and weather station report;2007;5;29.05.2007;29.05.2007;14.06.2007;09.00 - 12.00;weather station report;624;10.13503;58.4;271.7;1598.1;2055.399902;10771.1;W-E;22939;77;19;12;-9999; ; 
295;281;228;squall;High;GFC (with Landsat-based clarification);Landsat images and weather station report;2007;6;29.06.2007;26.06.2007;04.07.2007;15.00 - 18.00;weather station report;150;3.397903;48.9;171.8;772.1;471.5;4808.5;SW-NE;27848;7;18;18;28; ; 
296;294;229;squall;High;GFC;HRI;2007;7;Unknown;09.07.2007;18.07.2007; ; ;168;2.022641;16.1;180.5;788.5;614;2187.7;SE-NW;-9999;-9999;-9999;-9999;-9999; ; 
297;295;230;tornado;High;GFC;HRI;2007;7;Unknown;02.07.2007;18.07.2007; ; ;4;0.146673;3.2;97.8;214.7;101;122.7;SW-NE;-9999;-9999;-9999;-9999;-9999; ; 
298;282;231;squall;High;Landsat (NDII-based delineation);Landsat images and weather station report;2007;7;08.07.2007;30.06.2007;24.07.2007;15.00 - 16.00;weather station report;198;3.221277;19.4;265.7;904;1142.300049;4052.1;SSE-NNW;28704;14;25;18;-9999; ;https://www.1tv.ru/news/2007-07-09/204315-v_tatarstane_ustranyayut_posledstviya_silnogo_uragana
299;283;231;squall;High;GFC (with Landsat-based clarification);Landsat images and weather station report;2007;7;08.07.2007;08.07.2007;15.07.2007;16.00 - 17.00;weather station report;155;1.888455;24.9;162.2;596.1;773.099976;4017.5;SE-NW;27595;19;30;18;-9999; ;https://www.1tv.ru/news/2007-07-09/204315-v_tatarstane_ustranyayut_posledstviya_silnogo_uragana
300;284;232;tornado;High;Delineated manually from HRI;HRI;2007;7;12.07.2007;05.07.2007;20.07.2007; ; ;43;2.790618;36.2;201.6;1034.2;257;1310;S-N;26781;23;-9999;-9999;-9999; ; 
301;285;232;tornado;Medium;GFC (with Landsat-based clarification);HRI;2007;7;12.07.2007;05.07.2007;20.07.2007; ; ;106;6.279712;14.1;556.5;1389.1;1223.300049;3134;S-N;26672;4;-9999;-9999;-9999; ; 
302;286;232;squall;High;GFC;HRI;2007;7;12.07.2007;05.07.2007;20.07.2007; ; ;16;0.310143;4.2;97.8;440.5;185.800003;661.8;S-N;26672;12;-9999;-9999;-9999; ; 
303;305;233;tornado;High;GFC;HRI;2007;8;Unknown;19.08.2007;20.09.2007; ; ;6;0.195914;3.2;88.8;176;88.800003;163.2;SW-NE;-9999;-9999;-9999;-9999;-9999; ; 
304;287;234;tornado;Medium;Delineated manually from HRI;HRI;2007;9;10.09.2007;04.09.2007;20.09.2007;12.00 - 15.00;weather station report;10;1.044486;4.9;207.3;564.9;215.899994;585.4;SW-NE;28413;13;-9999;-9999;-9999; ;http://accidentbase.maps.psu.ru/accidentinfo.php?id=1442
305;326;235;tornado;High;GFC;HRI;2008;-9999;Unknown;23.07.2008;01.06.2009; ; ;4;0.238604;2.4;128.5;255.8;130.899994;255.8;SSW-NNE;27281;37;-9999;-9999;-9999; ; 
306;330;236;squall;High;GFC;HRI;2008;-9999;Unknown;10.07.2008;27.06.2009; ; ;25;0.759469;2.8;375.8;1096.6;783.700012;1295.6;W-E;22762;37;-9999;-9999;-9999; ; 
307;324;236;squall;High;GFC;HRI;2008;-9999;Unknown;03.07.2008;28.05.2009; ; ;34;0.565188;8.7;154.2;526.3;376.899994;2010;WNW-ESE;-9999;-9999;-9999;-9999;-9999; ; 
323;315;236;squall;High;GFC (with Landsat-based clarification);HRI;2008;7;Unknown;10.07.2008;04.08.2008; ; ;701;11.272985;63.9;276.6;1901.8;1042.599976;4696.8;W-E;22762;41;-9999;-9999;-9999; ; 
308;320;237;tornado;High;GFC (with Landsat-based clarification);HRI;2008;-9999;Unknown;15.08.2008;30.09.2008; ; ;29;0.894808;31.1;149.7;425.9;181.399994;533.9;WNW-ESE;27174;4;-9999;-9999;-9999; ; 
310;319;237;tornado;High;GFC;HRI;2008;-9999;Unknown;13.08.2008;30.09.2008; ; ;15;0.339599;7.4;122;334.9;145.800003;372.1;W-E;27174;19;-9999;-9999;-9999; ; 
309;321;238;tornado;High;GFC (with Landsat-based clarification);HRI;2008;-9999;Unknown;19.06.2008;05.05.2009; ; ;25;1.108618;15.3;108.2;340.4;121.199997;340.4;WNW-ESE;27164;11;-9999;-9999;-9999; ; 
311;311;239;squall;High;GFC;HRI;2008;-9999;Unknown;20.05.2008;12.06.2008; ; ;13;0.784292;4;215.9;437.1;304.5;645.9;W-E;-9999;-9999;-9999;-9999;-9999; ; 
312;314;240;tornado;High;GFC;HRI;2008;-9999;Unknown;21.06.2008;23.07.2008; ; ;14;0.527522;6.6;109.3;298.4;131.699997;298.4;S-N;-9999;18;-9999;-9999;-9999; ; 
313;318;241;tornado;Medium;GFC;HRI;2008;-9999;Unknown;04.07.2008;22.09.2008; ; ;28;0.575944;12.8;98.3;286.3;123.800003;421.2;SW-NE;26078;28;-9999;-9999;-9999; ; 
314;316;242;tornado;High;GFC;HRI;2008;-9999;Unknown;12.07.2008;06.08.2008; ; ;13;0.340934;2.9;117.6;350.6;141;306.8;SSW-NNE;26080;37;-9999;-9999;-9999; ; 
315;322;243;tornado;Medium;GFC;HRI;2008;-9999;Unknown;18.07.2008;11.05.2009; ; ;5;0.177672;1.8;103.5;202.2;104.599998;187.7;WSW-ENE;28016;17;-9999;-9999;-9999; ; 
316;312;244;squall;High;GFC;HRI;2008;-9999;Unknown;13.05.2008;18.07.2008; ; ;63;1.326669;10.6;212.6;616.5;426.399994;1748.5;SSE-NNW;23905;41;-9999;-9999;-9999; ; 
317;309;245;squall;High;GFC (with Landsat-based clarification);HRI;2008;6;26.06.2008;02.05.2008;21.07.2008; ; ;90;1.471578;9.1;193.6;745.5;540.200012;2154.1;SSE-NNW;-9999;-9999;-9999;-9999;-9999; ; 
318;308;246;tornado;High;GFC (with Landsat-based clarification);HRI;2008;6;26.06.2008;27.05.2008;21.07.2008; ; ;206;14.627769;23;655.8;1813.1;1137;2732.3;SSE-NNW;22876;44;-9999;-9999;-9999; ;http://arhenergo.mrsksevzap.ru/cs/Satellite?c=Page&cid=1384338432456&d=Touch&feed=1384337281021&news=1384339189888&pagename=f_Arhenergo%2FPage%2FAffiliateDetail&style=print
319;307;246;squall;Medium;GFC (with Landsat-based clarification);HRI;2008;6;26.06.2008;27.05.2008;14.07.2008; ; ;51;11.44112;11;998.6;2068;1429.699951;2927.6;SSE-NNW;22876;22;-9999;-9999;-9999; ;http://arhenergo.mrsksevzap.ru/cs/Satellite?c=Page&cid=1384338432456&d=Touch&feed=1384337281021&news=1384339189888&pagename=f_Arhenergo%2FPage%2FAffiliateDetail&style=print
320;306;247;tornado;High;GFC;HRI;2008;6;26.06.2008;27.05.2008;14.07.2008; ; ;17;1.218291;7.9;186.1;569.5;208.899994;578.5;SSE-NNW;22981;19;-9999;-9999;-9999; ; 
321;317;248;tornado;High;GFC;HRI;2008;7;Unknown;25.06.2008;12.08.2008; ; ;12;0.414792;7.6;99.9;265.4;111.400002;243.3;SW-NE;28309;27;-9999;-9999;-9999; ; 
322;313;249;squall;High;GFC;HRI;2008;7;Unknown;02.07.2008;18.07.2008; ; ;58;1.976701;10;221.4;822.7;396.399994;1625.2;S-N;26157;30;-9999;-9999;-9999; ; 
324;328;250;tornado;High;GFC;HRI;2008;8;Unknown;21.06.2008;25.06.2009; ; ;10;0.184804;3.1;105.9;197.9;107.400002;254.4;W-E;-9999;-9999;-9999;-9999;-9999; ; 
325;329;250;tornado;High;GFC (with Landsat-based clarification);HRI;2008;8;Unknown;23.07.2008;23.02.2009; ; ;27;1.149635;19.3;130.8;503.5;135;503.5;WNW-ESE;22996;14;-9999;-9999;-9999; ; 
326;327;250;tornado;High;GFC (with Landsat-based clarification);HRI;2008;8;Unknown;15.08.2008;15.06.2009; ; ;15;0.425861;8.3;96.6;323;102.900002;247.4;WNW-ESE;22983;33;-9999;-9999;-9999; ; 
327;325;251;squall;High;GFC (with Landsat-based clarification);HRI;2008;8;Unknown;15.08.2008;30.05.2009; ; ;155;3.501953;15.9;238.2;724.6;573.700012;2117.9;W-E;27281;21;-9999;-9999;-9999; ; 
328;323;252;tornado;Medium;GFC;HRI;2008;8;Unknown;15.08.2008;23.05.2009; ; ;8;0.189352;4.4;105.3;348.5;108.900002;352.1;W-E;22983;23;-9999;-9999;-9999; ; 
329;310;253;tornado;High;GFC;HRI and eyewitness reports;2008;8;30.08.2008;22.07.2008;29.05.2009;Approximately 12.00;Eye-witness report;11;0.884277;4.7;189.8;344.7;209.600006;371.3;WSW-ENE;28222;28;-9999;-9999;-9999; ;http://t7-inform.ru/s/videonews/20080903123500
330;375;254;tornado;High;GFC;HRI;2009;-9999;Unknown;18.07.2008;11.06.2009; ; ;13;0.168708;4.9;69.2;139;75.199997;139;SSW-NNE;-9999;-9999;-9999;-9999;-9999; ; 
340;349;255;tornado;High;GFC;HRI;2009;6;07.06.2009;18.05.2009;20.06.2009;12.00 - 13.00;http://accident.perm.ru/index.php/monitoring/otchety-ob-opasnykh-yavleniyakh-pogody/1271-20090607-tornadoes;10;0.39487;7.1;142;309.8;172.5;521.9;SSW-NNE;-9999;-9999;-9999;-9999;-9999; ;http://accident.perm.ru/index.php/monitoring/otchety-ob-opasnykh-yavleniyakh-pogody/1271-20090607-tornadoes
342;351;255;tornado;High;GFC;HRI;2009;6;07.06.2009;18.05.2009;13.07.2009;12.00 - 13.00;http://accident.perm.ru/index.php/monitoring/otchety-ob-opasnykh-yavleniyakh-pogody/1271-20090607-tornadoes;40;0.461775;21;74.5;326.2;87.900002;507.3;SSW-NNE;-9999;-9999;-9999;-9999;-9999; ;http://accident.perm.ru/index.php/monitoring/otchety-ob-opasnykh-yavleniyakh-pogody/1271-20090607-tornadoes
358;350;255;tornado;High;Delineated manually from HRI;HRI;2009;6;07.06.2009;18.05.2009;13.06.2009;12.00 - 13.00;http://accident.perm.ru/index.php/monitoring/otchety-ob-opasnykh-yavleniyakh-pogody/1271-20090607-tornadoes;41;3.743408;21.6;245.7;728.5;281.399994;728.5;SSW-NNE;-9999;-9999;-9999;-9999;-9999; ;http://accident.perm.ru/index.php/monitoring/otchety-ob-opasnykh-yavleniyakh-pogody/1271-20090607-tornadoes
359;348;255;tornado;High;Delineated manually from HRI;HRI;2009;6;07.06.2009;18.05.2009;20.06.2009;12.00 - 13.00;http://accident.perm.ru/index.php/monitoring/otchety-ob-opasnykh-yavleniyakh-pogody/1271-20090607-tornadoes;14;4.22927;16.8;266.2;731.2;279.600006;731.2;SSW-NNE;-9999;-9999;-9999;-9999;-9999; ;http://accident.perm.ru/index.php/monitoring/otchety-ob-opasnykh-yavleniyakh-pogody/1271-20090607-tornadoes
360;352;255;tornado;High;Delineated manually from HRI;HRI;2009;6;07.06.2009;18.05.2009;13.06.2009;12.00 - 13.00;http://accident.perm.ru/index.php/monitoring/otchety-ob-opasnykh-yavleniyakh-pogody/1271-20090607-tornadoes;26;1.537493;11.2;170.8;607.3;236;723;SSW-NNE;-9999;-9999;-9999;-9999;-9999; ;http://accident.perm.ru/index.php/monitoring/otchety-ob-opasnykh-yavleniyakh-pogody/1271-20090607-tornadoes
373;343;255;squall;High;GFC;HRI;2009;6;07.06.2009;18.05.2009;13.07.2009;11.00 - 12.00;http://accident.perm.ru/index.php/monitoring/otchety-ob-opasnykh-yavleniyakh-pogody/1271-20090607-tornadoes;17;0.280107;3.5;88.4;291;228.899994;1523.6;SSW-NNE;23909;31;-9999;-9999;-9999; ;http://accident.perm.ru/index.php/monitoring/otchety-ob-opasnykh-yavleniyakh-pogody/1271-20090607-tornadoes
377;333;255;tornado;High;GFC;HRI;2009;6;07.06.2009;27.05.2009;20.06.2009;09.30 - 10.00;http://accident.perm.ru/index.php/monitoring/otchety-ob-opasnykh-yavleniyakh-pogody/1271-20090607-tornadoes;94;2.545852;18.7;152.5;494.4;271.799988;1157.8;SSW-NNE;28016;48;-9999;-9999;-9999; ;http://accident.perm.ru/index.php/monitoring/otchety-ob-opasnykh-yavleniyakh-pogody/1271-20090607-tornadoes
378;336;255;tornado;High;GFC;HRI;2009;6;07.06.2009;27.05.2009;27.06.2009;10.00 - 11.00;http://accident.perm.ru/index.php/monitoring/otchety-ob-opasnykh-yavleniyakh-pogody/1271-20090607-tornadoes;6;0.162494;2.4;84.7;254.5;92.300003;187.5;SSW-NNE;23909;38;-9999;-9999;-9999; ;http://accident.perm.ru/index.php/monitoring/otchety-ob-opasnykh-yavleniyakh-pogody/1271-20090607-tornadoes
379;337;255;tornado;High;GFC (with Landsat-based clarification);HRI;2009;6;07.06.2009;27.05.2009;20.06.2009;11.00 - 12.00;http://accident.perm.ru/index.php/monitoring/otchety-ob-opasnykh-yavleniyakh-pogody/1271-20090607-tornadoes;57;1.995206;17.8;147.6;500.5;202;786.4;SW-NE;23909;8;-9999;-9999;-9999; ;http://accident.perm.ru/index.php/monitoring/otchety-ob-opasnykh-yavleniyakh-pogody/1271-20090607-tornadoes
380;338;255;tornado;High;GFC (with Landsat-based clarification);HRI;2009;6;07.06.2009;18.05.2009;27.06.2009;11.00 - 12.00;http://accident.perm.ru/index.php/monitoring/otchety-ob-opasnykh-yavleniyakh-pogody/1271-20090607-tornadoes;73;4.599105;15.4;322.6;874.4;493.899994;1167.5;SW-NE;23909;8;-9999;-9999;-9999; ;http://accident.perm.ru/index.php/monitoring/otchety-ob-opasnykh-yavleniyakh-pogody/1271-20090607-tornadoes
381;341;255;tornado;High;GFC (with Landsat-based clarification);HRI;2009;6;07.06.2009;18.05.2009;27.06.2009;11.00 - 12.00;http://accident.perm.ru/index.php/monitoring/otchety-ob-opasnykh-yavleniyakh-pogody/1271-20090607-tornadoes;22;0.90752;5.2;189.5;457.5;237.300003;687.8;SW-NE;23909;25;-9999;-9999;-9999; ;http://accident.perm.ru/index.php/monitoring/otchety-ob-opasnykh-yavleniyakh-pogody/1271-20090607-tornadoes
382;339;255;tornado;High;GFC (with Landsat-based clarification);HRI;2009;6;07.06.2009;11.05.2009;14.07.2009;11.00 - 12.00;http://accident.perm.ru/index.php/monitoring/otchety-ob-opasnykh-yavleniyakh-pogody/1271-20090607-tornadoes;11;0.69439;2.6;288.5;461.1;376;715.2;SSE-NNW;23909;13;-9999;-9999;-9999; ;http://accident.perm.ru/index.php/monitoring/otchety-ob-opasnykh-yavleniyakh-pogody/1271-20090607-tornadoes
383;340;255;tornado;High;GFC (with Landsat-based clarification);HRI;2009;6;07.06.2009;18.05.2009;14.07.2009;11.00 - 12.00;http://accident.perm.ru/index.php/monitoring/otchety-ob-opasnykh-yavleniyakh-pogody/1271-20090607-tornadoes;114;3.877853;14.8;294;1007.4;613.799988;1862.7;SSW-NNE;23909;14;-9999;-9999;-9999; ;http://accident.perm.ru/index.php/monitoring/otchety-ob-opasnykh-yavleniyakh-pogody/1271-20090607-tornadoes
384;345;255;tornado;High;GFC (with Landsat-based clarification);HRI;2009;6;07.06.2009;18.05.2009;20.06.2009;11.00 - 12.00;http://accident.perm.ru/index.php/monitoring/otchety-ob-opasnykh-yavleniyakh-pogody/1271-20090607-tornadoes;11;1.312615;10.8;180.6;343.1;187.300003;354.2;S-N;23909;27;-9999;-9999;-9999; ;http://accident.perm.ru/index.php/monitoring/otchety-ob-opasnykh-yavleniyakh-pogody/1271-20090607-tornadoes
385;342;255;tornado;Medium;GFC;HRI;2009;6;07.06.2009;18.05.2009;14.07.2009;11.00 - 12.00;http://accident.perm.ru/index.php/monitoring/otchety-ob-opasnykh-yavleniyakh-pogody/1271-20090607-tornadoes;7;0.163849;2.2;86;158.3;102.300003;211;WSW-ENE;23909;28;-9999;-9999;-9999; ;http://accident.perm.ru/index.php/monitoring/otchety-ob-opasnykh-yavleniyakh-pogody/1271-20090607-tornadoes
386;346;255;tornado;High;GFC;HRI;2009;6;07.06.2009;18.05.2009;14.07.2009;12.00 - 13.00;http://accident.perm.ru/index.php/monitoring/otchety-ob-opasnykh-yavleniyakh-pogody/1271-20090607-tornadoes;17;0.287616;6.5;83;275;98.199997;279.5;SSW-NNE;23909;42;-9999;-9999;-9999; ;http://accident.perm.ru/index.php/monitoring/otchety-ob-opasnykh-yavleniyakh-pogody/1271-20090607-tornadoes
387;334;255;squall;High;GFC;HRI;2009;6;07.06.2009;27.05.2009;20.06.2009;09.30 - 10.00;http://accident.perm.ru/index.php/monitoring/otchety-ob-opasnykh-yavleniyakh-pogody/1271-20090607-tornadoes;28;0.30364;4.7;105.5;229.8;300.200012;1496.8;SSW-NNE;28016;46;-9999;-9999;-9999; ;http://accident.perm.ru/index.php/monitoring/otchety-ob-opasnykh-yavleniyakh-pogody/1271-20090607-tornadoes
343;385;256;tornado;High;GFC;HRI;2009;6;Unknown;20.06.2009;27.06.2009; ; ;9;0.118799;7.1;55.2;155.9;57.700001;103.3;SSW-NNE;-9999;-9999;-9999;-9999;-9999; ; 
331;397;257;tornado;High;Delineated manually from HRI;HRI;2009;-9999;Unknown;14.06.2009;16.07.2009; ; ;5;0.46358;6.3;99.5;228.5;102.699997;259.2;WNW-ESE;-9999;-9999;-9999;-9999;-9999; ; 
332;398;258;tornado;Medium;Delineated manually from HRI;HRI;2009;-9999;Unknown;23.02.2009;24.07.2009; ; ;13;0.243878;2.6;93.2;195.2;110.5;187.2;S-N;-9999;-9999;-9999;-9999;-9999; ; 
349;358;259;squall;Medium;GFC;HRI and weather station report;2009;6;15.06.2009;10.06.2009;26.06.2009;09.00 - 12.00;weather station reports;158;1.653745;42.9;115.2;563.3;1483.5;10988.6;SSW-NNE;22762;55;22;12;-9999; ; 
351;359;259;tornado;High;GFC;HRI;2009;6;15.06.2009;10.06.2009;26.06.2009; ; ;4;0.097679;1.7;80.5;214.5;84.300003;141.6;SSW-NNE;22656;29;-9999;-9999;-9999; ; 
333;374;260;squall;High;GFC;HRI;2009;-9999;Unknown;12.05.2009;04.06.2009; ; ;31;0.515146;3.4;142.6;474.2;208.199997;563;SW-NE;27485;30;-9999;-9999;-9999; ; 
334;396;261;squall;High;GFC;HRI;2009;-9999;Unknown;27.06.2090;12.07.2009; ; ;12;0.740654;1.7;445.9;620.9;755.299988;1014.7;W-E;27425;36;-9999;-9999;-9999; ; 
335;395;262;squall;High;GFC;HRI;2009;-9999;14.06.2009;12.06.2009;07.07.2009; ; ;54;1.531147;10.3;181.8;492.4;360.299988;1295.4;SSE-NNW;27347;32;-9999;-9999;-9999; ; 
336;373;263;tornado;High;GFC;HRI;2009;5;Unknown;01.05.2009;09.05.2009; ; ;6;0.294496;2.4;129.3;226;142.600006;282.4;SSE-NNW;27417;24;-9999;-9999;-9999; ; 
337;394;264;squall;Medium;GFC;HRI;2009;6;Unknown;27.05.2009;28.06.2009; ; ;5;0.434195;2.5;189.3;327.4;204.699997;289.7;SW-NE;28411;37;-9999;-9999;-9999; ; 
338;376;265;tornado;Medium;GFC;HRI;2009;6;Unknown;29.05.2009;14.06.2009; ; ;34;0.286124;19.2;62;268.2;72.400002;295;SSE-NNW;-9999;-9999;-9999;-9999;-9999; ; 
339;384;266;squall;Medium;GFC;HRI;2009;6;Unknown;13.06.2009;14.07.2009; ; ;64;0.796904;23.4;88;427.7;137;769.9;SSW-NNE;-9999;-9999;-9999;-9999;-9999; ; 
345;383;266;tornado;High;GFC;HRI;2009;6;Unknown;18.05.2009;13.07.2009; ; ;8;0.066638;4.9;55.8;106.9;60.900002;106.9;SW-NE;-9999;-9999;-9999;-9999;-9999; ; 
356;382;266;squall;Medium;GFC;HRI;2009;6;Unknown;18.05.2009;13.07.2009; ; ;33;0.380766;22.8;76.6;181.2;90.599998;196.3;SW-NE;-9999;-9999;-9999;-9999;-9999; ; 
344;386;267;tornado;High;GFC;HRI;2009;6;Unknown;13.06.2009;27.06.2009; ; ;6;0.095781;1.4;80.1;134.8;96.599998;159.2;SSW-NNE;-9999;-9999;-9999;-9999;-9999; ; 
346;371;268;tornado;High;Delineated manually from HRI;HRI;2009;6;16.06.2009;09.05.2009;17.06.2009; ; ;24;1.099408;23.2;139.5;360.3;173.699997;462;WSW-ENE;23904;37;-9999;-9999;-9999; ; 
352;370;268;squall;High;GFC;HRI;2009;6;16.06.2009;09.05.2009;17.06.2009; ; ;26;0.363621;4.5;96;220.8;199.899994;749.4;WSW-ENE;-9999;-9999;-9999;-9999;-9999; ; 
353;368;268;squall;High;GFC (with Landsat-based clarification);HRI;2009;6;16.06.2009;09.05.2009;17.06.2009; ; ;365;6.38412;33.6;265.9;777.7;2881.600098;9354.1;WSW-ENE;-9999;-9999;-9999;-9999;-9999; ; 
354;369;268;squall;High;GFC;HRI;2009;6;16.06.2009;09.05.2009;17.06.2009; ; ;39;0.252404;10.8;67.3;316;147;1184.5;WSW-ENE;-9999;-9999;-9999;-9999;-9999; ; 
347;379;269;tornado;High;GFC;HRI;2009;6;Unknown;21.06.2008;25.06.2009; ; ;14;0.273761;6;100.4;283.8;104.699997;283.8;WSW-ENE;27083;40;-9999;-9999;-9999; ; 
348;377;270;tornado;High;GFC;HRI;2009;6;Unknown;01.06.2009;16.06.2009; ; ;12;0.770065;4.9;212.5;516.3;296.100006;615.2;WSW-ENE;27281;14;-9999;-9999;-9999; ; 
350;357;271;tornado;High;GFC;HRI;2009;6;15.06.2009;26.05.2009;27.06.2009;09.00 - 12.00;weather station reports;38;0.676055;15.7;91.5;258.8;104.599998;439.9;SSW-NNE;22768;23;23;12;-9999; ; 
355;347;272;squall;High;GFC;HRI;2009;6;07.06.2009;18.05.2009;20.06.2009; ; ;115;1.276054;12.2;126.2;406.4;477.200012;1899.6;SSW-NNE;-9999;-9999;-9999;-9999;-9999; ;http://accident.perm.ru/index.php/monitoring/otchety-ob-opasnykh-yavleniyakh-pogody/1271-20090607-tornadoes
357;335;273;tornado;High;Delineated manually from HRI;HRI;2009;6;07.06.2009;27.05.2009;15.07.2009; ; ;2;0.147671;1.8;98.2;153.9;98.199997;123.3;SSW-NNE;28116;36;-9999;-9999;-9999; ;http://accident.perm.ru/index.php/monitoring/otchety-ob-opasnykh-yavleniyakh-pogody/1271-20090607-tornadoes
361;344;274;squall;High;GFC;HRI;2009;6;07.06.2009;30.05.2009;15.06.2009;12.00 - 13.00;http://accident.perm.ru/index.php/monitoring/otchety-ob-opasnykh-yavleniyakh-pogody/1271-20090607-tornadoes;96;2.131832;8.1;297.4;852.2;925.5;2488.4;SW-NE;28029;24;19;12;-9999; ;http://accident.perm.ru/index.php/monitoring/otchety-ob-opasnykh-yavleniyakh-pogody/1271-20090607-tornadoes
362;366;275;squall;High;GFC;HRI;2009;6;16.06.2009;01.06.2009;17.06.2009; ; ;21;0.233433;8.2;75.5;198.9;81.800003;225.7;SSW-NNE;27097;24;-9999;-9999;-9999; ; 
363;363;275;squall;High;GFC (with Landsat-based clarification);Landsat images and weather station report;2009;6;16.06.2009;16.06.2009;25.06.2009;14.00 - 15.00;weather station reports;1957;77.943374;91.4;944.7;5839.1;6291.899902;24714.3;SSW-NNE;27281;7;30;14;-9999; ;http://www.gtrk-vyatka.ru/vesti/7374-posledstvija-ijunskogo-uragana.html
364;364;275;squall;High;GFC (with Landsat-based clarification);Landsat images and newspaper reports;2009;6;16.06.2009;16.06.2009;17.06.2009;14.00 - 15.00;weather station reports;567;16.885324;28.8;611.4;2821.4;3621;10225.2;SW-NE;27185;1;-9999;-9999;60;Heavy rainfall (60 mm/8h);http://www.gtrk-vyatka.ru/vesti/7374-posledstvija-ijunskogo-uragana.html
365;367;275;squall;High;GFC (with Landsat-based clarification);Landsat images and weather station report;2009;6;16.06.2009;16.06.2009;17.06.2009;15.00 - 16.00;weather station reports;727;12.305672;80;254.6;957.2;3591.399902;17128.1;SW-NE;27097;2;28;16;-9999; ;http://www.gtrk-vyatka.ru/vesti/7374-posledstvija-ijunskogo-uragana.html
366;360;275;squall;High;GFC (with Landsat-based clarification);Landsat images and weather station report;2009;6;16.06.2009;16.06.2009;24.06.2009;14.00 - 15.00;weather station reports;510;11.379417;44.3;338.6;1505.3;1873.5;7281.6;SSW-NNE;27373;43;17;15;-9999; ;http://www.gtrk-vyatka.ru/vesti/7374-posledstvija-ijunskogo-uragana.html
367;365;275;squall;High;GFC (with Landsat-based clarification);Landsat images and weather station report;2009;6;16.06.2009;16.06.2009;17.06.2009;14.00 - 15.00;weather station reports;89;2.156893;9.9;245.2;808.7;939.400024;2999.7;SW-NE;27283;64;22;15;-9999; ;http://www.gtrk-vyatka.ru/vesti/7374-posledstvija-ijunskogo-uragana.html
369;361;275;tornado;High;GFC;HRI;2009;6;16.06.2009;16.06.2009;25.06.2009;14.00 - 15.00;weather station reports;40;0.868338;12.1;107.5;365.4;138.899994;393.5;SW-NE;27373;41;17;15;-9999; ; 
370;362;275;squall;High;GFC (with Landsat-based clarification);Landsat images and weather station report;2009;6;16.06.2009;16.06.2009;25.06.2009;14.00 - 15.00;weather station reports;163;2.100187;11.2;244.9;943;1389.300049;4999;SSW-NNE;27281;47;30;14;-9999; ; 
368;381;276;tornado;High;GFC;HRI;2009;6;Unknown;30.05.2009;26.06.2009; ; ;15;0.842471;4;251.9;559.5;267.899994;643.4;W-E;27277;38;-9999;-9999;-9999; ; 
371;332;277;tornado;High;GFC;HRI and newspaper reports;2009;6;03.06.2009;27.05.2009;12.06.2009;18.30 - 20.30;https://eswd.eu;65;3.654989;26.7;196.8;699.6;232.899994;766;SW-NE;27425;14;-9999;-9999;-9999; ;http://www.gtk.tv/news/10989.ns
372;331;278;tornado;High;Delineated manually from HRI;HRI and newspaper reports;2009;6;03.06.2009;01.06.2009;18.06.2009;17.2;http://www.vsluh.ru/news/world/172538;2;0.293774;2.5;129.5;196.6;129.5;196.6;SW-NE;27509;12;18;18;-9999; ;http://www.vsluh.ru/news/world/172538
374;353;279;squall;High;GFC (with Landsat-based clarification);HRI;2009;6;07.06.2009;06.06.2009;14.06.2009;13.00 - 14.00;http://accident.perm.ru/index.php/monitoring/otchety-ob-opasnykh-yavleniyakh-pogody/1271-20090607-tornadoes;3352;62.537766;75.1;888.1;2965.5;9411;19896.7;S-N;23812;31;-9999;-9999;-9999; ;http://accident.perm.ru/index.php/monitoring/otchety-ob-opasnykh-yavleniyakh-pogody/1271-20090607-tornadoes
375;354;279;tornado;Medium;GFC (with Landsat-based clarification);HRI;2009;6;07.06.2009;06.06.2009;14.06.2009;13.00 - 14.00;http://accident.perm.ru/index.php/monitoring/otchety-ob-opasnykh-yavleniyakh-pogody/1271-20090607-tornadoes;6;0.782077;5.7;152.5;334;161.800003;295.5;S-N;23812;43;-9999;-9999;-9999; ;http://accident.perm.ru/index.php/monitoring/otchety-ob-opasnykh-yavleniyakh-pogody/1271-20090607-tornadoes
376;355;279;tornado;Medium;GFC (with Landsat-based clarification);HRI;2009;6;07.06.2009;06.06.2009;14.06.2009;13.00 - 14.00;http://accident.perm.ru/index.php/monitoring/otchety-ob-opasnykh-yavleniyakh-pogody/1271-20090607-tornadoes;70;4.592215;20.6;254.9;1084.6;388.899994;1625.5;SSE-NNW;-9999;-9999;-9999;-9999;-9999; ;http://accident.perm.ru/index.php/monitoring/otchety-ob-opasnykh-yavleniyakh-pogody/1271-20090607-tornadoes
388;378;280;tornado;High;GFC;HRI;2009;6;Unknown;01.06.2009;18.06.2009; ; ;6;0.199264;3.4;96;187.8;97.099998;173.1;WSW-ENE;26894;29;-9999;-9999;-9999; ; 
389;356;281;squall;High;GFC;HRI;2009;6;11.06.2009;26.05.2009;18.06.2009; ; ;96;2.059589;13.5;213.4;824.8;449.799988;1935.8;W-E;27227;7;-9999;-9999;-9999; ; 
390;388;282;tornado;High;GFC;HRI;2009;6;Unknown;18.05.2009;27.06.2009; ; ;11;0.212484;5.9;96.1;183;99.5;451.4;WSW-ENE;-9999;-9999;-9999;-9999;-9999; ; 
391;387;282;tornado;High;GFC;HRI;2009;6;Unknown;18.05.2009;27.06.2009; ; ;13;0.287529;7.1;105.8;221.3;113;274.6;W-E;-9999;-9999;-9999;-9999;-9999; ; 
392;390;283;tornado;High;Delineated manually from HRI;HRI;2009;6;Unknown;11.06.2009;27.06.2009; ; ;35;1.605226;35.8;115.2;489.5;146.100006;582.6;SSW-NNE;-9999;-9999;-9999;-9999;-9999; ; 
393;389;283;tornado;High;Delineated manually from HRI;HRI;2009;6;Unknown;11.06.2009;27.06.2009; ; ;33;1.576229;26.4;129.2;493.5;138.800003;493.5;SSW-NNE;-9999;-9999;-9999;-9999;-9999; ; 
394;392;283;tornado;High;Delineated manually from HRI;HRI;2009;6;Unknown;11.06.2009;27.06.2009; ; ;49;1.822848;22.2;135.4;438.5;189;1200.8;SSW-NNE;23711;48;-9999;-9999;-9999; ; 
395;393;283;tornado;High;Delineated manually from HRI;HRI;2009;6;Unknown;11.06.2009;27.06.2009; ; ;16;0.46336;6;107.9;305.6;124.5;305.6;S-N;-9999;-9999;-9999;-9999;-9999; ; 
396;391;283;tornado;High;Delineated manually from HRI;HRI;2009;6;Unknown;11.06.2009;27.06.2009; ; ;19;0.440254;5.4;97.1;442.1;124.900002;484.6;SSW-NNE;-9999;-9999;-9999;-9999;-9999; ; 
397;374;284;squall;High;GFC;HRI;2009;7;14.07.2009;08.07.2009;16.07.2009; ; ;25;0.80801;5.1;311.9;897.6;543.799988;1285.8;W-E;27164;18;-9999;-9999;-9999; ; 
398;400;285;tornado;High;GFC;HRI;2009;8;Unknown;06.08.2009;23.08.2009; ; ;11;0.100075;4.6;59.2;132.2;64.5;96.3;WSW-ENE;-9999;-9999;-9999;-9999;-9999; ; 
399;399;285;tornado;High;GFC;HRI;2009;8;Unknown;06.08.2009;23.08.2009; ; ;7;0.457247;3;175;303.4;187.199997;303.4;WSW-ENE;-9999;-9999;-9999;-9999;-9999; ; 
341;380;286;tornado;High;GFC;HRI;2009;6;Unknown;11.06.2009;26.06.2009; ; ;6;0.053903;1.8;37.7;112;42.099998;112;SW-NE;-9999;-9999;-9999;-9999;-9999; ; 
400;447;287;squall;High;GFC;HRI;2010;-9999;Unknown;12.05.2010;08.07.2010; ; ;40;0.727727;11.8;114.7;467.8;189.899994;767.4;SW-NE;23803;25;-9999;-9999;-9999; ; 
401;449;288;tornado;High;GFC;HRI;2010;-9999;Unknown;30.05.2010;18.07.2010; ; ;7;0.10339;4.4;57.5;109.1;58.700001;91.3;SSW-NNE;-9999;-9999;-9999;-9999;-9999; ; 
402;457;289;squall;High;GFC;HRI;2010;-9999;Unknown;10.08.2010;02.06.2011; ; ;46;0.320195;15.6;84;256.9;208.800003;2169.7;W-E;22583;27;-9999;-9999;-9999; ; 
435;429;290;squall;High;GFC;HRI;2010;7;23.07.2010;16.07.2010;08.08.2010; ; ;26;0.275487;3.9;102.8;252.4;223.5;1121.9;W-E;22559;61;17;15;-9999; ; 
403;450;291;squall;High;GFC;HRI;2010;-9999;Unknown;10.06.2010;19.07.2010; ; ;35;0.33483;21.1;91.1;348.1;151;490.4;W-E;-9999;-9999;-9999;-9999;-9999; ; 
404;406;292;tornado;Medium;GFC (with Landsat-based clarification);HRI;2010;6;12.06.2010;10.06.2010;26.06.2010;14.00 - 15.00;http://meteoweb.ru/2012/phen080.php;4;0.121185;2;106.9;282.3;115;282.3;WNW-ESE;27259;19;-9999;-9999;-9999; ;http://meteoweb.ru/2012/phen080.php
416;407;292;tornado;Medium;GFC;HRI;2010;6;12.06.2010;10.06.2010;26.06.2010;14.00 - 15.00;http://meteoweb.ru/2012/phen080.php;33;0.74863;9.6;111.8;498.6;133.600006;445.7;WNW-ESE;27259;44;-9999;-9999;-9999; ;http://meteoweb.ru/2012/phen080.php
418;409;292;tornado;Medium;GFC;HRI;2010;6;12.06.2010;10.06.2010;26.06.2010;14.00 - 15.00;http://meteoweb.ru/2012/phen080.php;53;0.973972;24.6;113.8;391.9;143.5;428.4;WNW-ESE;27369;37;-9999;-9999;-9999; ;http://meteoweb.ru/2012/phen080.php
405;454;293;squall;High;GFC;HRI;2010;-9999;Unknown;16.08.2010;10.09.2010; ; ;124;3.300173;9.7;347.9;858.1;1473.599976;4541.4;W-E;27425;24;-9999;-9999;-9999; ; 
406;444;294;squall;High;GFC;HRI;2010;6;Unknown;12.05.2010;22.06.2010; ; ;18;0.445071;13;113.6;378.4;124.5;378.4;SW-NE;23803;32;-9999;-9999;-9999; ; 
408;445;294;tornado;High;GFC;HRI;2010;6;Unknown;30.05.2010;23.06.2010; ; ;12;0.359827;7;94.4;230.9;97.800003;227;SW-NE;-9999;-9999;-9999;-9999;-9999; ; 
407;448;295;tornado;High;GFC;HRI;2010;6;Unknown;12.05.2010;15.07.2010; ; ;16;0.165252;3.6;66.4;182.4;81.300003;172.5;SW-NE;23803;50;-9999;-9999;-9999; ; 
409;426;296;squall;High;GFC;Landsat images and weather station report;2010;6;27.06.2010;23.06.2010;09.07.2010;12.00 - 15.00;weather station report;370;2.407559;43.5;108.7;694.4;1131.800049;8698.7;SW-NE;22573;15;20;15;-9999; ;https://vk.com/album80838341_120522687
410;426;297;squall;High;GFC;HRI;2010;6;27.06.2010;01.06.2010;02.07.2010;15.00 - 16.00;weather station report;133;1.200622;23.2;101.4;382.3;321.899994;2407.8;SW-NE;22974;48;32;15;-9999; ; 
412;424;297;squall;High;GFC (with Landsat-based clarification);Landsat images and weather station report;2010;6;27.06.2010;22.06.2010;30.06.2010;12.00 - 15.00;weather station reports;14671;232.722588;283.6;860.6;4975.6;31468.59961;69642.1;SW-NE;22974;2;32;15;-9999; ;https://www.vologda.kp.ru/online/news/700751/
434;423;297;squall;High;GFC (with Landsat-based clarification);Landsat images and weather station report;2010;6;27.06.2010;22.06.2010;30.06.2010;09.00 - 12.00;weather station reports;6005;256.838162;231.6;1426.1;5430;7337.5;20254.4;SW-NE;27321;20;32;15;-9999; ;https://www.vologda.kp.ru/online/news/700751/
411;425;298;squall;High;GFC (with Landsat-based clarification);HRI;2010;6;27.06.2010;22.06.2010;30.06.2010;14.00 - 15.00; ;507;11.80073;39.5;352.5;1209.7;1559.800049;6554.4;SW-NE;-9999;-9999;-9999;-9999;-9999; ;https://www.vologda.kp.ru/online/news/700751/
413;403;299;squall;Medium;GFC (with Landsat-based clarification);HRI;2010;6;12.06.2010;14.04.2010;24.06.2010;12.00 - 13.00;https://vk.com/video156512883_162259621;428;30.422527;66.6;584.5;2031.3;1126.900024;5032.9;WNW-ESE;27346;35;-9999;-9999;-9999; ;https://ria.ru/20100621/249002637.html
414;404;299;tornado;High;Delineated manually from HRI;HRI;2010;6;12.06.2010;14.04.2010;24.06.2010;12.00 - 13.00;https://vk.com/video156512883_162259621;5;1.015629;5.8;195.1;453.9;212.199997;432;NW-SE;27346;38;-9999;-9999;-9999; ;https://ria.ru/20100621/249002637.html
417;405;299;squall;High;GFC (with Landsat-based clarification);HRI;2010;6;12.06.2010;30.04.2010;24.06.2010;12.00 - 13.00;https://vk.com/video156512883_162259621;92;1.95708;17.4;194.6;900.9;523.200012;1891.8;WNW-ESE;27346;42;-9999;-9999;-9999; ;https://ria.ru/20100621/249002637.html
419;402;299;squall;High;GFC (with Landsat-based clarification);HRI;2010;6;12.06.2010;28.04.2010;01.07.2010;12.00 - 13.00;https://vk.com/video156512883_162259621;85;0.815597;10.3;148.8;450.6;1093.599976;4365.3;NW-SE;27333;29;-9999;-9999;-9999; ;https://ria.ru/20100621/249002637.html
415;446;300;tornado;High;Delineated manually from HRI;HRI;2010;6;Unknown;28.04.2010;23.06.2010; ; ;2;0.217668;1.6;132.6;252.7;135.300003;276.7;WSW-ENE;27333;15;-9999;-9999;-9999; ; 
420;410;301;tornado;High;GFC (with Landsat-based clarification);HRI and eyewitness reports;2010;6;12.06.2010;11.06.2010;26.06.2010;14.00 - 15.00;http://meteoweb.ru/2012/phen080.php;32;1.795878;16;169.7;430.2;199.199997;464.9;WNW-ESE;27369;29;-9999;-9999;-9999; ;http://meteoweb.ru/2012/phen080.php
430;416;301;tornado;Medium;GFC (with Landsat-based clarification);HRI;2010;6;12.06.2010;10.06.2010;26.06.2010;15.00 - 16.00;http://meteoweb.ru/2012/phen080.php;14;1.277025;8.4;252.8;627.2;299.799988;715.1;W-E;27369;35;-9999;-9999;-9999; ;http://meteoweb.ru/2012/phen080.php
421;411;302;tornado;Medium;GFC (with Landsat-based clarification);HRI and eyewitness reports;2010;6;12.06.2010;10.06.2010;26.06.2010;15.00 - 16.00;weather station report;31;0.403466;7.9;112.4;265.2;160.5;525.5;WNW-ESE;27277;2;18;18;-9999; ;https://ria.ru/20100621/249002637.html
422;412;302;squall;High;GFC (with Landsat-based clarification);HRI;2010;6;12.06.2010;10.06.2010;26.06.2010;15.00 - 16.00;weather station report;114;3.662928;20.2;256.4;991.5;518.900024;1420.2;WNW-ESE;27277;6;18;18;-9999; ;https://www.niann.ru/?id=372564
423;413;302;squall;High;GFC;HRI;2010;6;12.06.2010;10.06.2010;26.06.2010;15.00 - 16.00;weather station report;18;0.233353;9.3;80.9;192.2;87.400002;219.7;WNW-ESE;27277;8;18;18;-9999; ;https://www.niann.ru/?id=372564
425;415;302;tornado;High;GFC;HRI;2010;6;12.06.2010;10.06.2010;26.06.2010;15.00 - 16.00;weather station report;7;0.204233;2.1;104.6;264.8;123.099998;308.5;WNW-ESE;27373;23;-9999;-9999;-9999; ;https://www.niann.ru/?id=372564
699;414;302;squall;High;GFC;HRI;2010;6;12.06.2010;10.06.2010;26.06.2010;15.00 - 16.00;weather station report;38;0.668079;10.6;102.4;344.6;149.699997;1196.3;WNW-ESE;27373;15;19;15;-9999; ;https://www.niann.ru/?id=372564
424;422;303;squall;High;GFC;HRI;2010;6;13.06.2010;10.06.2010;26.06.2010;16.00 - 18.00;https://link.springer.com/article/10.3103/S1068373913020027;44;0.634808;6.8;162.3;442.7;392.299988;1259.9;W-E;27277;24;-9999;-9999;-9999; ;https://link.springer.com/article/10.3103/S1068373913020027
426;421;304;squall;High;GFC (with Landsat-based clarification);Landsat images and weather station report;2010;6;13.06.2010;10.06.2010;26.06.2010;16.00 - 18.00;https://link.springer.com/article/10.3103/S1068373913020027;235;4.404518;34;197.9;737.6;633.200012;8135.1;WSW-ENE;27373;57;20;18;-9999; ;https://link.springer.com/article/10.3103/S1068373913020027
428;419;304;tornado;Medium;GFC;HRI and eyewitness reports;2010;6;13.06.2010;10.06.2010;26.06.2010;15.00 - 16.00;https://link.springer.com/article/10.3103/S1068373913020027;30;1.159864;8.3;171.1;473.6;203.800003;554.1;W-E;27355;23;-9999;-9999;-9999; ;https://link.springer.com/article/10.3103/S1068373913020027
429;420;304;squall;Medium;GFC (with Landsat-based clarification);HRI;2010;6;13.06.2010;10.06.2010;26.06.2010;15.00 - 17.00;https://link.springer.com/article/10.3103/S1068373913020027;200;9.411375;79.3;242.6;901.9;365.399994;1430;WSW-ENE;27355;27;-9999;-9999;-9999; ;https://link.springer.com/article/10.3103/S1068373913020027
427;408;305;squall;High;GFC;HRI;2010;6;12.06.2010;10.06.2010;26.06.2010; ; ;140;5.450842;11.7;478.5;1689.8;1365.300049;3276.1;W-E;27355;15;-9999;-9999;-9999; ;https://www.niann.ru/?id=372580
431;417;306;squall;High;GFC (with Landsat-based clarification);HRI;2010;6;13.06.2010;06.06.2010;22.06.2010;12.00 - 13.00;https://link.springer.com/article/10.3103/S1068373913020027;162;3.097808;24.5;191.8;696.4;602.700012;2548.4;WSW-ENE;27428;25;-9999;-9999;-9999; ;https://link.springer.com/article/10.3103/S1068373913020027
432;401;307;tornado;Medium;GFC (with Landsat-based clarification);HRI;2010;6;12.06.2010;06.06.2010;22.06.2010;10.00 - 11.00;Aqua/MODIS image;69;1.948705;20.8;162.4;671.8;243;999.3;W-E;27229;7;-9999;-9999;-9999; ; 
433;418;308;squall;High;GFC (with Landsat-based clarification);HRI;2010;6;13.06.2010;08.06.2010;23.06.2010;13.00 - 15.00;https://link.springer.com/article/10.3103/S1068373913020027;15;0.527053;5.1;142.4;304.5;315.799988;956.3;WSW-ENE;27437;29;-9999;-9999;-9999; ;https://link.springer.com/article/10.3103/S1068373913020027
436;430;309;tornado;Medium;GFC;HRI;2010;7;23.07.2010;19.07.2010;28.07.2010; ; ;13;0.163426;5.7;94.6;195.1;108.599998;139.4;W-E;-9999;-9999;-9999;-9999;-9999; ; 
437;428;310;squall;High;GFC (with Landsat-based clarification);HRI;2010;7;22.07.2010;20.07.2010;28.07.2010; ; ;154;1.367238;16.1;151.1;479.8;919.200012;5398.7;S-N;26381;26;-9999;-9999;-9999; ; 
438;431;311;squall;High;GFC (with Landsat-based clarification);Landsat images and newspaper reports;2010;7;29.07.2010;28.07.2010;04.08.2010;17.00 - 18.30;http://www.meteo.nw.ru/articles/index.php?id=582;6557;362.70597;124.6;2804.2;7606.3;20031.30078;38599.1;SE-NW;26291;20;-9999;-9999;-9999; ;http://www.meteo.nw.ru/articles/index.php?id=582
439;432;311;squall;High;GFC (with Landsat-based clarification);Landsat images and newspaper reports;2010;7;29.07.2010;29.07.2010;04.08.2010;18.30 - 19.30;weather station report;878;17.701813;105.2;235.7;1688.3;3519.5;24754.8;SE-NW;22917;15;23;19;-9999; ;http://www.meteo.nw.ru/articles/index.php?id=582
440;433;311;squall;High;GFC (with Landsat-based clarification);Landsat images and weather station report;2010;7;29.07.2010;26.07.2010;11.08.2010;20.00 - 21.00;weather station report;1280;115.914092;70.8;1694.8;6054.4;7020.100098;15853.3;SE-NW;22891;1;30;21;-9999; ;http://www.meteo.nw.ru/articles/index.php?id=582
441;434;311;squall;High;GFC (with Landsat-based clarification);Landsat images and weather station report;2010;7;29.07.2010;16.07.2010;01.08.2010;21.00 - 22.00;http://www.meteo.nw.ru/articles/index.php?;1924;142.778186;68.1;2045;7980.3;12674.59961;25119.3;SE-NW;22891;34;30;21;-9999; ;http://www.meteo.nw.ru/articles/index.php?id=582
442;453;312;tornado;High;GFC;HRI;2010;8;Unknown;18.08.2010;02.09.2010; ; ;14;0.935706;5.7;206;485.7;225.600006;457.1;W-E;28302;33;-9999;-9999;-9999; ; 
444;452;312;tornado;High;GFC (with Landsat-based clarification);HRI;2010;8;Unknown;17.08.2010;18.09.2010; ; ;41;1.648323;19.3;179.2;630.3;209.699997;859.5;W-E;28302;18;-9999;-9999;-9999; ; 
443;451;313;squall;High;GFC;HRI;2010;8;Unknown;07.08.2010;15.08.2010; ; ;19;0.559264;2.3;235.3;537.6;550.299988;1317;S-N;-9999;-9999;-9999;-9999;-9999; ; 
445;437;314;squall;High;GFC (with Landsat-based clarification);HRI;2010;8;10.08.2010;29.07.2010;13.08.2010;08.00 - 09.00;Terra/MODIS image;1328;16.942874;130.1;206.2;1670.6;2406.899902;11630.3;SW-NE;22638;36;-9999;-9999;-9999; ;https://ptzgovorit.ru/incident/news/6547/uragan
451;435;314;squall;High;GFC (with Landsat-based clarification);Landsat images and weather station report;2010;8;10.08.2010;06.08.2010;12.08.2010;08.00 - 09.00;weather station report;253;4.448253;92.3;243;1449.6;1046.5;4559.5;SW-NE;22831;25;20;9;-9999; ;https://ptzgovorit.ru/incident/news/6547/uragan
452;436;314;squall;High;GFC (with Landsat-based clarification);Landsat images and weather station report;2010;8;10.08.2010;06.08.2010;12.08.2010;08.00 - 09.00;weather station report;374;7.87215;69.6;214.8;1389.8;874.099976;5974.9;SW-NE;22831;32;20;9;-9999; ;https://ptzgovorit.ru/incident/news/654
446;455;315;squall;High;GFC;HRI;2010;8;Unknown;05.08.2010;07.10.2010; ; ;40;0.356747;4.2;101.8;331.4;231.699997;889.6;SW-NE;-9999;-9999;-9999;-9999;-9999; ; 
447;441;316;tornado;High;Delineated manually from HRI;HRI;2010;8;10.08.2010;03.08.2010;02.05.2011; ;https://komiinform.ru/news/68894;4;0.684473;6.4;133.8;327.8;133.800003;327.8;WNW-ESE;-9999;-9999;-9999;-9999;-9999; ;https://komiinform.ru/news/68894
448;442;316;squall;High;GFC;HRI;2010;8;10.08.2010;10.08.2010;02.05.2011;14.00 - 15.00;https://komiinform.ru/news/68894;52;0.412384;10.2;74.7;323.8;172.100006;1353.9;WNW-ESE;-9999;-9999;-9999;-9999;-9999; ;https://komiinform.ru/news/68894
449;439;316;squall;High;GFC (with Landsat-based clarification);HRI;2010;8;10.08.2010;10.08.2010;02.05.2011;13.00 - 14.00;https://komiinform.ru/news/68894;640;5.725523;55.9;171.3;690.7;3634.399902;16548.1;WNW-ESE;23518;46;-9999;-9999;-9999; ;https://komiinform.ru/news/68894
450;438;316;squall;High;GFC;Landsat images and newspaper reports;2010;8;10.08.2010;10.08.2010;02.05.2011;13.00 - 14.00;https://komiinform.ru/news/68894;190;1.289436;20.6;112.2;494.4;1031.599976;4546;WNW-ESE;23518;33;-9999;-9999;-9999; ;https://komiinform.ru/news/68894
454;440;316;squall;High;GFC (with Landsat-based clarification);HRI;2010;8;10.08.2010;10.08.2010;02.05.2011;13.00 - 14.00;https://komiinform.ru/news/68894;390;7.722847;51.8;287.8;1924.4;951;3136.3;WNW-ESE;23518;35;-9999;-9999;-9999; ;https://komiinform.ru/news/68894
455;456;317;tornado;Medium;Delineated manually from HRI;HRI;2010;8;Unknown;03.08.2010;02.05.2011; ; ;13;0.914536;7.5;172.6;370.1;180.300003;402.5;W-E;-9999;-9999;-9999;-9999;-9999; ; 
453;443;318;squall;High;GFC;HRI;2010;8;23.08.2010;16.08.2010;01.09.2010;12.00 - 15.00; ;35;0.726974;6.6;148;444.6;294;1250.4;SW-NE;27901;17;19;15;-9999; ; 
462;460;319;squall;High;GFC (with Landsat-based clarification);HRI;2011;6;Unknown;03.06.2011;28.06.2011; ; ;124;1.00683;35.9;82.4;367.5;320.299988;3095.9;W-E;-9999;-9999;-9999;-9999;-9999; ; 
456;464;320;squall;High;GFC (with Landsat-based clarification);HRI;2011;-9999;Unknown;24.06.2011;10.07.2011; ; ;238;2.828869;21.2;209.4;904.5;1385.900024;6343.9;NW-SE;-9999;-9999;-9999;-9999;-9999; ; 
457;473;321;squall;High;GFC;HRI;2011;-9999;Unknown;19.07.2011;20.02.2012; ; ;28;0.532929;2.4;230.8;496.7;652.700012;1384.7;W-E;-9999;-9999;-9999;-9999;-9999; ; 
458;463;322;squall;High;GFC;HRI;2011;-9999;Unknown;22.06.2011;06.07.2011; ; ;34;0.581995;5.3;158.6;566.2;443.100006;1970.5;WNW-ESE;-9999;-9999;-9999;-9999;-9999; ; 
459;471;323;squall;High;GFC;HRI;2011;-9999;Unknown;27.07.2011;21.08.2011; ; ;47;0.443101;5.7;116.5;349.3;433.700012;1906.8;SW-NE;-9999;-9999;-9999;-9999;-9999; ; 
460;469;324;squall;High;GFC;HRI;2011;-9999;Unknown;24.07.2011;31.07.2011; ; ;62;0.658488;6.1;137.7;363.8;308.200012;1642.2;SSE-NNW;-9999;-9999;-9999;-9999;-9999; ; 
469;459;325;squall;High;GFC (with Landsat-based clarification);HRI;2011;7;29.07.2011;22.07.2011;07.08.2011;between 21.00 28.07 and 00.00 29.07;weather station report;82;0.978341;16.9;144.2;588.8;647.099976;4558.7;SW-NE;27643;75;15;0;58;Heavy rainfall (58 mm/12h); 
461;472;326;tornado;High;GFC (with Landsat-based clarification);HRI;2011;-9999;Unknown;14.07.2011;24.08.2011; ; ;19;0.585535;15.9;136.3;451.3;165.5;473.4;SW-NE;22925;25;-9999;-9999;-9999; ; 
463;462;327;tornado;Medium;GFC;HRI;2011;6;Unknown;18.06.2011;05.07.2011; ; ;5;0.515503;3.8;180.8;450.8;205.800003;450.8;W-E;-9999;-9999;-9999;-9999;-9999; ; 
464;461;328;tornado;High;GFC;HRI;2011;6;Unknown;14.06.2011;30.06.2011; ; ;6;0.456218;6.4;156;274.7;168.899994;274.7;SSE-NNW;-9999;-9999;-9999;-9999;-9999; ; 
466;467;329;tornado;High;Delineated manually from Landsat images;HRI;2011;7;Unknown;11.07.2011;27.07.2011; ; ;7;0.13747;2.4;85.6;179.8;85.599998;179.8;SW-NE;22854;38;-9999;-9999;-9999; ; 
467;466;329;tornado;High;GFC;HRI;2011;7;Unknown;11.07.2011;27.07.2011; ; ;10;0.154141;5;64.4;165.1;66.699997;141.1;WSW-ENE;22854;32;-9999;-9999;-9999; ; 
468;468;330;tornado;High;GFC;HRI;2011;7;Unknown;11.07.2011;27.07.2011; ; ;15;0.600927;4.3;169.5;388.9;202.100006;489;SW-NE;22951;38;-9999;-9999;-9999; ; 
470;458;331;squall;High;GFC;HRI;2011;7;18.07.2011;17.07.2011;24.07.2011; ; ;39;0.574835;4.6;157.7;416.2;288.100006;888.7;WSW-ENE;27679;16;-9999;-9999;-9999; ; 
471;474;332;squall;High;GFC;HRI;2011;8;Unknown;13.08.2011;09.03.2012; ; ;28;0.299428;6.6;102;278.2;145.199997;654.9;WNW-ESE;-9999;-9999;-9999;-9999;-9999; ; 
472;470;333;tornado;High;Delineated manually from Landsat images;HRI;2011;8;Unknown;20.07.2011;14.08.2011; ; ;5;0.781034;6.2;142.7;364.6;142.800003;350;WSW-ENE;-9999;-9999;-9999;-9999;-9999; ; 
465;465;334;tornado;Medium;GFC;HRI;2011;7;Unknown;26.06.2011;12.07.2011; ; ;18;0.306641;7.1;77.6;295.5;104.099998;398.9;SE-NW;-9999;-9999;-9999;-9999;-9999; ; 
473;531;335;tornado;High;GFC;HRI;2012;-9999;Unknown;02.07.2012;04.09.2012; ; ;10;0.319762;2.9;126.9;312;138.699997;312;SW-NE;-9999;-9999;-9999;-9999;-9999; ; 
474;527;336;squall;High;GFC;HRI;2012;-9999;Unknown;13.07.2012;07.08.2012; ; ;212;5.909712;17.4;428.4;1411.7;1131.199951;3501.4;SW-NE;-9999;-9999;-9999;-9999;-9999; ; 
475;526;336;squall;High;GFC (with Landsat-based clarification);HRI;2012;-9999;Unknown;13.07.2012;07.08.2012; ; ;202;5.115425;12.5;461.3;1490.9;1580.5;3851;SW-NE;-9999;-9999;-9999;-9999;-9999; ; 
476;513;337;squall;High;GFC;HRI;2012;-9999;Unknown;26.05.2012;27.06.2012; ; ;29;0.258315;4.2;92.2;335.2;203;902.1;S-N;23803;41;-9999;-9999;-9999; ; 
493;514;337;squall;High;GFC;HRI;2012;-9999;Unknown;26.05.2012;27.06.2012; ; ;8;0.304407;2.6;147.4;308.6;246.899994;454.4;SSW-NNE;23803;45;-9999;-9999;-9999; ; 
494;515;337;tornado;High;GFC;HRI;2012;-9999;Unknown;26.05.2012;27.06.2012; ; ;24;0.237751;5.8;73.1;241.6;95.699997;270;SSW-NNE;23803;46;-9999;-9999;-9999; ; 
477;475;338;tornado;High;GFC;HRI;2011;-9999;Unknown;15.08.2011;20.02.2012; ; ;4;0.08837;3.2;108.6;168;113.599998;168;SE-NW;-9999;-9999;-9999;-9999;-9999; ; 
478;528;339;tornado;High;Delineated manually from HRI;HRI;2012;-9999;Unknown;14.06.2012;17.08.2012; ; ;7;0.211794;5.8;62.4;136.7;62.400002;107.2;SW-NE;-9999;-9999;-9999;-9999;-9999; ; 
480;529;340;tornado;High;GFC;HRI;2012;-9999;Unknown;10.07.2012;18.08.2012; ; ;21;0.567115;13.2;93;435.5;98.900002;435.5;S-N;-9999;-9999;-9999;-9999;-9999; ; 
481;525;341;tornado;High;GFC;HRI;2012;-9999;Unknown;18.05.2012;06.08.2012; ; ;2;0.085893;0.8;100.1;134.3;100.099998;134.3;WSW-ENE;27051;38;-9999;-9999;-9999; ; 
482;512;342;tornado;High;GFC;HRI;2012;-9999;Unknown;22.05.2012;23.06.2012; ; ;10;0.92784;3.7;247.2;517.2;344.5;851.8;SSW-NNE;27277;48;-9999;-9999;-9999; ; 
483;519;343;squall;High;GFC;HRI;2012;-9999;Unknown;27.05.2012;07.07.2012; ; ;31;0.283486;19.3;71.5;219.6;98.199997;327.3;SSW-NNE;27157;44;-9999;-9999;-9999; ; 
484;520;344;tornado;High;GFC;HRI;2012;-9999;Unknown;15.05.2012;11.07.2012; ; ;5;0.265276;2.2;117.6;236;132;252.3;SW-NE;27083;33;-9999;-9999;-9999; ; 
485;509;345;tornado;Medium;GFC;HRI;2012;-9999;Unknown;23.05.2012;15.06.2012; ; ;6;0.111808;2;75;165;81.599998;151.2;SSW-NNE;-9999;-9999;-9999;-9999;-9999; ; 
486;510;346;squall;High;GFC;HRI;2012;-9999;Unknown;25.05.2012;17.06.2012; ; ;44;0.579769;6.3;126.5;369.5;238.300003;1218.2;SW-NE;27217;38;-9999;-9999;-9999; ; 
487;523;347;tornado;Medium;GFC;HRI;2012;-9999;Unknown;23.05.2012;02.08.2012; ; ;13;0.387086;3.1;189.3;510.1;362.899994;694.7;SW-NE;-9999;-9999;-9999;-9999;-9999; ; 
488;524;348;tornado;High;GFC;HRI;2012;-9999;Unknown;25.08.2011;02.08.2012; ; ;6;0.13759;5.3;80.7;168;85.900002;145.9;SW-NE;26578;45;-9999;-9999;-9999; ; 
489;521;349;tornado;High;GFC;HRI;2012;-9999;Unknown;23.05.2012;17.07.2012; ; ;12;0.148893;9.3;72.9;158.1;74.400002;158.1;SW-NE;26672;40;-9999;-9999;-9999; ; 
490;522;349;tornado;High;GFC;HRI;2012;-9999;Unknown;23.05.2012;17.07.2012; ; ;2;0.081037;1.2;82.4;161.6;82.800003;160.2;SW-NE;26578;50;-9999;-9999;-9999; ; 
491;508;350;squall;High;GFC;HRI;2012;8;07.08.2012;02.08.2012;02.09.2012;15.00 - 18.00;weather station report;31;0.242325;5;76.5;197.4;214.600006;768.4;SW-NE;26585;29;15;18;-9999; ; 
492;511;351;squall;High;GFC (with Landsat-based clarification);HRI;2012;-9999;Unknown;07.05.2012;17.06.2012; ; ;53;1.287427;9.9;198.1;864.9;560.599976;3219;WNW-ESE;26795;20;-9999;-9999;-9999; ; 
495;516;352;tornado;High;Delineated manually from HRI;HRI;2012;6;Unknown;04.06.2012;29.06.2012; ; ;4;0.197451;2.3;107.7;190.5;107.699997;190.2;WSW-ENE;-9999;-9999;-9999;-9999;-9999; ; 
496;518;353;tornado;High;GFC (with Landsat-based clarification);HRI;2012;6;Unknown;24.05.2012;02.07.2012; ; ;74;9.871289;20;511.2;1358.6;756.200012;1666.6;SW-NE;27097;29;-9999;-9999;-9999; ; 
497;478;354;squall;High;GFC (with Landsat-based clarification);HRI and weather station report;2012;6;12.06.2012;10.06.2012;19.06.2012;15.00 - 18.00;weather station report;91;1.053563;12.3;133.1;666.8;655.799988;3842.6;SSW-NNE;22954;17;24;18;-9999; ;http://www.severinform.ru/?page=topic&topicid=238
498;477;354;tornado;High;GFC;HRI;2012;6;12.06.2012;10.06.2012;19.06.2012; ; ;47;0.996591;13.2;115.7;366.8;164.300003;1033.2;SW-NE;-9999;-9999;-9999;-9999;-9999; ;http://www.severinform.ru/?page=topic&topicid=238
499;476;354;squall;High;GFC;HRI;2012;6;12.06.2012;10.06.2012;19.06.2012; ; ;82;1.47053;12;186.1;841.2;590.799988;2973;S-N;27037;48;-9999;-9999;-9999; ;http://www.severinform.ru/?page=topic&topicid=238
500;517;355;squall;High;GFC;HRI;2012;6;Unknown;15.06.2012;01.07.2012; ; ;5;0.458246;1.7;249.7;517.8;365.399994;746.9;SW-NE;-9999;-9999;-9999;-9999;-9999; ; 
501;490;356;squall;High;GFC (with Landsat-based clarification);Landsat images and weather station report;2012;7;18.07.2012;13.07.2012;29.07.2012;12.00 - 15.00;weather station report;207;4.964004;32.4;225;1349.5;728.799988;3399.3;S-N;28105;1;27;15;-9999; ;https://ria.ru/20120719/703236632.html
502;492;356;squall;High;GFC;HRI;2012;7;18.07.2012;17.05.2012;20.08.2012;12.00 - 15.00;weather station report;209;3.994697;16.6;286.1;789.6;1174.699951;3748.8;S-N;23904;44;17;15;-9999; ; 
503;501;357;squall;High;GFC (with Landsat-based clarification);HRI;2012;7;18.07.2012;15.07.2012;16.08.2012; ; ;75;0.707893;19.3;133.1;541.2;793.799988;6052.5;SSE-NNW;-9999;-9999;-9999;-9999;-9999; ; 
527;500;357;squall;High;GFC;HRI;2012;7;18.07.2012;13.07.2012;10.10.2012; ; ;47;0.34287;14.6;75.1;196.9;137.899994;1157.6;SSE-NNW;-9999;-9999;-9999;-9999;-9999; ; 
504;498;358;squall;Medium;GFC;HRI;2012;7;18.07.2012;13.07.2012;06.08.2012; ; ;9;0.263213;4.3;90.3;161.4;107.300003;215.2;SSE-NNW;-9999;-9999;-9999;-9999;-9999; ; 
528;497;358;tornado;Medium;GFC;HRI;2012;7;18.07.2012;13.07.2012;06.08.2012; ; ;8;0.125145;2.3;61.3;158.5;79;158.5;SE-NW;-9999;-9999;-9999;-9999;-9999; ; 
505;488;359;squall;Medium;GFC;HRI;2012;7;18.07.2012;13.07.2012;23.08.2012; ; ;12;0.734018;4.2;201.1;490.9;240.699997;504.2;S-N;23909;20;-9999;-9999;-9999; ; 
523;486;359;squall;High;GFC;HRI;2012;7;18.07.2012;13.07.2012;23.08.2012; ; ;38;0.689564;13.5;109.1;313.6;238.800003;2513.1;S-N;23909;32;-9999;-9999;-9999; ; 
506;533;360;snowstorm;Medium;GFC;Landsat images;2012;-9999;Unknown;18.08.2012;14.04.2013; ; ;14;0.700885;5.3;209.9;533.6;333.299988;710.8;-9999;23913;44;-9999;-9999;-9999; ; 
507;493;361;squall;High;GFC (with Landsat-based clarification);Landsat images and weather station report;2012;7;18.07.2012;13.07.2012;16.08.2012;12.00 - 13.00;weather station report;1997;24.289548;71.8;391.7;1727.7;11292.90039;37559.2;SSE-NNW;23909;13;23;12;-9999; ;https://rg.ru/2012/07/19/reg-pfo/perm-uragan.html
508;494;361;squall;High;GFC (with Landsat-based clarification);Landsat images and weather station report;2012;7;18.07.2012;13.07.2012;07.08.2012;12.00 - 13.00;weather station report;998;24.84321;29.2;997.4;3871.7;6249.600098;10582.8;SSE-NNW;23909;33;23;15;-9999; ;https://rg.ru/2012/07/19/reg-pfo/perm-uragan.html
510;495;361;squall;High;GFC;HRI;2012;7;18.07.2012;13.07.2012;07.08.2012; ; ;9;0.247126;2;150;314;233.5;693.4;S-N;-9999;-9999;-9999;-9999;-9999; ; 
511;491;361;squall;High;GFC;HRI;2012;7;18.07.2012;29.06.2012;07.08.2012; ; ;36;0.920688;10.3;169.5;633;1041.5;5429.5;S-N;23909;19;-9999;-9999;-9999; ;https://rg.ru/2012/07/19/reg-pfo/perm-uragan.html
518;496;361;squall;High;GFC;HRI;2012;7;18.07.2012;13.07.2012;07.08.2012; ; ;189;1.127138;32.3;75.5;254.8;2591.800049;15883.9;SSE-NNW;-9999;-9999;-9999;-9999;-9999; ; 
521;482;361;squall;High;GFC (with Landsat-based clarification);Landsat images and weather station report;2012;7;18.07.2012;13.07.2012;16.08.2012;10.30 - 11.30;weather station report;2164;37.993597;79.9;549.6;2360.1;7698.399902;18696.2;S-N;28016;2;21;12;27; ;https://rg.ru/2012/07/19/reg-pfo/perm-uragan.html
509;504;362;squall;High;GFC (with Landsat-based clarification);Landsat images and weather station report;2012;7;18.07.2012;08.07.2012;18.08.2012;13.00 - 15.00;weather station report;274;10.331393;29.4;470.4;1568.2;4102.600098;13644.2;SSW-NNE;23913;11;18;15;-9999; ;https://rg.ru/2012/07/19/reg-pfo/perm-uragan.html
512;502;362;squall;High;GFC;HRI;2012;7;18.07.2012;08.07.2012;16.08.2012; ; ;46;0.55611;24.7;94.5;278.2;222.100006;1601.4;SSW-NNE;23913;31;-9999;-9999;-9999; ; 
513;489;362;squall;High;GFC (with Landsat-based clarification);HRI;2012;7;18.07.2012;17.07.2012;18.08.2012;11.00  -13.00; ;169;9.939495;49.7;318.4;948.8;1767.900024;9312.5;S-N;-9999;-9999;-9999;-9999;-9999; ;https://rg.ru/2012/07/19/reg-pfo/perm-uragan.html
515;484;362;squall;High;GFC;HRI;2012;7;18.07.2012;08.07.2012;02.08.2012;11.30 - 12.30;weather station report;69;0.80331;15.3;106.4;493.7;219.199997;946.2;S-N;28134;16;17;12;-9999; ;https://rg.ru/2012/07/19/reg-pfo/perm-uragan.html
516;481;362;squall;High;GFC (with Landsat-based clarification);Landsat images and weather station report;2012;7;18.07.2012;08.07.2012;14.04.2013;10.30 - 11.30;weather station report;89;1.420145;39.6;126;428.1;337.600006;3986.8;S-N;28234;10;18;12;-9999; ;http://accident.perm.ru/index.php/spravochnyj-razdel/fotografii/372-posledstviya-silnogo-shkvala-18-iyulya-2012-g-v-permskom-krae-i-udmurtii
522;503;362;squall;High;GFC (with Landsat-based clarification);Landsat images and weather station report;2012;7;18.07.2012;08.07.2012;16.08.2012;13.00 - 15.00;weather station report;1175;78.670205;59.9;1384.7;6700.2;8577.700195;22044.1;S-N;23913;8;18;15;-9999; ;https://rg.ru/2012/07/19/reg-pfo/perm-uragan.html
524;505;362;tornado;High;GFC;HRI;2012;7;18.07.2012;08.07.2012;09.08.2012; ; ;10;0.111893;4.6;64.3;132.8;73.099998;142.1;S-N;23913;35;-9999;-9999;-9999; ; 
514;483;363;squall;High;GFC (with Landsat-based clarification);Landsat images and weather station report;2012;7;18.07.2012;15.07.2012;16.08.2012;10.30 - 11.30;weather station report;199;3.999469;17.3;273.3;896.4;1367.599976;4286.4;S-N;28013;39;20;12;-9999;Large hail (22 mm);https://rg.ru/2012/07/19/reg-pfo/perm-uragan.html
517;487;364;tornado;High;Delineated manually from HRI;HRI;2012;7;18.07.2012;13.07.2012;23.08.2012; ; ;2;0.48251;2.8;165.1;270.7;188.100006;293;S-N;-9999;-9999;-9999;-9999;-9999; ; 
526;485;364;squall;High;GFC;HRI;2012;7;18.07.2012;13.07.2012;23.08.2012; ; ;64;0.574953;18.2;74;213.9;292.600006;2010.1;SSW-NNE;28016;46;-9999;-9999;-9999; ; 
519;480;365;squall;High;GFC (with Landsat-based clarification);HRI and eyewitness reports;2012;7;17.07.2012;11.07.2012;29.07.2012;13.00 - 14.00;https://thewikihow.com/video_KENO1P21TVo;70;1.272729;9.4;187.7;743.3;474.100006;1539.7;SW-NE;27498;20;-9999;-9999;-9999; ;https://www.marpravda.ru/news/selo/paranga-prihodit-v-sebya/
520;479;365;squall;High;GFC;HRI and eyewitness reports;2012;7;17.07.2012;11.07.2012;06.08.2012;12.00 - 13.00;https://thewikihow.com/video_KENO1P21TVo;42;0.999238;4.9;208.1;801.3;564.400024;1308.9;WSW-ENE;-9999;43;-9999;-9999;-9999; ;https://www.marpravda.ru/news/selo/paranga-prihodit-v-sebya/
525;499;366;squall;High;GFC;Landsat images and weather station report;2012;7;18.07.2012;08.07.2012;16.08.2012;11.00 - 12.00;weather station report;48;0.536722;6.4;109.2;407.4;413.399994;1667.5;SSE-NNW;23914;23;24;12;36;Heavy rainfall 36 mm/1 h;https://rg.ru/2012/07/19/reg-pfo/perm-uragan.html
529;506;367;tornado;High;GFC (with Landsat-based clarification);HRI;2012;8;07.08.2012;10.07.2012;18.08.2012;15.30 - 17.00;weather radar data;55;12.923981;78.9;346.9;1125.5;395.200012;1172.1;SSW-NNE;26099;6;17;21;-9999; ;http://47news.ru/articles/56574/
530;507;368;tornado;High;GFC;HRI;2012;8;07.08.2012;15.06.2012;18.08.2012;15.00 - 18.00;weather station report;24;2.300088;7;342.3;780.4;466.399994;1136.4;S-N;26094;25;22;18;-9999; ;http://47news.ru/articles/56574/
531;530;369;squall;High;GFC;HRI;2012;8;Unknown;02.08.2012;18.08.2012; ; ;56;0.719735;25.2;119.5;485.3;418.799988;2434.3;WSW-ENE;26092;1;-9999;-9999;-9999; ; 
479;532;370;squall;High;GFC;HRI;2012;-9999;Unknown;17.06.2012;10.04.2013; ; ;228;1.85789;17.7;159;672.5;1031.900024;3984.9;S-N;22456;40;-9999;-9999;-9999; ; 
532;558;371;squall;High;GFC;HRI;2013;-9999;Unknown;02.07.2013;11.09.2013; ; ;64;0.559635;4.5;156.9;409.7;842.900024;2664.6;WNW-ESE;-9999;-9999;-9999;-9999;-9999; ; 
533;559;372;squall;High;GFC;HRI;2013;-9999;Unknown;30.06.2013;11.09.2013; ; ;55;0.691124;5.4;205.6;842.4;567.400024;2079.2;WNW-ESE;-9999;-9999;-9999;-9999;-9999; ; 
534;550;373;squall;High;GFC;HRI;2013;-9999;Unknown;02.07.2013;09.08.2013; ; ;45;0.469641;4.3;134.1;484;403.100006;1552.2;SW-NE;22867;27;-9999;-9999;-9999; ; 
535;537;374;tornado;High;GFC;HRI;2013;5;24.05.2013;20.05.2013;05.06.2013;12.00 - 15.00;weather station report;10;0.762162;4.3;199.4;370.9;213.800003;423.8;WSW-ENE;27611;11;-9999;-9999;-9999; ; 
536;536;374;tornado;High;GFC;HRI;2013;5;24.05.2013;20.05.2013;05.06.2013;12.00 - 15.00;weather station report;3;0.091379;1.7;81;140.2;81;140.2;SW-NE;27611;5;-9999;-9999;-9999; ; 
537;538;374;squall;High;GFC;HRI;2013;5;24.05.2013;27.03.2013;23.06.2013;12.00 - 15.00;weather station report;50;1.032764;4.2;268.4;576.3;1196.300049;2554.6;SW-NE;27611;19;-9999;-9999;-9999; ; 
538;535;375;tornado;High;GFC;HRI;2013;5;24.05.2013;19.05.2013;03.06.2013;12.00 - 15.00; ;57;2.48223;18;257.3;705.4;411;957.7;S-N;26882;12;12;0;43;Heavy rainfall 43 mm/12h; 
539;534;376;tornado;High;Delineated manually from HRI;HRI;2013;5;23.05.2013;20.05.2013;05.06.2013;15.00 - 16.00;https://www.youtube.com/watch?v=qCjIAF8EKyc;3;0.079609;2.9;76;121.3;76;115.9;SW-NE;27611;18;-9999;-9999;-9999; ; 
540;545;377;squall;High;GFC;HRI;2013;6;Unknown;09.06.2013;02.07.2013; ; ;87;1.601661;10.2;220.4;962.8;764.700012;3548.9;SW-NE;-9999;-9999;-9999;-9999;-9999; ; 
541;544;378;squall;High;GFC;HRI;2013;6;Unknown;09.06.2013;25.06.2013; ; ;176;1.981585;15.1;199.6;605.9;1188.699951;4754.7;SW-NE;-9999;-9999;-9999;-9999;-9999; ; 
542;541;379;tornado;High;GFC;HRI;2013;6;18.06.2013;17.06.2013;24.06.2013; ; ;61;4.373424;28.5;176.7;563.7;209.300003;730.1;SW-NE;-9999;-9999;-9999;-9999;-9999; ; 
543;540;380;tornado;High;GFC;HRI;2013;6;17.06.2013;12.06.2013;27.06.2013;12.00 - 15.00;https://vk.com/wall-41106721_13323;88;8.360046;27.4;385;1255.2;527.099976;1604.3;W-E;28007;29;-9999;-9999;-9999; ; 
544;539;380;tornado;High;GFC;HRI;2013;6;17.06.2013;12.06.2013;27.06.2013;12.00 - 15.00;https://vk.com/wall-41106721_13323;21;6.213798;9.8;620.2;1708.6;724.400024;1749;W-E;28007;30;-9999;-9999;-9999; ; 
545;542;381;squall;High;GFC;Landsat images and weather station report;2013;7;23.07.2013;20.07.2013;27.07.2013;09.00 - 12.00;weather station report;62;0.691319;4.7;173.8;783.7;467.700012;1859.9;E-W;22887;45;19;12;30;Heavy rainfall 30 mm/12h; 
546;546;382;tornado;Medium;GFC;HRI;2013;7;Unknown;30.06.2013;23.07.2013; ; ;9;0.072102;8.2;39.2;120.1;39.200001;120.1;SW-NE;22854;23;-9999;-9999;-9999; ; 
547;547;383;tornado;High;GFC;HRI;2013;7;Unknown;30.06.2013;23.07.2013; ; ;9;0.075392;6.9;33.7;93;35.5;79.7;SSW-NNE;-9999;-9999;-9999;-9999;-9999; ; 
548;548;384;tornado;High;GFC;HRI;2013;7;Unknown;02.07.2013;26.07.2013; ; ;5;0.074026;1.2;81.4;186.4;86.199997;194.3;SW-NE;-9999;-9999;-9999;-9999;-9999; ; 
549;543;385;tornado;High;GFC;HRI and eyewitness reports;2013;7;31.07.2013;30.07.2013;07.08.2013;15;Eye-witness report;8;0.412681;6.1;132.5;265.4;148.600006;316.9;NE-SW;27485;28;-9999;-9999;-9999; ;https://www.youtube.com/watch?time_continue=152&v=O48XLLrogN4&feature=emb_title
550;549;386;tornado;High;GFC;HRI;2013;7;Unknown;14.07.2013;30.07.2013; ; ;4;0.137885;2.3;113.7;236.1;113.699997;209.8;WSW-ENE;27113;34;-9999;-9999;-9999; ; 
551;557;387;tornado;High;GFC;HRI;2013;8;Unknown;17.07.2013;04.09.2013; ; ;4;0.213;1.6;151.6;345.5;161.5;345.5;W-E;-9999;-9999;-9999;-9999;-9999; ; 
552;556;388;tornado;High;GFC;HRI;2013;8;Unknown;26.07.2013;02.09.2013; ; ;5;0.060489;1.6;53.6;123.5;56.700001;143.3;WSW-ENE;22676;49;-9999;-9999;-9999; ; 
553;555;388;tornado;High;GFC;HRI;2013;8;Unknown;26.07.2013;02.09.2013; ; ;11;0.126063;3.6;66.9;141.9;67.599998;141.9;WSW-ENE;22676;42;-9999;-9999;-9999; ; 
554;554;389;tornado;Medium;GFC;HRI;2013;8;Unknown;08.08.2013;31.08.2013; ; ;10;0.073148;1.6;53.1;154.3;55.5;114.5;SSW-NNE;22951;38;-9999;-9999;-9999; ; 
555;551;390;tornado;High;GFC;HRI;2013;8;Unknown;14.07.2013;15.08.2013; ; ;5;0.052686;2;55.7;126;57.700001;78.3;WSW-ENE;27108;16;-9999;-9999;-9999; ; 
556;552;390;tornado;High;GFC;HRI;2013;8;Unknown;14.07.2013;15.08.2013; ; ;5;0.124553;1.8;85;245.9;86.599998;245.9;WSW-ENE;27108;22;-9999;-9999;-9999; ; 
557;553;391;tornado;High;GFC;HRI;2013;8;Unknown;05.08.2013;19.08.2013; ; ;15;0.406855;4.6;117.8;258.2;127.099998;215.5;SW-NE;-9999;-9999;-9999;-9999;-9999; ; 
558;568;392;tornado;High;GFC;HRI;2014;-9999;Unknown;07.07.2014;01.08.2014; ; ;8;0.066622;4.2;45.9;143.1;58.200001;192.2;SW-NE;22695;46;-9999;-9999;-9999; ; 
559;569;393;tornado;High;GFC;HRI;2014;-9999;Unknown;23.07.2014;07.08.2014; ; ;2;0.082751;0.9;81.1;159.4;96.5;184.3;NW-SE;27174;35;-9999;-9999;-9999; ; 
560;571;394;tornado;High;GFC;HRI;2014;-9999;Unknown;27.07.2014;13.09.2014; ; ;42;0.692446;17.1;89.4;276.5;110.199997;335.4;S-N;22602;29;-9999;-9999;-9999; ; 
561;560;395;squall;High;GFC (with Landsat-based clarification);Landsat images and weather station report;2014;7;02.07.2014;02.07.2014;09.07.2014;12.00 - 18.00;weather station report;231;6.781331;36;344.7;2135.6;1378.300049;5276.5;SSW-NNE;27215;12;19;15;-9999; ; 
562;567;396;tornado;High;Delineated manually from Landsat images;Landsat images and eyewitness reports;2014;8;29.08.2014;22.08.2014;23.09.2014;11.40 - 13.00;https://link.springer.com/article/10.3103/S1068373915120031;8;1.35586;31.9;307.3;685.9;307.299988;685.9;SW-NE;28419;11;22;13;-9999;tornado was reported by the weather station;https://link.springer.com/article/10.3103/S1068373915120031
563;572;397;tornado;High;GFC;HRI;2014;8;Unknown;04.08.2014;21.09.2014; ; ;14;0.141055;5.2;57.3;131.9;57.299999;131.9;SW-NE;22951;43;-9999;-9999;-9999; ; 
564;565;398;squall;High;Delineated manually from Landsat images;Landsat images and eyewitness reports;2014;8;17.08.2014;07.08.2014;22.08.2014;12.50 - 13.10;http://method.meteorf.ru/publ/tr/tr368/01.pdf;39;5.938184;15;544.2;1473.1;808.299988;1661.2;WSW-ENE;28413;7;19;15;-9999; ;http://accident.perm.ru/index.php/monitoring/otchety-ob-opasnykh-yavleniyakh-pogody/533-2014-08-17-downburst
565;566;398;squall;High;Delineated manually from HRI;Landsat images and newspaper reports;2014;8;17.08.2014;07.08.2014;22.08.2014;13.00 - 14.00;Eye-witness report;14;2.028512;14.3;358.6;999.3;441;1042.8;WSW-ENE;28319;25;-9999;-9999;-9999; ;http://accident.perm.ru/index.php/monitoring/otchety-ob-opasnykh-yavleniyakh-pogody/533-2014-08-17-downburst
566;564;399;squall;High;Delineated manually from HRI;Landsat images and newspaper reports;2014;8;16.08.2014;07.08.2014;25.09.2014;18.00 - 21.00;http://tan-barda.ru/postradalo-77-obektov/;5;2.993354;12.3;526;1696.2;605.799988;1772.2;WSW-ENE;28428;38;-9999;-9999;-9999; ;http://tan-barda.ru/postradalo-77-obektov/
567;561;400;tornado;High;GFC;HRI;2014;8;13.08.2014;04.08.2014;18.08.2014;12.00 - 18.00;weather station report;35;0.734705;15.8;109.3;374.5;130.399994;428.3;SW-NE;22471;44;-9999;-9999;-9999; ; 
568;573;401;tornado;High;GFC;HRI;2014;8;Unknown;04.08.2014;21.09.2014; ; ;7;0.15537;4.1;73.6;151.2;73.599998;137.4;SSW-NNE;22954;25;-9999;-9999;-9999; ; 
569;562;402;squall;High;GFC (with Landsat-based clarification);HRI;2014;8;15.08.2014;15.08.2014;23.08.2014; ; ;46;0.671414;6.5;139.4;513.7;340.600006;1409.5;WSW-ENE;27277;47;-9999;-9999;-9999; ; 
570;570;403;squall;High;GFC;HRI;2014;8;Unknown;15.08.2014;23.08.2014; ; ;46;1.539089;11.9;332;724.2;625.099976;1181.6;SW-NE;27453;15;-9999;-9999;-9999; ; 
571;563;404;tornado;Medium;GFC;HRI;2014;8;15.08.2014;13.08.2014;24.08.2014; ; ;6;0.185967;2.2;93.5;296.1;93.800003;302.6;WSW-ENE;27538;20;-9999;-9999;-9999; ; 
572;598;405;tornado;Medium;GFC;HRI;2015;-9999;Unknown;04.06.2015;07.08.2015; ; ;7;0.213108;6.2;105.1;277.9;106.5;173.8;SW-NE;23905;44;-9999;-9999;-9999; ; 
573;593;406;tornado;High;GFC;HRI;2015;-9999;Unknown;08.05.2015;19.07.2015; ; ;6;0.195572;2.6;97.6;167.3;97.599998;167.3;W-E;-9999;-9999;-9999;-9999;-9999; ; 
574;597;407;squall;High;GFC;HRI;2015;-9999;Unknown;04.06.2015;06.08.2015; ; ;85;0.502555;10;82.3;294.3;344.5;1473.1;SW-NE;23803;5;-9999;-9999;-9999; ; 
575;601;408;squall;High;GFC;HRI;2015;-9999;Unknown;08.06.2015;27.08.2015; ; ;31;0.394176;7;88.2;273.6;122.5;667.1;SW-NE;27271;32;-9999;-9999;-9999; ; 
576;594;409;squall;High;GFC;HRI;2015;-9999;Unknown;23.06.2015;30.07.2015; ; ;102;1.597099;11.7;184.7;922.4;571.299988;2531.2;WSW-ENE;27526;6;-9999;-9999;-9999; ; 
577;599;410;tornado;High;GFC;HRI;2015;-9999;Unknown;18.07.2015;11.08.2015; ; ;13;0.426344;4.6;136.3;346.7;157.399994;381.7;WSW-ENE;26389;14;-9999;-9999;-9999; ; 
578;596;411;tornado;High;Delineated manually from HRI;HRI;2015;-9999;Unknown;16.06.2015;05.08.2015; ; ;16;0.315645;17.7;90.1;191.1;90.099998;166.2;SW-NE;26389;49;-9999;-9999;-9999; ; 
579;595;411;squall;High;GFC;HRI;2015;-9999;Unknown;25.06.2015;04.08.2015; ; ;27;0.472327;6.2;133.9;325.3;296.200012;2045.4;SSW-NNE;-9999;-9999;-9999;-9999;-9999; ; 
580;600;412;squall;High;GFC;HRI;2015;-9999;Unknown;30.05.2015;13.08.2015; ; ;39;1.302296;9;185.8;436.5;290.799988;1206.7;NW-SE;27252;21;-9999;-9999;-9999; ; 
581;576;413;squall;High;Delineated manually from Landsat images;Landsat images and newspaper reports;2015;6;16.06.2015;22.05.2015;23.06.2015;11.00 - 11.30;http://method.meteorf.ru/publ/tr/tr368/01.pdf;32;5.235777;12.8;491.8;1304.5;789.200012;1755.7;WSW-ENE;28029;10;-9999;-9999;-9999; ;http://method.meteorf.ru/publ/tr/tr368/01.pdf
582;575;414;tornado;High;GFC;HRI;2015;6;14.06.2015;23.05.2015;28.07.2015; ; ;4;0.297888;3.5;109.7;205.9;111.400002;197.4;SW-NE;-9999;-9999;-9999;-9999;-9999; ; 
583;578;415;squall;High;GFC (with Landsat-based clarification);HRI;2015;6;27.06.2015;23.06.2015;01.07.2015; ; ;404;11.149614;41.9;325.5;1548.3;963.200012;3212.4;SW-NE;27066;47;-9999;-9999;32;Heavy rainfall 32 mm/12h; 
584;579;416;squall;High;GFC;HRI;2015;6;27.06.2015;21.06.2015;29.06.2015; ; ;146;2.704207;15.6;220.2;674.7;681.299988;1974.1;SW-NE;22954;38;-9999;-9999;-9999; ; 
585;577;417;squall;High;GFC (with Landsat-based clarification);HRI;2015;6;21.06.2015;14.06.2015;29.06.2015;18.00 - 21.00;weather station report;80;0.972947;28.3;125.9;478.6;386.100006;2453.6;SW-NE;27242;17;17;21;39;Heavy rainfall 39 mm/12h; 
586;574;418;tornado;High;GFC;HRI;2015;6;02.06.2015;08.05.2015;17.06.2015;13;https://vk.com/video-25867865_171698628;9;0.761501;7.1;273.1;477.6;321;618.6;S-N;27373;35;-9999;-9999;-9999; ;https://vk.com/video-25867865_171698628
587;585;419;tornado;Medium;Delineated manually from Landsat images;Landsat images;2015;7;30.07.2015;25.07.2015;11.09.2015; ; ;2;0.089579;1.3;71.9;104.1;71.900002;104.1;WSW-ENE;23913;21;-9999;-9999;-9999; ; 
588;581;420;tornado;High;GFC;HRI;2015;7;04.07.2015;26.05.2015;06.07.2015; ; ;13;0.16319;8;55.5;156.3;65;156.3;NW-SE;22954;46;-9999;-9999;-9999; ; 
589;582;421;tornado;High;GFC;HRI;2015;7;04.07.2015;23.06.2015;16.07.2015;15.00 - 18.00;weather station report;56;1.470701;29.5;112.2;368.3;134.300003;474.3;NW-SE;27355;25;17;18;-9999; ; 
590;579;422;tornado;High;GFC;HRI and newspaper reports;2015;7;03.07.2015;02.07.2015;18.07.2015;12.00 - 15.00;weather station report;16;0.67532;4.4;187.8;485.8;258.600006;530.7;NW-SE;22721;34;-9999;-9999;-9999; ;https://gubdaily.ru/blog/news/na-karelskuyu-derevnyu-obrushilsya-uragan-i-snes-mestnoe-kladbishhe-foto/
591;580;422;tornado;High;GFC;HRI and newspaper reports;2015;7;03.07.2015;02.07.2015;18.07.2015;12.00 - 15.00;weather station report;55;1.20437;14.9;121.9;361.4;167.600006;536.2;NW-SE;22727;34;-9999;-9999;-9999; ;https://gubdaily.ru/blog/news/na-karelskuyu-derevnyu-obrushilsya-uragan-i-snes-mestnoe-kladbishhe-foto/
592;583;423;squall;High;GFC (with Landsat-based clarification);Landsat images and weather station report;2015;7;26.07.2015;25.07.2015;05.08.2015;12.00 - 15.00;weather station report;306;8.410285;58.6;238.8;1253.9;1276.699951;6431.1;SW-NE;26378;11;16;15;-9999; ; 
593;586;424;tornado;High;GFC;HRI;2015;8;08.08.2015;27.07.2015;20.08.2015;15.00 - 21.00;weather station report;6;0.552654;3.5;156.5;412.4;161.199997;415.2;WNW-ESE;-9999;-9999;-9999;-9999;-9999; ; 
594;587;425;snowstorm;High;GFC;Landsat images and newspaper reports;2015;10;08.10.2015;19.08.2015;05.03.2016;15.00 - 21.00;weather station report;66;0.789934;27.8;139.2;833.6;539.900024;2364.1;-9999;-9999;-9999;-9999;-9999;30;Heavy snowfall (30 mm/12h); 
595;588;425;snowstorm;High;GFC;Landsat images and newspaper reports;2015;10;08.10.2015;09.08.2015;06.03.2016;15.00 - 21.00;weather station report;20;0.616438;1.8;324;744.2;688.900024;1258.5;-9999;-9999;-9999;-9999;-9999;30;Heavy snowfall (30 mm/12h); 
596;590;425;snowstorm;High;GFC;Landsat images and newspaper reports;2015;10;08.10.2015;25.07.2015;14.02.2016;15.00 - 21.00;weather station report;1062;31.655001;69.3;673.5;3400.1;3945.600098;17057.5;-9999;23913;28;17;21;30;Heavy snowfall (30 mm/12h);http://www.vishersky.ru/news/raschistka-trop-na-territorii-zapovednika-visherskiy-prodolzhaetsya-ves-yanvar
597;589;425;snowstorm;High;GFC;Landsat images and newspaper reports;2015;10;08.10.2015;25.07.2015;14.02.2016;15.00 - 21.00;weather station report;251;2.813179;21.5;228.9;884.6;1610.099976;6624.3;-9999;-9999;-9999;-9999;-9999;30;Heavy snowfall (30 mm/12h);http://www.vishersky.ru/news/raschistka-trop-na-territorii-zapovednika-visherskiy-prodolzhaetsya-ves-yanvar
598;591;425;snowstorm;High;GFC;Landsat images and newspaper reports;2015;10;08.10.2015;11.09.2015;14.04.2016;15.00 - 21.00;weather station report;160;4.283428;16.9;337.5;1561.3;785.700012;2788.3;-9999;23919;46;-9999;-9999;30;Heavy snowfall (30 mm/12h);http://www.vishersky.ru/news/raschistka-trop-na-territorii-zapovednika-visherskiy-prodolzhaetsya-ves-yanvar
599;592;425;snowstorm;High;GFC;Landsat images and newspaper reports;2015;10;08.10.2015;08.08.2015;22.05.2016;15.00 - 21.00;weather station report;16;0.798868;20;194.9;849;293.299988;1061.1;-9999;-9999;-9999;-9999;-9999;30;Heavy snowfall (30 mm/12h); 
600;632;426;squall;High;GFC;Sentinel-2 images;2016;-9999;Unknown;30.05.2016;09.07.2016; ; ;22;0.578895;2.1;269.3;578.3;527;1111.9;WNW-ESE;28009;39;-9999;-9999;-9999; ; 
601;637;427;tornado;High;GFC;Sentinel-2 images;2016;-9999;Unknown;22.07.2016;11.08.2016; ; ;14;0.114466;3.7;64;140.7;67.800003;140.7;W-E;22798;42;-9999;-9999;-9999; ; 
602;633;428;tornado;High;GFC;Sentinel-2 images;2016;-9999;Unknown;19.06.2016;22.07.2016; ; ;20;0.422672;8.2;92.5;274;101.400002;274;WNW-ESE;-9999;-9999;-9999;-9999;-9999; ; 
603;640;429;tornado;Medium;GFC;Sentinel-2 images;2016;-9999;Unknown;21.07.2016;22.08.2016; ; ;24;0.20875;7.4;58.7;143;68.599998;143;SSW-NNE;-9999;-9999;-9999;-9999;-9999; ; 
604;643;430;tornado;High;GFC;HRI;2016;-9999;Unknown;06.08.2016;01.09.2016; ; ;12;0.212114;3.7;90.2;199.9;112.300003;261.8;SSW-NNE;22939;26;-9999;-9999;-9999; ; 
605;641;431;tornado;Medium;GFC;Sentinel-2 images;2016;-9999;Unknown;28.07.2016;22.08.2016; ; ;10;0.123853;7.2;28.4;176.4;45.5;2221.1;SSW-NNE;-9999;-9999;-9999;-9999;-9999; ; 
606;622;432;squall;High;GFC;Sentinel-2 images;2016;8;08.08.2016;25.07.2016;22.08.2016;09.00 - 12.00;weather station report;28;0.452954;4.2;162.3;460.1;473.600006;1078.8;WSW-ENE;22798;8;15;12;-9999; ; 
627;621;432;squall;High;GFC (with clarification by Sentinel-2 images);Sentinel-2 images and newspaper reports;2016;8;08.08.2016;05.08.2016;11.08.2016;08.00 - 09.00;https://stormnews.ru/archives/33156;267;3.294021;39.1;149.9;748.9;853.200012;5190.3;SW-NE;22887;34;-9999;-9999;-9999; ;https://stormnews.ru/archives/33156
628;620;432;squall;High;GFC (with clarification by Sentinel-2 images);Sentinel-2 images and newspaper reports;2016;8;08.08.2016;07.08.2016;17.08.2016;07.00 - 08.00;https://stormnews.ru/archives/33156;167;1.659613;35.9;104.4;406.6;496.600006;5525.4;SW-NE;22887;14;15;9;-9999; ;https://stormnews.ru/archives/33156
607;636;433;squall;High;GFC;Sentinel-2 images;2016;-9999;Unknown;27.07.2016;07.08.2016; ; ;28;0.260412;2.9;102.7;238.6;202.399994;782.6;SW-NE;27164;44;-9999;-9999;-9999; ; 
608;635;434;squall;High;GFC;Sentinel-2 images;2016;-9999;Unknown;19.06.2016;28.07.2016; ; ;18;0.267334;1.8;160.8;552.8;460.5;1200.3;WNW-ESE;26389;44;-9999;-9999;-9999; ; 
609;606;435;squall;High;GFC (with clarification by Sentinel-2 images);Sentinel-2 images and newspaper reports;2016;6;27.06.2016;18.06.2016;04.07.2016; ; ;197;3.810472;27.1;296.9;899.4;1338.199951;3809;W-E;27563;19;-9999;-9999;-9999; ;https://progorodnn.ru/news/61931
610;602;436;tornado;Medium;GFC;Sentinel-2 images;2016;6;21.06.2016;19.06.2016;26.06.2016; ; ;5;0.094379;1.6;74.7;162.1;78.800003;162.1;WSW-ENE;26672;47;-9999;-9999;-9999; ; 
611;603;437;squall;High;GFC (with clarification by Sentinel-2 images);Sentinel-2 images and weather station report;2016;6;21.06.2016;20.06.2016;27.06.2016;09.00 - 12.00;weather station report;304;3.758111;42;157;722.2;1242.599976;7180;SW-NE;26695;21;20;12;-9999; ;https://www.vyazmanews.net/hotnews/2896-uragan-v-vyazme-210616-foto.html
612;605;438;squall;High;GFC (with clarification by Sentinel-2 images);Sentinel-2 images and weather station report;2016;6;27.06.2016;23.06.2016;01.07.2016;08.00 - 09.00;weather station report;108;1.464441;7;226.2;635.3;1706;4902.5;WNW-ESE;27538;36;26;9;-9999; ;https://www.ntv.ru/novosti/1639099/
613;604;438;squall;High;GFC (with clarification by Sentinel-2 images);Sentinel-2 images and weather station report;2016;6;27.06.2016;23.06.2016;01.07.2016;08.00 - 09.00;weather station report;31;0.281116;8.6;81.2;161.6;108.400002;190.2;NW-SE;27538;4;26;9;-9999; ;https://www.ntv.ru/novosti/1639099/
614;612;439;tornado;High;GFC;HRI;2016;7;30.07.2016;27.07.2016;06.08.2016; ; ;6;0.142655;2.1;73.7;119.5;73.900002;119.5;S-N;-9999;-9999;-9999;-9999;-9999; ;<NULL>
615;608;440;tornado;High;GFC (with clarification by Sentinel-2 images);HRI and newspaper reports;2016;7;13.07.2016;29.06.2016;15.07.2016;18.30 - 19.30;weather radar data;127;5.104358;45.2;186;872.7;263.600006;1238.3;W-E;27509;7;-9999;-9999;-9999; ;http://meteoweb.ru/news/2016/07/wn2016071800.php
616;609;440;tornado;High;GFC (with clarification by Sentinel-2 images);HRI and newspaper reports;2016;7;13.07.2016;29.06.2016;15.07.2016;20.00 - 20.30;weather radar data;29;0.364376;7.8;116;271.1;157.399994;352.4;WSW-ENE;27612;5;21;21;-9999; ;http://krai77.blogspot.com/2016/07/13.html
617;611;441;tornado;High;GFC;HRI;2016;7;15.07.2016;13.07.2016;17.07.2016; ; ;18;0.699448;14.2;128.4;388.2;139.199997;431.9;SSW-NNE;26167;30;-9999;-9999;-9999; ; 
618;610;441;tornado;High;GFC;HRI;2016;7;15.07.2016;13.07.2016;17.07.2016; ; ;4;0.11912;4;106.5;160.2;111.800003;155.1;SSW-NNE;26167;26;-9999;-9999;-9999; ; 
619;614;442;tornado;High;GFC;HRI;2016;7;31.07.2016;27.07.2016;04.08.2016; ; ;20;0.591263;8.9;116.8;388.9;133;412.7;SSW-NNE;26092;34;-9999;-9999;-9999; ; 
620;613;443;tornado;High;GFC;HRI;2016;7;30.07.2016;27.07.2016;04.08.2016; ; ;29;1.316915;17.1;149.9;356.2;163;521.5;S-N;22913;18;-9999;-9999;-9999; ;https://peteronline.ru/2016/08/01/Posledstviya-uragana-proshedshego-v-len-obl-Lodeiynopol-skiiy/
621;634;444;tornado;High;Delineated manually from Sentinel-2 images;Sentinel-2 images;2016;7;Unknown;07.07.2016;27.07.2016; ; ;8;0.341377;3.6;110.9;242.6;116.5;250.9;WNW-ESE;-9999;-9999;-9999;-9999;-9999; ; 
622;607;445;tornado;Medium;GFC;Sentinel-2 images;2016;7;13.07.2016;10.07.2016;27.07.2016; ; ;18;0.446039;5.8;100.7;356.2;112.900002;356.2;WSW-ENE;26686;31;-9999;-9999;-9999; ; 
623;638;446;squall;High;GFC;Sentinel-2 images;2016;8;Unknown;01.08.2016;11.08.2016; ; ;145;1.024186;35.5;88.2;300.3;536.700012;5094.4;S-N;22889;44;-9999;-9999;-9999; ; 
624;627;447;squall;High;GFC (with clarification by Sentinel-2 images);Sentinel-2 images;2016;8;15.08.2016;12.08.2016;21.08.2016;12.00 - 15.00;weather station report;136;2.3931;12.1;223.4;1009.7;792.299988;3299.8;SSE-NNW;-9999;-9999;-9999;-9999;-9999; ;http://vustug-info.ru/news-313643
638;628;447;squall;High;GFC;Sentinel-2 images and weather station report;2016;8;15.08.2016;07.08.2016;17.08.2016;12.00 - 15.00;weather station report;25;0.227244;5;84;321.9;196.100006;1055.6;S-N;22981;15;24;15;-9999; ;http://vustug-info.ru/news-313643
625;645;448;squall;High;GFC;Sentinel-2 images;2016;8;Unknown;02.08.2016;29.04.2017; ; ;54;0.399086;5.8;88.5;322.3;421.299988;2800.1;SSW-NNE;-9999;-9999;-9999;-9999;-9999; ; 
626;631;449;tornado;High;GFC;Sentinel-2 images;2016;8;15.08.2016;31.07.2016;06.11.2016; ; ;11;0.196395;4.9;75.9;117.7;77.199997;156.8;S-N;22867;48;-9999;-9999;-9999; ; 
633;630;449;tornado;High;GFC;Sentinel-2 images;2016;8;15.08.2016;09.08.2016;18.08.2016; ; ;9;0.149651;3.5;59.7;118.7;59.700001;118.7;S-N;-9999;-9999;-9999;-9999;-9999; ; 
629;616;450;tornado;High;GFC;Sentinel-2 images;2016;8;06.08.2016;27.07.2016;21.08.2016;09.00 - 12.00;weather station report and Meteosat-8 images;9;0.186057;4.6;98.9;235.6;113.5;267.4;SW-NE;22829;33;-9999;-9999;-9999; ; 
631;619;450;squall;Medium;GFC;Sentinel-2 images;2016;8;06.08.2016;27.07.2016;09.08.2016;09.00 - 12.00;weather station report and Meteosat-8 images;40;2.495894;5.6;455.1;968.2;660.900024;1418.8;WSW-ENE;22831;33;-9999;-9999;-9999; ; 
630;642;451;tornado;Medium;GFC;Sentinel-2 images;2016;8;Unknown;06.08.2016;22.08.2016; ; ;12;1.851119;4.5;403.6;889;453.700012;947.5;WSW-ENE;-9999;-9999;-9999;-9999;-9999; ; 
632;626;452;tornado;Medium;GFC;Sentinel-2 images;2016;8;15.08.2016;11.08.2016;06.09.2016; ; ;6;0.143179;2.5;68.8;143.4;72;143.4;S-N;-9999;-9999;-9999;-9999;-9999; ; 
634;625;453;tornado;High;GFC (with clarification by Sentinel-2 images);Sentinel-2 images;2016;8;15.08.2016;11.08.2016;06.09.2016; ; ;22;0.476766;15;91.4;286.1;102.699997;313.3;S-N;27157;33;-9999;-9999;-9999; ; 
635;629;453;squall;Medium;GFC (with clarification by Sentinel-2 images);Sentinel-2 images;2016;8;15.08.2016;11.08.2016;19.08.2016;12.00 - 15.00;weather station report;64;1.350708;12.8;176.1;597.4;378.200012;1192.2;SSE-NNW;27051;47;15;15;-9999; ; 
636;623;454;squall;High;GFC;Sentinel-2 images;2016;8;08.08.2016;25.07.2016;11.08.2016; ; ;84;0.72017;29.3;96.8;334.9;223.199997;1238.6;WSW-ENE;-9999;-9999;-9999;-9999;-9999; ; 
637;618;455;tornado;Medium;GFC;Sentinel-2 images;2016;8;06.08.2016;27.07.2016;09.08.2016;09.00 - 12.00;weather station report and Meteosat-8 images;11;0.313098;4.4;107.4;223.5;120.599998;286.7;SW-NE;22831;35;-9999;-9999;-9999; ; 
641;617;455;tornado;High;GFC (with clarification by Sentinel-2 images);HRI;2016;8;06.08.2016;27.07.2016;09.08.2016;09.00 - 12.00;weather station report and Meteosat-8 images;39;4.400068;16.9;369.3;1133.3;427.399994;1159;SW-NE;22831;21;-9999;-9999;-9999; ; 
639;624;456;squall;High;GFC;Sentinel-2 images;2016;8;15.08.2016;07.08.2016;01.09.2016;12.00 - 15.00;weather station report;6;0.476662;1.8;247.9;487.9;333.399994;508.9;SSE-NNW;27164;25;16;15;-9999; ; 
640;639;457;squall;Medium;GFC;Sentinel-2 images;2016;8;Unknown;06.08.2016;19.08.2016; ; ;25;0.363233;5.4;99.8;287.2;154;402.8;SSW-NNE;27008;16;-9999;-9999;-9999; ; 
642;615;458;tornado;High;GFC;Sentinel-2 images;2016;8;06.08.2016;27.07.2016;22.08.2016;09.00 - 12.00;weather station report and Meteosat-8 images;9;0.133865;4;65.5;168.8;65.699997;155.7;SW-NE;22820;15;-9999;-9999;35;Heavy rainfall 35 mm/12h;http://mashezero.cerkov.ru/2016/10/24/smerch-nad-mashozero-6-avgusta-2016-g/
643;644;459;tornado;High;GFC;Sentinel-2 images;2016;9;Unknown;06.09.2016;05.10.2016; ; ;5;0.092626;2.7;66.2;168;66.199997;168;WSW-ENE;26092;33;-9999;-9999;-9999; ; 
644;700;460;tornado;Medium;GFC;Sentinel-2 images;2017;-9999;Unknown;25.08.2017;28.10.2017; ; ;6;0.134113;3.5;68.7;210;68.699997;105;SW-NE;27097;34;-9999;-9999;-9999; ; 
648;652;461;tornado;High;GFC;Sentinel-2 images;2017;6;30.06.2017;08.06.2017;11.07.2017;12.00  -15.00;weather station report;9;0.124854;4.5;55.8;157.8;67.199997;157.8;S-N;27611;6;15;18;43;Heavy rainfall (43 mm/12h); 
645;649;462;tornado;High;GFC;HRI;2017;5;29.05.2017;24.05.2017;30.06.2017; ; ;10;0.378377;2.9;180.7;396.4;205.699997;396.4;WNW-ESE;27643;36;-9999;-9999;-9999; ; 
646;648;463;tornado;High;GFC;HRI;2017;5;29.05.2017;25.05.2017;28.06.2017; ; ;16;0.342813;5;102.1;365.6;142.300003;402;W-E;27539;32;27;15;-9999; ; 
647;647;464;tornado;Medium;GFC (with clarification by Sentinel-2 images);Sentinel-2 images;2017;5;29.05.2017;27.05.2017;28.06.2017;12.00  -15.00;weather station report;29;0.261273;10.9;68.2;222.6;86.800003;1031.1;WSW-ENE;27538;9;27;15;-9999; ;https://www.shatura.ru/news/v-shature-ustranyayut-posledstviya-uragana/
669;646;464;squall;High;GFC (with clarification by Sentinel-2 images);Sentinel-2 images and weather station report;2017;5;29.05.2017;27.05.2017;09.06.2017;12.00  -15.00;weather station report;213;3.702164;55.4;162.2;1177.1;2545.899902;19860.6;WNW-ESE;27523;13;24;15;-9999; ;http://inpavposad.ru/novosti/zhizn_rayona/posledstviya-proshedshego-29-maya-uragana-likvidiruyut-v-pavlovskom-posade
649;650;465;tornado;High;Delineated manually from Sentinel-2 images;Sentinel-2 images;2017;6;20.06.2017;20.05.2017;10.07.2017;14.45;http://jr.rse.cosmos.ru/article.aspx?id=1948;8;0.462153;7.3;115.4;267.2;121.5;308.1;W-E;26585;5;-9999;-9999;49; ; 
650;651;465;tornado;High;Delineated manually from Sentinel-2 images;Sentinel-2 images;2017;6;20.06.2017;20.05.2017;10.07.2017;15;http://jr.rse.cosmos.ru/article.aspx?id=1948;8;0.244215;5.8;104.4;209.5;104.400002;161;W-E;26585;14;-9999;-9999;-9999; ; 
651;665;466;tornado;High;Delineated manually from Sentinel-2 images;Sentinel-2 images;2017;7;30.07.2017;29.07.2017;08.08.2017;15.00 - 18.00;weather station report;5;0.147732;2.5;60.5;105.8;60.5;105.8;S-N;22867;18;19;18;-9999; ; 
654;666;466;squall;High;GFC (with clarification by Sentinel-2 images);Sentinel-2 images;2017;7;30.07.2017;29.07.2017;02.08.2017;18.00 - 21.00;weather station report;553;9.503335;63;244;1238.8;1056.099976;4079.8;SW-NE;22768;24;-9999;-9999;49;Heavy rainfall 49 mm/12h; 
661;665;466;tornado;High;GFC;Sentinel-2 images;2017;7;30.07.2017;29.07.2017;12.08.2017;15.00 - 18.00;weather station report;8;0.099808;1.9;84.1;181.2;84.099998;155.3;SW-NE;22867;71;19;18;-9999; ; 
652;659;467;tornado;High;Delineated manually from Sentinel-2 images;Sentinel-2 images;2017;7;30.07.2017;29.07.2017;12.08.2017;13.00 - 14.00;http://jr.rse.cosmos.ru/article.aspx?id=1948;32;0.292103;16.4;57.6;141.4;61.200001;292.5;SW-NE;22762;89;-9999;-9999;61;Heavy rainfall (61 mm/24 h);http://jr.rse.cosmos.ru/article.aspx?id=1948
653;660;467;tornado;High;Delineated manually from Sentinel-2 images;Sentinel-2 images;2017;7;30.07.2017;29.07.2017;12.08.2017;13.00 - 14.00;http://jr.rse.cosmos.ru/article.aspx?id=1948;6;0.054531;1.5;50.8;81.7;50.799999;81.7;SSW-NNE;22762;66;-9999;-9999;61;Heavy rainfall (61 mm/24 h);http://jr.rse.cosmos.ru/article.aspx?id=1948
658;657;467;tornado;Medium;GFC;Sentinel-2 images;2017;7;30.07.2017;12.07.2017;21.08.2017;12.00 - 15.00;weather station report;16;0.198318;7.7;68.4;219.5;74.699997;240.9;SW-NE;22854;34;19;15;-9999; ; 
659;658;467;squall;High;GFC;Sentinel-2 images and weather station report;2017;7;30.07.2017;29.07.2017;21.08.2017;12.00 - 15.00;weather station report;176;1.97275;13.4;245.5;744.8;2632.199951;5728.2;SSW-NNE;22749;32;25;15;-9999; ; 
660;656;467;squall;High;GFC;Sentinel-2 images and weather station report;2017;7;30.07.2017;12.07.2017;21.08.2017;12.00 - 15.00;weather station report;74;1.005044;25.2;103.3;385.6;292;2781.9;SW-NE;22854;24;19;15;-9999; ; 
655;663;468;tornado;Medium;GFC;Sentinel-2 images;2017;7;30.07.2017;26.07.2017;08.08.2017;15.00 - 18.00;weather station report;8;0.218131;2.2;118;235.7;142.800003;252.8;SSW-NNE;22563;4;-9999;-9999;-9999; ; 
656;661;468;squall;High;GFC;Sentinel-2 images;2017;7;30.07.2017;29.07.2017;12.08.2017;12.00 - 15.00;weather station report;26;0.417322;8.7;69.2;279.9;209.899994;3509.6;SW-NE;22559;48;17;15;31;Heavy rainfall 31 mm/12h; 
663;662;468;tornado;High;GFC;Sentinel-2 images;2017;7;30.07.2017;26.07.2017;08.08.2017;15.00 - 18.00;weather station report;11;0.132747;2.7;72.9;179.9;79.400002;205.6;SW-NE;22563;12;-9999;-9999;-9999; ; 
657;695;469;tornado;Medium;GFC;Sentinel-2 images;2017;7;Unknown;20.07.2017;30.07.2017; ; ;3;0.064567;1.1;76.9;118;84.599998;98.3;W-E;22798;8;-9999;-9999;-9999; ; 
662;654;470;tornado;High;GFC;Sentinel-2 images;2017;7;23.07.2017;16.07.2017;30.07.2017; ; ;7;0.639745;6.4;173.3;337.3;174.100006;337.3;ENE-WSW;-9999;-9999;-9999;-9999;-9999; ; 
664;655;471;squall;High;GFC (with clarification by Sentinel-2 images);Sentinel-2 images and weather station report;2017;7;30.07.2017;20.07.2017;02.08.2017;13.00 - 14.00;weather station report and Meteosat-8 images;393;18.176991;15.8;1152.9;3915.9;3520.5;6438.8;SE-NW;27271;57;24;15;-9999; ;https://www.1tv.ru/news/2017-07-31/329821-iz_za_grozy_bez_sveta_ostalis_okolo_20_tysyach_chelovek_v_kostromskoy_i_kirovskoy_oblastyah
665;667;472;tornado;High;GFC;Sentinel-2 images and eyewitness reports;2017;7;30.07.2017;27.07.2017;02.08.2017;18.00 - 21.00;weather station report;11;1.290074;3.8;320.3;664.2;401.399994;997.8;SSE-NNW;27498;9;25;21;-9999; ;https://www.marimedia.ru/news/society/item/63819/
666;668;472;squall;High;GFC;Sentinel-2 images and weather station report;2017;7;30.07.2017;27.07.2017;02.08.2017;18.00 - 21.00;weather station report;40;0.869719;5.3;203.4;632.4;509.100006;1546;SE-NW;27498;18;25;21;-9999; ;https://www.marimedia.ru/news/society/item/63819/
667;653;473;tornado;Medium;GFC;Sentinel-2 images;2017;7;02.07.2017;31.05.2017;17.07.2017; ; ;4;0.118456;1.9;75.4;188.9;77.199997;188.9;WSW-ENE;27595;37;-9999;-9999;-9999; ;https://r16.ru/posts/smi-po-doroge-mezhdu-kazanyu-i-arskom-proshelsya-uragan
668;696;474;squall;High;GFC;Sentinel-2 images;2017;7;Unknown;23.07.2017;31.07.2017; ; ;22;0.650206;3.5;222.1;592.1;434.5;1345.1;SW-NE;26672;39;-9999;-9999;-9999; ; 
670;693;475;tornado;High;Delineated manually from Sentinel-2 images;Sentinel-2 images;2017;8;11.08.2017;06.08.2017;13.08.2017;13.15 - 13.45;http://jr.rse.cosmos.ru/article.aspx?id=1948;6;0.464033;6.9;95.7;215.9;98.900002;261.4;W-E;27097;33;-9999;-9999;-9999; ; 
671;692;476;tornado;High;Delineated manually from Sentinel-2 images;Sentinel-2 images;2017;8;11.08.2017;30.07.2017;13.08.2017;12.30 - 13.00;http://jr.rse.cosmos.ru/article.aspx?id=1948;5;0.347034;4.1;103.7;204.9;104.900002;204.9;W-E;27097;39;-9999;-9999;-9999; ; 
672;691;476;tornado;Medium;Delineated manually from Sentinel-2 images;Sentinel-2 images;2017;8;11.08.2017;30.07.2017;13.08.2017;12.30 - 13.00;http://jr.rse.cosmos.ru/article.aspx?id=1948;1;0.094806;1.1;81.4;112.4;81.400002;112.4;W-E;27097;46;-9999;-9999;-9999; ; 
673;697;477;tornado;Medium;Delineated manually from Sentinel-2 images;Sentinel-2 images;2017;8;Unknown;02.08.2017;16.08.2017; ; ;7;0.337478;5.1;98.8;215.4;98.800003;215.4;WSW-ENE;-9999;-9999;-9999;-9999;-9999; ; 
674;699;478;tornado;Medium;Delineated manually from Sentinel-2 images;Sentinel-2 images;2017;8;Unknown;17.08.2017;21.08.2017; ; ;6;0.109438;3.2;64.8;130.8;64.800003;130.8;SW-NE;-9999;-9999;-9999;-9999;-9999; ; 
675;690;479;tornado;High;Delineated manually from Sentinel-2 images;HRI;2017;8;04.08.2017;01.08.2017;08.08.2017;15.45;http://jr.rse.cosmos.ru/article.aspx?id=1948;7;0.669947;5.4;172.7;415.5;190.199997;415.5;WNW-ESE;27502;27;-9999;-9999;-9999; ;http://inshahovskoe.ru/novosti/obschestvo/v-gorokruge-shahovskaya-ustranyayut-posledstviya-uragana
695;689;479;tornado;High;Delineated manually from Sentinel-2 images;HRI and eyewitness reports;2017;8;04.08.2017;01.08.2017;09.08.2017;14.15;http://jr.rse.cosmos.ru/article.aspx?id=1948;1;0.124467;1;112.7;158;112.699997;132.7;WNW-ESE;26499;46;-9999;-9999;-9999; ;https://rrnews.ru/articles/u15416/2017/08/05/uragan-v-rzheve-4-avgusta-2017-posledstviya-foto-i-video-u15416-142957
676;683;480;tornado;High;GFC;Sentinel-2 images;2017;8;02.08.2017;01.08.2017;11.08.2017;15.00 - 15.30;http://jr.rse.cosmos.ru/article.aspx?id=1948;20;1.122383;6.9;205.8;594;244.600006;592.6;WSW-ENE;26389;34;-9999;-9999;-9999; ;http://jr.rse.cosmos.ru/article.aspx?id=1948
677;684;480;tornado;Medium;GFC (with clarification by Sentinel-2 images);Sentinel-2 images;2017;8;02.08.2017;01.08.2017;11.08.2017;15.00 - 15.30;http://jr.rse.cosmos.ru/article.aspx?id=1948;23;0.731423;8.4;111.8;357.3;121.400002;297.7;WSW-ENE;26389;43;-9999;-9999;-9999; ;http://jr.rse.cosmos.ru/article.aspx?id=1948
678;686;480;tornado;Medium;GFC (with clarification by Sentinel-2 images);Sentinel-2 images;2017;8;02.08.2017;01.08.2017;11.08.2017;15.30 - 16.00;http://jr.rse.cosmos.ru/article.aspx?id=1948;50;0.98093;15.5;115.2;294.9;173.800003;582.7;WSW-ENE;26298;27;-9999;-9999;36;Heavy rainfall (36 mm/12h);http://jr.rse.cosmos.ru/article.aspx?id=1948
679;685;480;tornado;Medium;GFC (with clarification by Sentinel-2 images);Sentinel-2 images;2017;8;02.08.2017;01.08.2017;11.08.2017;15.30 - 16.00;http://jr.rse.cosmos.ru/article.aspx?id=1948;12;0.301591;5.9;119.9;331.8;129.199997;296.2;WSW-ENE;26298;32;-9999;-9999;36;Heavy rainfall (36 mm/12h);http://jr.rse.cosmos.ru/article.aspx?id=1948
680;681;480;tornado;Medium;GFC;Sentinel-2 images;2017;8;02.08.2017;01.08.2017;11.08.2017;15.00 - 15.30;http://jr.rse.cosmos.ru/article.aspx?id=1948;16;0.545299;5.8;128;338.2;152.899994;366.4;WSW-ENE;26389;29;-9999;-9999;-9999; ;http://jr.rse.cosmos.ru/article.aspx?id=1948
681;682;480;squall;High;GFC;Sentinel-2 images;2017;8;02.08.2017;01.08.2017;11.08.2017;15.00 - 15.30;http://jr.rse.cosmos.ru/article.aspx?id=1948;14;0.403014;20.8;229.2;592.9;463.799988;1160.4;WSW-ENE;26389;21;-9999;-9999;-9999; ;http://jr.rse.cosmos.ru/article.aspx?id=1948
682;679;480;tornado;Medium;GFC (with clarification by Sentinel-2 images);Sentinel-2 images;2017;8;02.08.2017;31.07.2017;15.08.2017;14.30 - 15.00;http://jr.rse.cosmos.ru/article.aspx?id=1948;145;3.52147;25.7;189.6;823.5;367.200012;1901.9;WSW-ENE;26378;48;-9999;-9999;54;Heavy rainfall (54 mm/12h);http://jr.rse.cosmos.ru/article.aspx?id=1948
687;680;480;tornado;Medium;GFC;Sentinel-2 images;2017;8;02.08.2017;31.07.2017;15.08.2017;14.30 - 15.00;http://jr.rse.cosmos.ru/article.aspx?id=1948;8;0.075288;1.8;55.1;130.7;62.400002;213.6;WSW-ENE;26381;36;-9999;-9999;-9999; ;http://jr.rse.cosmos.ru/article.aspx?id=1948
683;669;481;squall;High;GFC;Sentinel-2 images;2017;8;02.08.2017;30.07.2017;06.08.2017;11.00 - 12.30;weather station report;29;0.43272;4.8;137.4;358.1;272;896.5;W-E;26477;68;17;15;-9999; ;http://jr.rse.cosmos.ru/article.aspx?id=1948
684;670;481;tornado;Medium;GFC (with clarification by Sentinel-2 images);HRI;2017;8;02.08.2017;31.07.2017;09.08.2017;14.00 - 14.30;http://jr.rse.cosmos.ru/article.aspx?id=1948;188;5.011744;41.7;175;686.1;252.899994;1044.5;WSW-ENE;26479;16;18;15;-9999; ;http://jr.rse.cosmos.ru/article.aspx?id=1948
689;672;481;squall;High;GFC (with clarification by Sentinel-2 images);Sentinel-2 images and newspaper reports;2017;8;02.08.2017;31.07.2017;09.08.2017;15.00 - 15.30;http://jr.rse.cosmos.ru/article.aspx?id=1948;193;3.593519;39.6;197.5;770.6;693.700012;3593.6;SW-NE;26389;3;15;18;-9999; ;http://jr.rse.cosmos.ru/article.aspx?id=1948
690;671;481;squall;Medium;GFC (with clarification by Sentinel-2 images);Sentinel-2 images and newspaper reports;2017;8;02.08.2017;31.07.2017;09.08.2017;14.30 - 15.30;http://jr.rse.cosmos.ru/article.aspx?id=1948;171;3.110461;49.5;155;635.7;370.600006;2171.8;WSW-ENE;26389;13;15;18;-9999; ;http://jr.rse.cosmos.ru/article.aspx?id=1948
685;677;482;tornado;Medium;Delineated manually from Sentinel-2 images;Sentinel-2 images and weather station report;2017;8;02.08.2017;01.08.2017;09.08.2017;15.30 - 16.00;http://jr.rse.cosmos.ru/article.aspx?id=1948;24;1.563503;9;210.3;473.8;259.5;884.9;W-E;27401;58;22;18;-9999; ;http://jr.rse.cosmos.ru/article.aspx?id=1948
686;678;482;tornado;Medium;Delineated manually from Sentinel-2 images;Sentinel-2 images and weather station report;2017;8;02.08.2017;01.08.2017;09.08.2017;15.30 - 16.00;http://jr.rse.cosmos.ru/article.aspx?id=1948;9;0.302607;5.8;105.4;242.3;105.699997;256.8;W-E;27401;52;22;18;-9999; ;http://jr.rse.cosmos.ru/article.aspx?id=1948
692;675;482;squall;High;GFC (with clarification by Sentinel-2 images);Sentinel-2 images;2017;8;02.08.2017;31.07.2017;16.08.2017;15.00 - 15.30;http://jr.rse.cosmos.ru/article.aspx?id=1948;109;1.549161;14.8;160.3;549.7;372.100006;1651.4;W-E;-9999;-9999;-9999;-9999;-9999; ;http://jr.rse.cosmos.ru/article.aspx?id=1948
693;674;482;tornado;High;GFC (with clarification by Sentinel-2 images);Sentinel-2 images and newspaper reports;2017;8;02.08.2017;31.07.2017;16.08.2017;15.00 - 15.30;http://jr.rse.cosmos.ru/article.aspx?id=1948;198;6.629029;22.4;308.5;1004.3;684.400024;2549.6;SW-NE;-9999;-9999;-9999;-9999;-9999; ;http://jr.rse.cosmos.ru/article.aspx?id=1948
694;676;482;squall;High;GFC;Sentinel-2 images and weather station report;2017;8;02.08.2017;31.07.2017;16.08.2017;15.30 - 16.00;http://jr.rse.cosmos.ru/article.aspx?id=1948;46;0.47538;11.1;93.5;242.8;143.199997;429.4;W-E;27401;65;22;18;-9999; ;http://jr.rse.cosmos.ru/article.aspx?id=1948
697;673;482;tornado;Medium;Delineated manually from Sentinel-2 images;Sentinel-2 images;2017;8;02.08.2017;31.07.2017;09.08.2017;14.30 - 15.00;http://jr.rse.cosmos.ru/article.aspx?id=1948;7;0.097657;2.7;65.4;169.7;65.400002;169.7;W-E;26479;45;-9999;-9999;-9999; ;http://jr.rse.cosmos.ru/article.aspx?id=1948
688;688;483;tornado;Medium;GFC;Sentinel-2 images and weather station report;2017;8;02.08.2017;24.07.2017;17.08.2017;16.00 - 18.00;weather station report;15;0.268362;5;88.6;239.4;97.300003;270.7;WSW-ENE;27401;20;22;18;-9999; ;http://jr.rse.cosmos.ru/article.aspx?id=1948
691;698;484;squall;High;GFC;Sentinel-2 images;2017;8;Unknown;31.07.2017;19.08.2017; ; ;63;0.714422;14.4;97.9;365.4;306.700012;1430.7;WNW-ESE;-9999;-9999;-9999;-9999;-9999; ; 
696;687;485;tornado;Medium;Delineated manually from Sentinel-2 images;Sentinel-2 images;2017;8;02.08.2017;07.06.2017;09.08.2017; ; ;8;0.092857;2.4;61.1;178.5;61.099998;178.5;SSW-NNE;27507;42;-9999;-9999;-9999; ;http://jr.rse.cosmos.ru/article.aspx?id=1948
698;694;486;tornado;High;GFC;Sentinel-2 images;2017;9;19.09.2017;04.09.2017;02.10.2017; ; ;21;1.606525;10.8;180.6;504.2;190.399994;451.1;WSW-ENE;27097;39;-9999;-9999;-9999; ; 
