{"type": "FeatureCollection", "name": "sar_windthrow_sites", "generated": "2026-09-04", "description": "Sentinel-1 ветровалы: 7 обработанных событий валидации (status=processed) + топ-5 кандидатов следующей партии (status=shortlisted). База Шихова-Эрлиха 2020.", "crs": {"type": "name", "properties": {"name": "urn:ogc:def:crs:OGC:1.3:CRS84"}}, "features": [{"type": "Feature", "geometry": {"type": "MultiPolygon", "coordinates": [[[[42.812290783493, 61.6687042627917], [42.812323986463, 61.6678590709395], [42.8095780208092, 61.6680948318112], [42.812290783493, 61.6687042627917]]], [[[42.8156569989715, 61.6700998793062], [42.8154089029986, 61.6694473159411], [42.815127668807, 61.6696399354348], [42.8156569989715, 61.6700998793062]]], [[[42.8062268141164, 61.6732679138833], [42.8044817264507, 61.6724069029564], [42.803919111478, 61.6727920969779], [42.8062268141164, 61.6732679138833]]], [[[42.7838725422841, 61.667604335272], [42.7860221647912, 61.6685993047143], [42.7865848894812, 61.6682141538603], [42.7838725422841, 61.667604335272]]], [[[42.7891397968643, 61.669342811122], [42.7906030810675, 61.6703965683472], [42.7915709917081, 61.6701451259969], [42.7891397968643, 61.669342811122]]], [[[42.7767597376719, 61.6675399501088], [42.776793675388, 61.6666947573573], [42.7759494790853, 61.6672724449675], [42.7767597376719, 61.6675399501088]]], [[[42.8064321266415, 61.6784724299589], [42.808334829489, 61.6788145221726], [42.8072761241939, 61.6778946506178], [42.8064321266415, 61.6784724299589]]], [[[42.8035614358118, 61.6783818124709], [42.8052161272226, 61.6780714033727], [42.8034374597711, 61.6780555456271], [42.8035614358118, 61.6783818124709]]], [[[42.7977631837241, 61.6761839098597], [42.7991029937083, 61.6769112662421], [42.7993843520064, 61.6767186836206], [42.7977631837241, 61.6761839098597]]], [[[42.7923371835143, 61.6749646405059], [42.7929902100303, 61.6757509132742], [42.7935529670959, 61.6753657615208], [42.7923371835143, 61.6749646405059]]], [[[42.7862248827723, 61.6738040393251], [42.7867539386435, 61.6742640533435], [42.7870353374111, 61.6740714851111], [42.7862248827723, 61.6738040393251]]], [[[42.8238311259059, 61.6850645100193], [42.8228960567078, 61.6844710150255], [42.822333452527, 61.6848562279328], [42.8238311259059, 61.6850645100193]]], [[[42.8159374912224, 61.6838893317275], [42.8165001430673, 61.6835041341087], [42.8151266516738, 61.6836220361282], [42.8159374912224, 61.6838893317275]]], [[[42.8009721194679, 61.6780985673951], [42.8028413504481, 61.6792858370719], [42.8023454678692, 61.677980766999], [42.8009721194679, 61.6780985673951]]], [[[42.7984397796723, 61.6798317912044], [42.7994078629827, 61.6795803236732], [42.7972238144276, 61.6794307151555], [42.7984397796723, 61.6798317912044]]], [[[42.8271332556953, 61.6881498600282], [42.8266364872842, 61.6868449500346], [42.8247002972811, 61.6873481396051], [42.8271332556953, 61.6881498600282]]], [[[42.8438202473067, 61.6956435095405], [42.8461622330008, 61.6952737164091], [42.8436958989467, 61.6953173146425], [42.8438202473067, 61.6956435095405]]], [[[42.9727595015499, 61.7394295583276], [42.9730105383059, 61.740081538932], [42.9735724823843, 61.7396960274499], [42.9727595015499, 61.7394295583276]]], [[[42.9739191458521, 61.7415187194135], [42.9736680848144, 61.7408667478024], [42.9731061272461, 61.7412522556872], [42.9739191458521, 61.7415187194135]]], [[[42.9900856575272, 61.745676459701], [42.9910245569379, 61.746268799066], [42.9913054871587, 61.7460760257881], [42.9900856575272, 61.745676459701]]], [[[42.9848959379973, 61.7451155714267], [42.9857387853169, 61.7445372731768], [42.9836761964995, 61.7447159594741], [42.9848959379973, 61.7451155714267]]], [[[42.9875867949947, 61.7465666922992], [42.9872098351659, 61.7455888018819], [42.9867735875312, 61.7463003014179], [42.9875867949947, 61.7465666922992]]], [[[42.9676362005504, 61.7408836082921], [42.969668658482, 61.7415498224665], [42.969979656636, 61.740512347467], [42.9676362005504, 61.7408836082921]]], [[[42.9742658416954, 61.7433413834982], [42.9747979210874, 61.7438005908248], [42.975078909764, 61.7436078382313], [42.9742658416954, 61.7433413834982]]], [[[42.996407056041, 61.749170778209], [42.9969394573902, 61.7496298983013], [42.997220384913, 61.7494371205269], [42.996407056041, 61.749170778209]]], [[[42.9787080285528, 61.7456515295946], [42.978205712224, 61.7443476394322], [42.9774883329204, 61.7452518762732], [42.9787080285528, 61.7456515295946]]], [[[42.9851837804073, 61.7486275265393], [42.9849324972371, 61.7479756088874], [42.9846515229496, 61.7481683695748], [42.9851837804073, 61.7486275265393]]], [[[42.9975387548099, 61.752104282187], [42.9981969695147, 61.7528893273807], [42.9987588515399, 61.7525037772277], [42.9975387548099, 61.752104282187]]], [[[42.996414967377, 61.7528753726005], [42.9967253710792, 61.7518379470638], [42.9954758386392, 61.7522830916915], [42.996414967377, 61.7528753726005]]], [[[42.9750549877976, 61.7481572809339], [42.9754914575649, 61.7474458200687], [42.9742418288974, 61.7478908360934], [42.9750549877976, 61.7481572809339]]], [[[43.047512909993, 61.7664608219096], [43.0492671491598, 61.7673188362954], [43.0507973456212, 61.7666805415739], [43.047512909993, 61.7664608219096]]], [[[42.9940415359883, 61.7540915797628], [42.9937900747523, 61.7534397007817], [42.9932281333718, 61.7538252311497], [42.9940415359883, 61.7540915797628]]], [[[43.0182256161195, 61.7605836237354], [43.0195721242543, 61.7613088541205], [43.0200079582009, 61.7605973635776], [43.0182256161195, 61.7605836237354]]], [[[42.9937310477498, 61.7551289819172], [42.9942930017208, 61.7547434533479], [42.9929176280463, 61.754862636002], [42.9937310477498, 61.7551289819172]]], [[[42.9952026866548, 61.7561803577375], [42.9952321736261, 61.7553357279617], [42.9947959610649, 61.7560471897262], [42.9952026866548, 61.7561803577375]]], [[[42.9869133367812, 61.754035495342], [42.9891020717034, 61.7541827269514], [42.9898193484843, 61.7532785071975], [42.9869133367812, 61.754035495342]]], [[[43.0772463368492, 61.7798736580431], [43.0764596962582, 61.7787632570188], [43.0761789441032, 61.7789561112357], [43.0772463368492, 61.7798736580431]]], [[[42.9529860114954, 61.7480453827883], [42.9527352445361, 61.7473934165731], [42.9521729982854, 61.7477788399217], [42.9529860114954, 61.7480453827883]]], [[[43.0265285943194, 61.7664311316915], [43.0284372425849, 61.7667706698307], [43.0291250791593, 61.7667109512496], [43.0265285943194, 61.7664311316915]]], [[[42.9826020651334, 61.7557561673134], [42.9823507783659, 61.7551042829365], [42.9817887056844, 61.7554897728349], [42.9826020651334, 61.7557561673134]]], [[[43.0651288850901, 61.7770547690625], [43.0651569358441, 61.7762102678897], [43.064721720631, 61.7769217782177], [43.0651288850901, 61.7770547690625]]], [[[43.0501634998458, 61.7733038478944], [43.0492231165538, 61.772711942902], [43.0489422762652, 61.7729047647433], [43.0501634998458, 61.7733038478944]]], [[[43.0519180870502, 61.7741617885359], [43.0523534929195, 61.7734502934964], [43.051510994537, 61.7740287671141], [43.0519180870502, 61.7741617885359]]], [[[42.9742835457492, 61.754455360027], [42.974875580244, 61.7532252484466], [42.9732191360545, 61.7535370191183], [42.9742835457492, 61.754455360027]]], [[[43.0623770360715, 61.7772941515041], [43.0638793256705, 61.7775002941034], [43.0643145615679, 61.7767887882721], [43.0623770360715, 61.7772941515041]]], [[[42.9953657355404, 61.7593660612949], [42.996430795445, 61.7602842295338], [42.9969927988788, 61.759898708159], [42.9953657355404, 61.7593660612949]]], [[[42.9836897079139, 61.7521253038399], [42.985263852445, 61.7580518145398], [42.9876674210149, 61.7559911358824], [42.9836897079139, 61.7521253038399]], [[42.9858852866768, 61.7559770776801], [42.9857596172128, 61.7556511408876], [42.9861663077291, 61.7557843277847], [42.9858852866768, 61.7559770776801]]], [[[43.0267229773837, 61.7687719995283], [43.0294744585796, 61.7685331395929], [43.0292223426372, 61.7678813874163], [43.0267229773837, 61.7687719995283]]], [[[42.975066935291, 61.7555664211536], [42.9761911966665, 61.7547954791282], [42.9744091207845, 61.7547813094101], [42.975066935291, 61.7555664211536]]], [[[43.0697063083996, 61.7796878778934], [43.070015048356, 61.7786505530807], [43.065634385019, 61.7783580728669], [43.0682039090833, 61.7794817892534], [43.0697063083996, 61.7796878778934]]], [[[42.9735659011456, 61.7553595078352], [42.9741280502695, 61.7549740440171], [42.9715326913808, 61.7546934105726], [42.9735659011456, 61.7553595078352]]], [[[42.9644646604159, 61.7529471663788], [42.9644947814092, 61.7521025186165], [42.9639325828226, 61.7524879626495], [42.9644646604159, 61.7529471663788]]], [[[42.9835937916204, 61.7509546959026], [42.9788399267214, 61.749682190281], [42.9844961866498, 61.7486870877391], [42.9802087272511, 61.7458584168326], [42.9777456973063, 61.7496085124231], [42.9711803999556, 61.7491663121758], [42.9742418288974, 61.7478908360934], [42.9689265370302, 61.7470035307885], [42.9739250130291, 61.7452235422328], [42.9684545476395, 61.7448549308106], [42.9721376500327, 61.741504526313], [42.9515803576476, 61.7490089308177], [42.9680533564774, 61.748426419244], [42.9784097683963, 61.7540982032696], [42.9835937916204, 61.7509546959026]], [[42.9802811937223, 61.7515783919294], [42.9804068110257, 61.7519043449097], [42.98000017267, 61.7517711400263], [42.9802811937223, 61.7515783919294]], [[42.9730578381489, 61.7503511455891], [42.9731833916004, 61.7506771075627], [42.9727767937142, 61.7505438837934], [42.9730578381489, 61.7503511455891]], [[42.9675813994622, 61.7462778408499], [42.9667382580643, 61.7468560482682], [42.9666127702633, 61.7465300710061], [42.9675813994622, 61.7462778408499]]], [[[42.9670598601246, 61.7532279032453], [42.9694695314939, 61.7548719215022], [42.9714071397279, 61.7543674584916], [42.9670598601246, 61.7532279032453]]], [[[42.9842653369759, 61.7591487230353], [42.984701764475, 61.7584373044382], [42.9833262379157, 61.7585564097507], [42.9842653369759, 61.7591487230353]]], [[[43.0727818054361, 61.7821147703805], [43.0725289133788, 61.7814631495049], [43.0719673299285, 61.7818488372542], [43.0727818054361, 61.7821147703805]]], [[[43.066111884556, 61.780505838274], [43.0658591085112, 61.7798541994119], [43.0652974845914, 61.7802398709735], [43.066111884556, 61.780505838274]]], [[[43.010078342042, 61.7661743077982], [43.0097006591583, 61.7651966197284], [43.0091387069859, 61.7655821617875], [43.010078342042, 61.7661743077982]]], [[[43.0266652921696, 61.7704610828129], [43.0288550532183, 61.7706078143993], [43.0269750582525, 61.7694237517049], [43.0266652921696, 61.7704610828129]]], [[[43.0664910612137, 61.7814832898221], [43.067052692328, 61.781097616462], [43.0652694347368, 61.7810843415693], [43.0664910612137, 61.7814832898221]]], [[[43.0282932053673, 61.7709934005252], [43.0289523157969, 61.7717782145931], [43.0295141672452, 61.7713926266686], [43.0282932053673, 61.7709934005252]]], [[[43.0078596596957, 61.7668719020168], [43.0067941672172, 61.7659538515891], [43.0065131722453, 61.7661466185718], [43.0078596596957, 61.7668719020168]]], [[[43.0379354305758, 61.7738611011091], [43.0385947757285, 61.7746458603183], [43.0388756762716, 61.7744530573628], [43.0379354305758, 61.7738611011091]]], [[[42.9838288932889, 61.7598601371358], [42.9826087237138, 61.7594605647535], [42.9822979045248, 61.7604979021566], [42.9838288932889, 61.7598601371358]]], [[[43.0807451501687, 61.7861369630506], [43.0803655868025, 61.7851595789515], [43.0798040258353, 61.7855452792914], [43.0807451501687, 61.7861369630506]]], [[[43.023913663485, 61.7706998959836], [43.0234777863709, 61.7714113379631], [43.0244466583868, 61.7711588550972], [43.023913663485, 61.7706998959836]]], [[[43.0124613727943, 61.7686621311526], [43.012335454218, 61.7683362438228], [43.0109596722513, 61.7684555496841], [43.0124613727943, 61.7686621311526]]], [[[43.0003517415398, 61.7658386628242], [43.001727463252, 61.765719435204], [43.0024153223094, 61.7656598164476], [43.0003517415398, 61.7658386628242]]], [[[43.0380043510202, 61.7758759665028], [43.0368118104169, 61.7746323057365], [43.0362499850489, 61.7750179035536], [43.0380043510202, 61.7758759665028]]], [[[43.1127040915208, 61.7951403494478], [43.1123236764967, 61.7941631020457], [43.1117622962931, 61.7945488734319], [43.1127040915208, 61.7951403494478]]], [[[43.0147769301114, 61.7691349218393], [43.0150288203239, 61.7697866875058], [43.0155907751943, 61.7694011382521], [43.0147769301114, 61.7691349218393]]], [[[43.1089099201569, 61.7936187927732], [43.1094441723109, 61.7940774173391], [43.1097248732045, 61.7938845352433], [43.1089099201569, 61.7936187927732]]], [[[43.0097097845791, 61.7689007338819], [43.0090510896362, 61.7681158325798], [43.0084890906991, 61.7685013656457], [43.0097097845791, 61.7689007338819]]], [[[43.004953009474, 61.7676290961061], [43.0053306024255, 61.7686067760821], [43.0065805269699, 61.7681616215618], [43.004953009474, 61.7676290961061]]], [[[43.0258619421751, 61.7738988798296], [43.0265787522078, 61.7729946600757], [43.0252028587251, 61.7731140702583], [43.0258619421751, 61.7738988798296]]], [[[42.9816762175835, 61.7625725499834], [42.9814249020378, 61.7619206997807], [42.9808627259342, 61.7623061653974], [42.9816762175835, 61.7625725499834]]], [[[43.0842291327684, 61.7886964758618], [43.0862658813655, 61.7893611279139], [43.0865466587015, 61.7891682745964], [43.0842291327684, 61.7886964758618]]], [[[43.00423581633, 61.7685332708939], [43.003170364321, 61.767615211473], [43.0026083132232, 61.7680007265524], [43.00423581633, 61.7685332708939]]], [[[43.1168790826038, 61.7976390285185], [43.1162178596667, 61.7968546973866], [43.1156564767651, 61.79724047237], [43.1168790826038, 61.7976390285185]]], [[[43.0225378374514, 61.7708192872805], [43.0172475413411, 61.7690890213414], [43.0154357509593, 61.7699197943632], [43.0165984502584, 61.7720081703409], [43.0225378374514, 61.7708192872805]]], [[[43.0942594352249, 61.7925381017522], [43.0946942979037, 61.7918266112093], [43.0926297989262, 61.7920064675246], [43.0927564369601, 61.7923322370433], [43.0942594352249, 61.7925381017522]]], [[[43.0284012786962, 61.7758677017332], [43.026802015201, 61.7744908999352], [43.0265210553026, 61.7746836849043], [43.0284012786962, 61.7758677017332]]], [[[42.9991018178948, 61.7662837840696], [42.991527622402, 61.7632351201049], [42.9949294861071, 61.7600775014757], [42.9882734201823, 61.762169740941], [42.9957056927637, 61.7574840770287], [42.9919489529819, 61.7551149839695], [42.9831775565991, 61.7627793841614], [42.9888059024706, 61.7626288376509], [42.9903146393093, 61.7665397976737], [42.9991018178948, 61.7662837840696]]], [[[42.9912540225553, 61.7671320354153], [42.9935692435259, 61.7676051030932], [42.9938503104436, 61.7674123585936], [42.9912540225553, 61.7671320354153]]], [[[43.0966765583767, 61.7941799076768], [43.0968306437194, 61.7936612848406], [43.0947660602057, 61.7938411618403], [43.0966765583767, 61.7941799076768]]], [[[42.9869641556714, 61.7643039427729], [42.9877480803098, 61.7654148618066], [42.9889019968298, 61.7637993322735], [42.9869641556714, 61.7643039427729]]], [[[43.1022542346454, 61.7957146421172], [43.1004976572412, 61.7948573372964], [43.1002169068849, 61.7950502023052], [43.1003436159652, 61.7953759592333], [43.1022542346454, 61.7957146421172]]], [[[43.0410205683447, 61.7799924270091], [43.0397992332482, 61.7795933042877], [43.0399254135272, 61.7799191430542], [43.0410205683447, 61.7799924270091]]], [[[43.0131295807657, 61.7731510054147], [43.0130327651502, 61.7719806097176], [43.0116568644729, 61.7720999182767], [43.0131295807657, 61.7731510054147]]], [[[43.0073065694428, 61.770961489881], [43.0091860625869, 61.7721457405337], [43.0100291230457, 61.7715674548743], [43.0073065694428, 61.770961489881]]], [[[43.0045547941686, 61.7712000089734], [43.0056496531092, 61.7712735123629], [43.0058048086452, 61.7707548697416], [43.0045547941686, 61.7712000089734]]], [[[42.9995168604149, 61.7701210104764], [42.9995462646486, 61.7692764742301], [42.9989841604908, 61.7696619740211], [42.9995168604149, 61.7701210104764]]], [[[42.9963876945366, 61.769381729983], [42.9957292478067, 61.7685967828154], [42.99516711577, 61.7689822727138], [42.9963876945366, 61.769381729983]]], [[[43.0253394441602, 61.7771438037437], [43.0242732915793, 61.7762259313818], [43.0239923091979, 61.7764187073576], [43.0253394441602, 61.7771438037437]]], [[[43.1027611546037, 61.7970176473467], [43.1042643750011, 61.7972234212241], [43.1048258658212, 61.7968376831127], [43.1027611546037, 61.7970176473467]]], [[[43.0001754015737, 61.7709059333623], [42.9999237415876, 61.7702541524074], [42.9996426854617, 61.7704469005042], [43.0001754015737, 61.7709059333623]]], [[[43.0925198226319, 61.7953840153602], [43.0923656788332, 61.7959026274045], [43.0933347019351, 61.795649827078], [43.0925198226319, 61.7953840153602]]], [[[43.0725027835768, 61.7905591103148], [43.0730644803417, 61.7901734486459], [43.0714072843189, 61.7904860224121], [43.0725027835768, 61.7905591103148]]], [[[43.0891062290694, 61.7948393364664], [43.092139891443, 61.794406728388], [43.0905102092789, 61.7938750824692], [43.0891062290694, 61.7948393364664]]], [[[43.0240605479561, 61.7784335385771], [43.0235274604241, 61.7779746055437], [43.0221513879764, 61.7780939860488], [43.0240605479561, 61.7784335385771]]], [[[43.0547792036975, 61.7870484583199], [43.0588798316391, 61.7875339924], [43.0601579121581, 61.7862441073799], [43.0547792036975, 61.7870484583199]]], [[[42.9911061281455, 61.7713547238416], [42.9919494287233, 61.7707765182219], [42.9898855448822, 61.7709552386935], [42.9911061281455, 61.7713547238416]]], [[[43.0312329011776, 61.7813474112542], [43.0335493937897, 61.7818199141579], [43.0339852052532, 61.7811085063527], [43.0312329011776, 61.7813474112542]]], [[[42.9961439944499, 61.7724339462698], [43.0000201767899, 61.7714245696883], [42.9962324220888, 61.7699003699064], [42.9961439944499, 61.7724339462698]]], [[[43.0804677515856, 61.7945810412822], [43.0802146598788, 61.7939294950503], [43.0799338213889, 61.7941223312807], [43.0804677515856, 61.7945810412822]]], [[[42.9695159562965, 61.7651403059805], [42.9715496543932, 61.7658063690689], [42.9722675247266, 61.7649023066963], [42.9695159562965, 61.7651403059805]]], [[[43.0365711077706, 61.7776844455809], [43.027162069574, 61.780016760865], [43.0356423050485, 61.7807962509464], [43.0354588217673, 61.7821593362845], [43.0317373695841, 61.7826507654207], [43.0352753285937, 61.7835224063342], [43.0405848926788, 61.780703856398], [43.0365711077706, 61.7776844455809]], [[43.0344496916002, 61.779552623455], [43.0352638739288, 61.7798187292511], [43.0349829203257, 61.7800115196161], [43.0344496916002, 61.779552623455]], [[43.0363303700507, 61.7807365116808], [43.03645652335, 61.7810623486486], [43.0360494110516, 61.7809293002472], [43.0363303700507, 61.7807365116808]]], [[[43.0819430570266, 61.7956313783856], [43.0816899338436, 61.7949798420462], [43.081409093555, 61.7951726782766], [43.0819430570266, 61.7956313783856]]], [[[43.0243808999587, 61.7811000302424], [43.0253499923085, 61.7808475608664], [43.0231596952639, 61.7807007978037], [43.0243808999587, 61.7811000302424]]], [[[43.0829121376852, 61.7953786329177], [43.0846683688503, 61.7962361041131], [43.0849492010449, 61.7960432633861], [43.0829121376852, 61.7953786329177]]], [[[42.9897301860994, 61.7714738660263], [42.9879473736725, 61.7714598312064], [42.9847886021125, 61.7715648837126], [42.9897301860994, 61.7714738660263]]], [[[42.9860388459162, 61.7711198802784], [42.9847451774481, 61.7650012671949], [42.9796127024644, 61.7627511652343], [42.9832005810421, 61.7582304765554], [42.9809753561279, 61.7552233738598], [42.9736914761809, 61.7556854563189], [42.9650369889661, 61.7599705999634], [42.984219517417, 61.7682463044236], [42.9773998693087, 61.7671525759308], [42.979595661211, 61.7710039594653], [42.9860388459162, 61.7711198802784]], [[42.9784647295638, 61.7680707909344], [42.9783390780862, 61.7677448784236], [42.9787458693266, 61.7678780716159], [42.9784647295638, 61.7680707909344]], [[42.9791164907336, 61.7651516851024], [42.979242135916, 61.7654776039084], [42.9788353689573, 61.7653444098168], [42.9791164907336, 61.7651516851024]], [[42.9785840830891, 61.7646925704059], [42.9786139171987, 61.763848001784], [42.9797085315237, 61.7639216643535], [42.9785840830891, 61.7646925704059]], [[42.9800854841579, 61.7648994261678], [42.9805220474547, 61.7641880498388], [42.9810544667904, 61.7646471618372], [42.9800854841579, 61.7648994261678]], [[42.9749831868248, 61.7618046062977], [42.9716938867636, 61.7578791743846], [42.9763826326525, 61.7571366212582], [42.97303947759, 61.7586047653978], [42.9749831868248, 61.7618046062977]], [[42.9767655711743, 61.7618187715192], [42.9766399538709, 61.7614928410219], [42.9770466749642, 61.7616260450061], [42.9767655711743, 61.7618187715192]], [[42.9754796018024, 61.7594040333696], [42.9810414311173, 61.7572385639087], [42.9775131110414, 61.7600700604851], [42.9754796018024, 61.7594040333696]]], [[[43.0708602599932, 61.7945750212204], [43.0704808567064, 61.7935976829868], [43.0700455488632, 61.7943091060806], [43.0708602599932, 61.7945750212204]]], [[[43.0086712906477, 61.7790944719325], [43.0101733734026, 61.7793010543004], [43.0107355063387, 61.7789155500128], [43.0086712906477, 61.7790944719325]]], [[[43.0317772518189, 61.7855099269418], [43.0315249937836, 61.784858266496], [43.0309629759607, 61.7852438166489], [43.0317772518189, 61.7855099269418]]], [[[43.0247590792683, 61.7820775618302], [43.0290534409637, 61.7849043558515], [43.0305160479774, 61.7822515896393], [43.0247590792683, 61.7820775618302]]], [[[42.9704605592076, 61.769436759499], [42.9749652075784, 61.7700574643807], [42.9762155098381, 61.7696125256977], [42.9704605592076, 61.769436759499]]], [[[42.9744028597044, 61.7704428859306], [42.9754677361473, 61.7713610937397], [42.9757489136816, 61.7711683834143], [42.9744028597044, 61.7704428859306]]], [[[42.9822880443579, 61.7724548582053], [42.9826651318905, 61.7734325480738], [42.983508596145, 61.7728543901182], [42.9822880443579, 61.7724548582053]]], [[[43.0648204625944, 61.7945951030817], [43.0649749544308, 61.7940765072252], [43.063598457503, 61.7941961872044], [43.063724872505, 61.7945219711123], [43.0648204625944, 61.7945951030817]]], [[[43.0885057562358, 61.8006169347239], [43.087409961101, 61.8005439493439], [43.0875365856451, 61.8008696999768], [43.0885057562358, 61.8006169347239]]], [[[43.0223558506422, 61.7841382980442], [43.0225108425016, 61.7836196949931], [43.0219487554309, 61.7840052208644], [43.0223558506422, 61.7841382980442]]], [[[42.9727157495324, 61.7715991307954], [42.9733080817028, 61.7703691945828], [42.9719021391725, 61.7713327264244], [42.9727157495324, 61.7715991307954]]], [[[43.0039806049211, 61.77983772653], [43.0048238983044, 61.7792595002259], [43.0034477278305, 61.7793787395374], [43.0039806049211, 61.77983772653]]], [[[43.0235771479672, 61.7845375223889], [43.0220748035096, 61.7843310605302], [43.0222008542862, 61.7846568992967], [43.0235771479672, 61.7845375223889]]], [[[42.9717465483647, 61.7718513375693], [42.9714953362409, 61.7711995224402], [42.9709329398035, 61.7715849287016], [42.9717465483647, 61.7718513375693]]], [[[43.070088131762, 61.7971679897111], [43.0721529922669, 61.7969883968972], [43.0699616583041, 61.7968422174945], [43.070088131762, 61.7971679897111]]], [[[43.0872281217806, 61.8019068701062], [43.0895464337211, 61.8023785798078], [43.0907964733787, 61.8019329666333], [43.0890398707936, 61.8010755943633], [43.0872281217806, 61.8019068701062]]], [[[43.0598762462919, 61.794688145142], [43.0605363486737, 61.7954726939099], [43.060817291485, 61.795279890055], [43.0598762462919, 61.794688145142]]], [[[43.0848822024519, 61.8022794574312], [43.0846289911352, 61.801627960662], [43.0843481193704, 61.8018207905972], [43.0848822024519, 61.8022794574312]]], [[[43.0533027956876, 61.7942490754347], [43.0546793213937, 61.7941294745958], [43.0545529819348, 61.7938036834934], [43.0533027956876, 61.7942490754347]]], [[[43.0912755782055, 61.8040802571983], [43.092779002749, 61.8042861147126], [43.0933406968159, 61.8039004332586], [43.0912755782055, 61.8040802571983]]], [[[43.0100273990454, 61.7835233425284], [43.0118107438709, 61.7835371606116], [43.0116847785299, 61.783211310154], [43.0100273990454, 61.7835233425284]]], [[[43.0710014373666, 61.7986040217584], [43.0739798067229, 61.7998604214215], [43.0744151055728, 61.7991490226094], [43.0710014373666, 61.7986040217584]]], [[[43.1179778517966, 61.8105094691368], [43.119047013509, 61.8114265375049], [43.1193277881471, 61.8112336679995], [43.1179778517966, 61.8105094691368]]], [[[42.9964114420346, 61.7804933700732], [42.9986016329592, 61.7806404550931], [42.9967220543795, 61.7794561747628], [42.9964114420346, 61.7804933700732]]], [[[43.1245742108313, 61.8146488803417], [43.1239125607163, 61.8138646859067], [43.1233510177354, 61.8142504312126], [43.1245742108313, 61.8146488803417]]], [[[43.0603254693451, 61.7976800007316], [43.0584151060725, 61.7973408816765], [43.0597635477497, 61.798065599448], [43.0603254693451, 61.7976800007316]]], [[[43.0554091338246, 61.7969285623035], [43.0555637533647, 61.7964099844334], [43.0539061715327, 61.7967223837312], [43.0554091338246, 61.7969285623035]]], [[[43.1168007282712, 61.8129694701651], [43.116266146066, 61.8125109364307], [43.1158314389699, 61.8132223613231], [43.1168007282712, 61.8129694701651]]], [[[43.0651858544438, 61.8001199900457], [43.0662815992166, 61.8001931094247], [43.0669699475052, 61.8001332640391], [43.0651858544438, 61.8001199900457]]], [[[43.0952685743854, 61.8079421070428], [43.0941725670105, 61.8078691675282], [43.0942992688963, 61.8081948947787], [43.0952685743854, 61.8079421070428]]], [[[43.0435121085971, 61.7956045659981], [43.0434143693778, 61.794434399628], [43.0426975566471, 61.7953385303491], [43.0435121085971, 61.7956045659981]]], [[[42.9994826313185, 61.7829214865375], [43.0016142188213, 61.7847574102265], [43.002768134442, 61.78314204437], [42.9994826313185, 61.7829214865375]]], [[[43.076692681822, 61.8050126140411], [43.0782238675376, 61.804374281548], [43.0764395838199, 61.8043611181712], [43.076692681822, 61.8050126140411]]], [[[43.0656916439544, 61.8014230519325], [43.0667593883352, 61.8023404953178], [43.0673213036354, 61.8019548876081], [43.0656916439544, 61.8014230519325]]], [[[43.0709322974877, 61.8048400827038], [43.0706792930151, 61.8041885778407], [43.0701173831109, 61.8045741891477], [43.0709322974877, 61.8048400827038]]], [[[42.9943252909796, 61.7852202112439], [42.9952946684144, 61.7849679109405], [42.9941994605368, 61.7848943553903], [42.9943252909796, 61.7852202112439]]], [[[43.0813017360864, 61.806800545409], [43.079826041239, 61.8057502973385], [43.0789554813106, 61.8071730419026], [43.0813017360864, 61.806800545409]]], [[[43.0888907542051, 61.8098443908062], [43.0924873103413, 61.8090261732195], [43.0867815418349, 61.8071655721336], [43.0888907542051, 61.8098443908062]]], [[[43.1800507420483, 61.8327019079668], [43.1800250367262, 61.8335460377196], [43.1805863081118, 61.8331601781998], [43.1800507420483, 61.8327019079668]]], [[[43.1400910522604, 61.8233975499571], [43.1406525601677, 61.8230117821682], [43.139275309608, 61.8231320062372], [43.1400910522604, 61.8233975499571]]], [[[43.0733771134632, 61.8056377372919], [43.0736301700965, 61.8062892286652], [43.0741920728061, 61.8059036128616], [43.0733771134632, 61.8056377372919]]], [[[43.0634157827124, 61.8038097663079], [43.0657339255804, 61.8042817718865], [43.0660149025659, 61.8040889752262], [43.0634157827124, 61.8038097663079]]], [[[43.0387629336626, 61.7980373319575], [43.038510487669, 61.7973857470548], [43.0379483637262, 61.7977712792213], [43.0387629336626, 61.7980373319575]]], [[[43.1760457624022, 61.8333890196877], [43.1763521991948, 61.8323519637723], [43.1742860049953, 61.8325326888327], [43.1760457624022, 61.8333890196877]]], [[[43.0666752774422, 61.8048734394578], [43.0680241148212, 61.8055980520087], [43.0683050891087, 61.8054052508518], [43.0666752774422, 61.8048734394578]]], [[[43.13692864654, 61.8235052033027], [43.1385866816302, 61.8231921160235], [43.1352972133959, 61.8229740843866], [43.13692864654, 61.8235052033027]]], [[[42.9962345489854, 61.7855600362668], [42.9942662378967, 61.7869090580068], [42.9966120978702, 61.7865375930356], [42.9962345489854, 61.7855600362668]]], [[[43.1017802631488, 61.8146151899392], [43.1023420156716, 61.8142295120825], [43.1009649476744, 61.8143494546638], [43.1017802631488, 61.8146151899392]]], [[[43.062853802661, 61.804195356031], [43.0600300447509, 61.802420261586], [43.0635000923555, 61.8012768005841], [43.0595244243129, 61.8011171925046], [43.0597208713213, 61.8034573696621], [43.062853802661, 61.804195356031]]], [[[43.0968611163476, 61.8138649754884], [43.0986458200487, 61.8138779356184], [43.0983923155531, 61.8132265188889], [43.0968611163476, 61.8138649754884]]], [[[42.9934226351467, 61.7874871988753], [42.9934521796745, 61.7866427840374], [42.9922015428671, 61.787087780277], [42.9934226351467, 61.7874871988753]]], [[[43.078310205152, 61.8100915137126], [43.078057051392, 61.8094400475204], [43.0774951360918, 61.8098256642232], [43.078310205152, 61.8100915137126]]], [[[43.0415569051272, 61.8006571542045], [43.0411210172213, 61.8013684666815], [43.0419642287663, 61.8007901684317], [43.0415569051272, 61.8006571542045]]], [[[42.9872580730018, 61.7871788537213], [42.9875096367605, 61.7878305627304], [42.9880721015464, 61.7874451546703], [42.9872580730018, 61.7871788537213]]], [[[43.0992522445956, 61.8163507007244], [43.1024141916618, 61.8162436957901], [43.102314708657, 61.8150737569485], [43.0992522445956, 61.8163507007244]]], [[[43.0797582422492, 61.8119860003538], [43.0797860151127, 61.811141736602], [43.0789431264243, 61.811720160757], [43.0797582422492, 61.8119860003538]]], [[[43.0398704496617, 61.8018137399123], [43.0403063654466, 61.8011024337305], [43.0390557987863, 61.8015477015654], [43.0398704496617, 61.8018137399123]]], [[[43.0452922536348, 61.8038686620093], [43.0450396673469, 61.8032171175761], [43.0444775218203, 61.803602650642], [43.0452922536348, 61.8038686620093]]], [[[43.062488436892, 61.8069210509659], [43.0625867543754, 61.8080910887329], [43.0634297995458, 61.8075127221346], [43.062488436892, 61.8069210509659]]], [[[43.0176653492766, 61.7968364789205], [43.0196043568557, 61.796331672369], [43.0208839599269, 61.7950421551715], [43.0186929146465, 61.7948953561359], [43.0176653492766, 61.7968364789205]], [[43.0187899460993, 61.7960655306], [43.0186638863295, 61.7957397197124], [43.0190710876607, 61.7958727914963], [43.0187899460993, 61.7960655306]]], [[[43.0657200967053, 61.8088289977602], [43.06903604188, 61.8082040300921], [43.0700055029517, 61.8079513790531], [43.0657200967053, 61.8088289977602]]], [[[43.0591724953146, 61.8075459053194], [43.0586386316677, 61.8070871827275], [43.0587650475691, 61.807412935159], [43.0591724953146, 61.8075459053194]]], [[[43.1079135315844, 61.8203106261346], [43.1076598400298, 61.8196592570692], [43.1073789538758, 61.8198520950983], [43.1079135315844, 61.8203106261346]]], [[[43.0553508937289, 61.8068676771018], [43.0556602065535, 61.8058306031999], [43.0538758715744, 61.8058172185899], [43.0553508937289, 61.8068676771018]]], [[[43.067041013732, 61.8103978650696], [43.0688255555551, 61.8104111183786], [43.0695140711177, 61.8103512684964], [43.067041013732, 61.8103978650696]]], [[[43.1600767310564, 61.8344483239312], [43.1622704149478, 61.8345933719867], [43.1599494248263, 61.8341227126932], [43.1600767310564, 61.8344483239312]]], [[[43.0272840931865, 61.8005484783298], [43.0270318153662, 61.7998968907291], [43.0264695484311, 61.8002823797282], [43.0272840931865, 61.8005484783298]]], [[[43.0244332288106, 61.7996171161371], [43.0259361497337, 61.7998235348284], [43.0258100225147, 61.7994977383301], [43.0244332288106, 61.7996171161371]]], [[[43.0697391147685, 61.8118470038363], [43.0695846157376, 61.8123655286464], [43.0706806977562, 61.8124386147504], [43.0697391147685, 61.8118470038363]]], [[[43.1653555832937, 61.8370176186683], [43.1687737391169, 61.8375606778831], [43.1703047000021, 61.836921739247], [43.1653555832937, 61.8370176186683]]], [[[43.0682075153647, 61.8124852257127], [43.0691770852545, 61.8122325872642], [43.069078566323, 61.811062593564], [43.0674204907632, 61.811375077398], [43.0682075153647, 61.8124852257127]]], [[[43.1682122923636, 61.837946487041], [43.168875188939, 61.8387303667132], [43.1693092422279, 61.838018964304], [43.1682122923636, 61.837946487041]]], [[[43.0472437995618, 61.807066561273], [43.0498146294418, 61.8081902758607], [43.0504335419745, 61.8061161604326], [43.0472437995618, 61.807066561273]]], [[[43.0322402794655, 61.8041593858471], [43.0343343724335, 61.8031359222852], [43.0324239686914, 61.802796546024], [43.0322402794655, 61.8041593858471]]], [[[43.044070161309, 61.8034696445087], [43.0387460938573, 61.8025847826618], [43.0354473536127, 61.7986617960053], [43.033479707123, 61.8000111001323], [43.0377882520264, 61.8065402663204], [43.044070161309, 61.8034696445087]], [[43.0392796742178, 61.8030435807968], [43.0394059174493, 61.8033693584093], [43.0389985758238, 61.8032363387862], [43.0392796742178, 61.8030435807968]], [[43.0398132635714, 61.8035023753345], [43.0394749637987, 61.8053837426657], [43.0380003993991, 61.8043331438597], [43.0398132635714, 61.8035023753345]]], [[[42.9844821905008, 61.7919648747793], [42.9855478565485, 61.7928828631538], [42.9858291348069, 61.7926901726136], [42.9844821905008, 61.7919648747793]]], [[[43.0298937279134, 61.8045312573119], [43.0318041901115, 61.8048706569554], [43.0320853307736, 61.8046779106572], [43.0298937279134, 61.8045312573119]]], [[[43.0751080215181, 61.8155893499687], [43.0757687588213, 61.8163737107783], [43.0763307802415, 61.8159881183572], [43.0751080215181, 61.8155893499687]]], [[[43.0768371237344, 61.8172909814938], [43.0765839483907, 61.8166395521737], [43.0763029372309, 61.8168323470354], [43.0768371237344, 61.8172909814938]]], [[[42.9867393719246, 61.7941266786035], [42.986487780287, 61.7934750019699], [42.9862064993306, 61.7936676925101], [42.9867393719246, 61.7941266786035]]], [[[43.0257628494761, 61.8048894374977], [43.0263251865583, 61.8045039655857], [43.0245409163304, 61.8044902922933], [43.0257628494761, 61.8048894374977]]], [[[43.0720446662285, 61.8168658287951], [43.0726067308161, 61.8164802498638], [43.0712294991422, 61.8165999658159], [43.0720446662285, 61.8168658287951]]], [[[43.0765282650676, 61.8183279960404], [43.0772169020386, 61.8182681200778], [43.0750244025543, 61.8181220261107], [43.0765282650676, 61.8183279960404]]], [[[43.1032102634431, 61.825602807224], [43.1042794908061, 61.8265198486123], [43.1045604399125, 61.8263270240731], [43.1032102634431, 61.825602807224]]], [[[43.1210279402874, 61.8311215743014], [43.121689815233, 61.8319056680123], [43.1219707175747, 61.831712826386], [43.1210279402874, 61.8311215743014]]], [[[43.1539745926535, 61.8407056412525], [43.1563220956883, 61.8403322769132], [43.153847316101, 61.8403800417057], [43.1539745926535, 61.8407056412525]]], [[[43.1279088538107, 61.8350673362887], [43.1275276995439, 61.8340904369243], [43.1265579713735, 61.8343433415721], [43.1279088538107, 61.8350673362887]]], [[[43.0430393898561, 61.8136607322572], [43.0446692446901, 61.8141927181196], [43.046987761676, 61.814664924247], [43.0430393898561, 61.8136607322572]]], [[[43.1631819255056, 61.8451204581428], [43.1660651591799, 61.8452052579165], [43.1638969404916, 61.8442162186038], [43.1631819255056, 61.8451204581428]]], [[[43.0394700391112, 61.8136337013344], [43.0400037723564, 61.8140924545034], [43.0402849373002, 61.8138997118024], [43.0394700391112, 61.8136337013344]]], [[[43.1514208768721, 61.8432855704728], [43.1511663444514, 61.8426343794732], [43.150604662975, 61.8430201193832], [43.1514208768721, 61.8432855704728]]], [[[43.1699418631267, 61.8487386114979], [43.1718814552651, 61.84823239391], [43.1700952182199, 61.8482201559356], [43.1699418631267, 61.8487386114979]]], [[[43.1620587127396, 61.8458919919221], [43.1625942482261, 61.846350267551], [43.1632832341341, 61.8462900795237], [43.1620587127396, 61.8458919919221]]], [[[43.0900414583468, 61.8292742553028], [43.0890992017669, 61.8286828242531], [43.0888181636275, 61.8288756209133], [43.0900414583468, 61.8292742553028]]], [[[43.1816034782181, 61.8494026538096], [43.1852267936817, 61.8522844674543], [43.1860690087779, 61.8517057411272], [43.1816034782181, 61.8494026538096]]], [[[43.2003107977053, 61.8580353225722], [43.2000553902442, 61.8573842808601], [43.1994939677726, 61.8577701259907], [43.2003107977053, 61.8580353225722]]], [[[43.1533826606814, 61.8464813059677], [43.1524390847961, 61.8458902868074], [43.1521582301184, 61.8460831536148], [43.1533826606814, 61.8464813059677]]], [[[43.1597598846112, 61.8491230716726], [43.1603215633896, 61.8487373236687], [43.1589434989435, 61.8488576736429], [43.1597598846112, 61.8491230716726]]], [[[43.1635611363375, 61.8506428845616], [43.1657817153541, 61.8499438613203], [43.1631789820246, 61.8496661830481], [43.1635611363375, 61.8506428845616]]], [[[43.1148661723362, 61.839065921755], [43.1167789655769, 61.8394043321444], [43.1173409204473, 61.8390186866632], [43.1148661723362, 61.839065921755]]], [[[43.0375134668732, 61.81868550803], [43.0384547395947, 61.819277252943], [43.0398321610256, 61.8191577879018], [43.0375134668732, 61.81868550803]]], [[[43.1383038601352, 61.8452719102706], [43.1399362276749, 61.8458029059795], [43.140778956284, 61.8452243586174], [43.1383038601352, 61.8452719102706]]], [[[43.0560079680934, 61.8241512258985], [43.0587065871395, 61.8256003673632], [43.0595500513939, 61.825022101489], [43.0560079680934, 61.8241512258985]]], [[[43.1907394300808, 61.8608930172991], [43.1902288921498, 61.859590932076], [43.1893865709337, 61.8601696404168], [43.1907394300808, 61.8608930172991]]], [[[43.1329188896952, 61.8460781875584], [43.1352402503375, 61.8465491463262], [43.1367720790684, 61.845910536842], [43.1329188896952, 61.8460781875584]]], [[[43.201512127383, 61.8638222737791], [43.2020736128072, 61.8634364430376], [43.2002867012704, 61.8634245009402], [43.201512127383, 61.8638222737791]]], [[[43.1345512194634, 61.8466092273342], [43.1337083730431, 61.8471877414213], [43.1346783647149, 61.8469348250822], [43.1345512194634, 61.8466092273342]]], [[[43.1238880838682, 61.8448452584021], [43.1236339822227, 61.8441940395235], [43.1233530016399, 61.8443868640627], [43.1238880838682, 61.8448452584021]]], [[[43.1272795343232, 61.8462330975795], [43.1320493208196, 61.8475007225804], [43.1329455797749, 61.8452341504359], [43.1272795343232, 61.8462330975795]]], [[[43.1270988263499, 61.8475955542916], [43.126717574057, 61.8466187511546], [43.1254665523397, 61.8470644524627], [43.1270988263499, 61.8475955542916]]], [[[43.1529178685649, 61.8525822671581], [43.1476858799995, 61.8528705106657], [43.1535544392861, 61.8542100940208], [43.1529178685649, 61.8525822671581]]], [[[43.1992914008776, 61.8645216540512], [43.2001854780775, 61.8668001566021], [43.2015893098989, 61.8658356085267], [43.1992914008776, 61.8645216540512]]], [[[43.1484013689282, 61.8519663880385], [43.1433283067561, 61.8471904357901], [43.1354412712978, 61.8488883800948], [43.1365118377513, 61.849805060855], [43.1424325819982, 61.8494570241226], [43.1409748601019, 61.8521092471442], [43.1484013689282, 61.8519663880385]], [[43.1387594108183, 61.8482623458308], [43.1388865947407, 61.8485879345857], [43.1384784752016, 61.8484551874571], [43.1387594108183, 61.8482623458308]], [[43.1379165904784, 61.8488408689112], [43.1381709502293, 61.849492043723], [43.1376356467679, 61.8490337087388], [43.1379165904784, 61.8488408689112]], [[43.1438371845386, 61.8484927827159], [43.1428936976862, 61.8479017248849], [43.1441180940749, 61.8482999320964], [43.1438371845386, 61.8484927827159]]], [[[43.1375558526207, 61.8515657292751], [43.1389340753475, 61.8514455438769], [43.1396231808653, 61.8513854484799], [43.1375558526207, 61.8515657292751]]], [[[43.2034283605306, 61.8687047300394], [43.2030703287328, 61.8668843556287], [43.2025088010405, 61.8672701791756], [43.2034283605306, 61.8687047300394]]], [[[43.1944158172363, 61.86663162455], [43.1956412820197, 61.867029425268], [43.1957943799069, 61.866511023665], [43.1944158172363, 61.86663162455]]], [[[43.2160942179739, 61.8728141929208], [43.2158384651732, 61.8721632510334], [43.2152769878429, 61.8725490970634], [43.2160942179739, 61.8728141929208]]], [[[43.2065689316111, 61.8694398484704], [43.208178018401, 61.8708140071608], [43.2090202964497, 61.8702352601493], [43.2065689316111, 61.8694398484704]]], [[[43.1900247748237, 61.8663423504193], [43.1897694815765, 61.8656913374854], [43.1894886673683, 61.8658842303731], [43.1900247748237, 61.8663423504193]]], [[[43.1462283784371, 61.8555227022111], [43.1459738541103, 61.854871571466], [43.1454119522999, 61.855257255618], [43.1462283784371, 61.8555227022111]]], [[[43.150029723693, 61.8570427174476], [43.1497751274204, 61.856391599293], [43.1494941864078, 61.856584445416], [43.150029723693, 61.8570427174476]]], [[[43.1440865530521, 61.853689528649], [43.1417646824943, 61.8532187092762], [43.1373222600145, 61.854616100153], [43.1440865530521, 61.853689528649]]], [[[43.2113714381415, 61.8744060882705], [43.2124694528032, 61.8744782831464], [43.2129031229809, 61.8737669832598], [43.2113714381415, 61.8744060882705]]], [[[43.2131337945891, 61.8752617689157], [43.2128780732646, 61.8746108360214], [43.2123165365791, 61.8749966658636], [43.2131337945891, 61.8752617689157]]], [[[43.152273018685, 61.860045267775], [43.1520183666545, 61.8593941694056], [43.15173741485, 61.8595870137299], [43.152273018685, 61.860045267775]]], [[[43.2289444769062, 61.8801050093389], [43.2286884722953, 61.879454125008], [43.2277182926653, 61.879707473921], [43.2289444769062, 61.8801050093389]]], [[[43.1458945671807, 61.8574034732918], [43.145306191128, 61.8586331037349], [43.1473738431285, 61.8584527464972], [43.1458945671807, 61.8574034732918]]], [[[43.2262113949401, 61.879502857471], [43.2281517542003, 61.8789961668398], [43.2255467293982, 61.8787194454462], [43.2262113949401, 61.879502857471]]], [[[43.1581165867113, 61.8622285564029], [43.1590867816298, 61.8619755420378], [43.1570190055228, 61.8621560278785], [43.1581165867113, 61.8622285564029]]], [[[43.2109126463018, 61.8759612256303], [43.2140789352948, 61.8758523348176], [43.2107847968811, 61.8756357600824], [43.2109126463018, 61.8759612256303]]], [[[43.2292004932083, 61.8807558918711], [43.2319583586915, 61.8805141819841], [43.2292252047795, 61.8799120777803], [43.2292004932083, 61.8807558918711]]], [[[43.1957442777764, 61.872743693267], [43.1967144888827, 61.8724904990375], [43.1941100963041, 61.8722133153923], [43.1957442777764, 61.872743693267]]], [[[43.1844335268859, 61.8693561872384], [43.1875738038881, 61.8700916303246], [43.1832081025721, 61.8689583172727], [43.1844335268859, 61.8693561872384]]], [[[43.2265953442999, 61.8804791893633], [43.2273880598113, 61.8815880246678], [43.2278215474266, 61.8808767301771], [43.2265953442999, 61.8804791893633]]], [[[43.2342582282348, 61.8818275545981], [43.2294565122085, 61.881406768108], [43.2290230506734, 61.8821180652967], [43.2321651218231, 61.8828526621208], [43.2342582282348, 61.8818275545981]]], [[[43.1969191799764, 61.8748291725285], [43.1995237587146, 61.8751063112074], [43.1967914483668, 61.8745036925915], [43.1969191799764, 61.8748291725285]]], [[[43.2119856265356, 61.8768772597779], [43.2221777242228, 61.8810345351159], [43.2253155793506, 61.877224717347], [43.2165028357375, 61.8729467395006], [43.2138231941852, 61.8752014046213], [43.2207703598644, 61.8774545921559], [43.2119856265356, 61.8768772597779]], [[43.2204149253087, 61.8801789803758], [43.2217938710904, 61.8800581969284], [43.2215131090429, 61.8802511185944], [43.2204149253087, 61.8801789803758]], [[43.2177069155419, 61.8787328813176], [43.2167616543271, 61.8781423504893], [43.217987687482, 61.8785399650475], [43.2177069155419, 61.8787328813176]], [[43.2212572213439, 61.8796002234717], [43.2211292801923, 61.879274775011], [43.2215379806934, 61.879407302705], [43.2212572213439, 61.8796002234717]], [[43.213901007126, 61.877214546914], [43.2140288844257, 61.8775400070658], [43.2136202252933, 61.8774074586875], [43.213901007126, 61.877214546914]], [[43.2207205823891, 61.8791422455184], [43.2206175371697, 61.8779729685778], [43.2212820983903, 61.878756403985], [43.2207205823891, 61.8791422455184]]], [[[43.2243493279593, 61.882022584275], [43.2250636279842, 61.881118375313], [43.2227144018484, 61.881492501378], [43.2243493279593, 61.882022584275]]], [[[43.2074152053476, 61.8779506339148], [43.2090497897162, 61.8784808687972], [43.2093306003271, 61.8782879651177], [43.2074152053476, 61.8779506339148]]], [[[43.2291263459043, 61.8832872981705], [43.2296384279712, 61.884589021866], [43.2311702072394, 61.8839498161313], [43.2291263459043, 61.8832872981705]]], [[[43.1316485370505, 61.8601604457481], [43.1312670590277, 61.8591837532278], [43.1304239059387, 61.8597621908726], [43.1316485370505, 61.8601604457481]]], [[[43.2212856516117, 61.8833008860273], [43.2218472197736, 61.8829150552858], [43.2204681777644, 61.8830358360352], [43.2212856516117, 61.8833008860273]]], [[[43.2010822415524, 61.8781681295557], [43.201796990339, 61.8772639826469], [43.2004180823288, 61.8773846186054], [43.2010822415524, 61.8781681295557]]], [[[43.2196257998909, 61.8836145749528], [43.2193699229837, 61.8829636942193], [43.2188083323388, 61.8833495177662], [43.2196257998909, 61.8836145749528]]], [[[43.1354497716898, 61.8616807091975], [43.1369555506583, 61.8618861053597], [43.1342250551423, 61.8612824848989], [43.1354497716898, 61.8616807091975]]], [[[43.1372099751604, 61.8625372127224], [43.1381537156216, 61.8631282309832], [43.1387157927998, 61.8627425926967], [43.1372099751604, 61.8625372127224]]], [[[43.2024106382405, 61.8797351307718], [43.2052964124996, 61.879819283933], [43.2017464277556, 61.8789516333114], [43.2024106382405, 61.8797351307718]]], [[[43.2183497194641, 61.8849045606971], [43.2191921414044, 61.8843258343699], [43.217532232127, 61.8846395008124], [43.2183497194641, 61.8849045606971]]], [[[43.1500955198925, 61.8681464372085], [43.1501965083623, 61.8693158463494], [43.1510395787138, 61.8687373637385], [43.1500955198925, 61.8681464372085]]], [[[43.2192203900092, 61.8880263557319], [43.2217228705142, 61.8871339575663], [43.2186836638202, 61.8875684029596], [43.2192203900092, 61.8880263557319]]], [[[43.1792733932527, 61.8807478681198], [43.1794267528425, 61.8802295375633], [43.177639107459, 61.8802173751319], [43.1792733932527, 61.8807478681198]]], [[[43.1796819723453, 61.8808804884439], [43.1795286154534, 61.8813988163025], [43.1809077240124, 61.8812783431212], [43.1799629412369, 61.8806876342271], [43.1796819723453, 61.8808804884439]]], [[[43.2188148892959, 61.8924379782303], [43.2182781109462, 61.8919800398471], [43.2163619956098, 61.8916428408446], [43.2178443364471, 61.8926912480028], [43.2188148892959, 61.8924379782303]]], [[[43.2157752554239, 61.8928723561745], [43.2175634673803, 61.8928841426892], [43.2174355172355, 61.8925587257048], [43.2157752554239, 61.8928723561745]]], [[[43.1950058912091, 61.8881251219769], [43.1956701223784, 61.8889085843638], [43.1962320133969, 61.8885228498498], [43.1950058912091, 61.8881251219769]]], [[[43.204534603989, 61.8914995581583], [43.2042789186373, 61.8908486990084], [43.203717072585, 61.8912344506096], [43.204534603989, 61.8914995581583]]], [[[43.2204003985597, 61.8946554869613], [43.224617063327, 61.896305974941], [43.2223166892639, 61.8949926365011], [43.2204003985597, 61.8946554869613]]], [[[43.1950827976332, 61.8901380610229], [43.1956447075374, 61.8897523310055], [43.1942653561615, 61.8898729067094], [43.1950827976332, 61.8901380610229]]], [[[43.2004989196896, 61.8930306062777], [43.2020061906334, 61.8932354124844], [43.2028490190671, 61.8926568021699], [43.2004989196896, 61.8930306062777]]], [[[43.1969995002269, 61.8950195388208], [43.197842438378, 61.8944409590832], [43.1957731774903, 61.894621836129], [43.1969995002269, 61.8950195388208]]], [[[43.1985078323708, 61.8997682452085], [43.1996065053361, 61.8998405039363], [43.1997596787663, 61.8993222363323], [43.1985078323708, 61.8997682452085]]], [[[43.2446678251601, 61.9118843443871], [43.2444113663916, 61.9112336489139], [43.2438496192647, 61.9116194607697], [43.2446678251601, 61.9118843443871]]], [[[43.213508462046, 61.9043467531004], [43.2212003104461, 61.9048517646974], [43.2215061356998, 61.9038152339861], [43.213508462046, 61.9043467531004]]], [[[43.2262897483733, 61.9096233075698], [43.2252403879337, 61.9078639800388], [43.2239885640212, 61.9083101328066], [43.2262897483733, 61.9096233075698]]], [[[43.2236827684452, 61.9093466293436], [43.22452562206, 61.9087679947473], [43.2231457104064, 61.9088887683022], [43.2236827684452, 61.9093466293436]]], [[[43.3040623958631, 61.9293901408425], [43.3046006392083, 61.9298476853226], [43.3048813508938, 61.9296547150932], [43.3040623958631, 61.9293901408425]]], [[[43.2679671747455, 61.9202752915716], [43.2685048892894, 61.9207329772453], [43.2687857079942, 61.9205400483847], [43.2679671747455, 61.9202752915716]]], [[[43.3221046855829, 61.9343663613187], [43.3226431996241, 61.9348238347524], [43.3234851719033, 61.9342448620109], [43.3221046855829, 61.9343663613187]]], [[[43.3375417409587, 61.9390656121884], [43.3372836193437, 61.9384151919077], [43.3367223830317, 61.9388012043123], [43.3375417409587, 61.9390656121884]]], [[[43.2067625052856, 61.9044318802273], [43.2090880603658, 61.9049016725743], [43.2108768020229, 61.9049135247395], [43.2067625052856, 61.9044318802273]]], [[[43.2706558724707, 61.922563686665], [43.2710890399274, 61.9218525261733], [43.2694279930076, 61.9221665694318], [43.2706558724707, 61.922563686665]]], [[[43.3297356139076, 61.9373970001716], [43.3296066187506, 61.9370717792394], [43.3282260586858, 61.9371933208152], [43.3297356139076, 61.9373970001716]]], [[[43.3316548337038, 61.9377328816673], [43.3331870086737, 61.9370930949705], [43.3301452524016, 61.9375292202975], [43.3316548337038, 61.9377328816673]]], [[[43.2209228902793, 61.9095881557689], [43.221459933929, 61.9100460204077], [43.2217409028206, 61.909853147305], [43.2209228902793, 61.9095881557689]]], [[[43.2032876777843, 61.9055771128936], [43.2052295676905, 61.9050707747966], [43.2034408233355, 61.905058868672], [43.2032876777843, 61.9055771128936]]], [[[43.2997692356619, 61.9302724009507], [43.3003074421349, 61.9307299562227], [43.3005881790014, 61.9305369940872], [43.2997692356619, 61.9302724009507]]], [[[43.3246911834515, 61.9354850271124], [43.3224458532937, 61.9370289373358], [43.3253359496945, 61.9371111533572], [43.3246911834515, 61.9354850271124]]], [[[43.2308678686574, 61.9130931186527], [43.2308431669787, 61.913936705215], [43.2320950952126, 61.9134905254675], [43.2308678686574, 61.9130931186527]]], [[[43.2694847555172, 61.9250224340383], [43.2710174341075, 61.9243831023985], [43.2693801877456, 61.9238536211479], [43.2694847555172, 61.9250224340383]]], [[[43.2314838278166, 61.9155634474953], [43.2305622151742, 61.9141295864114], [43.2295912162618, 61.9143828750698], [43.2314838278166, 61.9155634474953]]], [[[43.3217099164796, 61.9387765422038], [43.3210652707458, 61.9371504249523], [43.3202232067358, 61.937729373412], [43.3217099164796, 61.9387765422038]]], [[[43.2296946113174, 61.9155517994761], [43.2294383701848, 61.9149011031036], [43.2288764324016, 61.9152868565034], [43.2296946113174, 61.9155517994761]]], [[[43.328241605266, 61.94173563729], [43.330312679187, 61.9415533258255], [43.3318450205314, 61.9409135706049], [43.328241605266, 61.94173563729]]], [[[43.3182582914872, 61.9390802261716], [43.3207160550021, 61.9398736854224], [43.3215581567837, 61.9392947450566], [43.3182582914872, 61.9390802261716]]], [[[43.2674948238272, 61.9272163787331], [43.2703841081403, 61.9272994688956], [43.2715075151598, 61.9265277795335], [43.2674948238272, 61.9272163787331]]], [[[43.3284769191746, 61.94322944898], [43.3297060136218, 61.9436261012637], [43.3298576842849, 61.9431079101021], [43.3284769191746, 61.94322944898]]], [[[43.3334611894825, 61.9422858218334], [43.3313222167471, 61.944998340801], [43.3335450710484, 61.9442978111952], [43.3334611894825, 61.9422858218334]]], [[[43.3556739395009, 61.9514354083176], [43.3567742915005, 61.9515066894823], [43.3569256465016, 61.9509885100119], [43.3556739395009, 61.9514354083176]]], [[[43.2703602212474, 61.9281429637269], [43.2710026915212, 61.9297693777547], [43.2725593658222, 61.9282865728672], [43.2703602212474, 61.9281429637269]]], [[[43.265657117682, 61.9288920657164], [43.2668851608217, 61.9292891865469], [43.267318464076, 61.9285780737193], [43.265657117682, 61.9288920657164]]], [[[43.3366713375124, 61.9458736149755], [43.3385460615517, 61.9478961398951], [43.3400785126134, 61.9472563478023], [43.3366713375124, 61.9458736149755]]], [[[43.2725355238955, 61.9291300596047], [43.276067646305, 61.9308394522791], [43.2788049299037, 61.9314406058994], [43.2725355238955, 61.9291300596047]]], [[[43.4069912744279, 61.9654160116398], [43.4089334844929, 61.9649077525909], [43.4068615742025, 61.9650909211093], [43.4069912744279, 61.9654160116398]]], [[[43.32607957841, 61.945291489211], [43.3283252269279, 61.9437476374437], [43.3243422276119, 61.9382083289514], [43.3202607129617, 61.9414282661018], [43.3257153592766, 61.9434724943603], [43.320366790695, 61.9425968811413], [43.32607957841, 61.945291489211]], [[43.3225897043515, 61.9418964720447], [43.322460752362, 61.9415712601057], [43.3232800734168, 61.9418357255385], [43.3225897043515, 61.9418964720447]]], [[[43.2338941610868, 61.9225883793504], [43.2359400800708, 61.9232506320112], [43.2362210714455, 61.92305775711], [43.2338941610868, 61.9225883793504]]], [[[43.3387817891484, 61.9493898634516], [43.3427506834974, 61.9503865272166], [43.3440025029133, 61.9499397134472], [43.3433344046592, 61.9491571818587], [43.3387817891484, 61.9493898634516]]], [[[43.408589937176, 61.9676305616013], [43.4094313617681, 61.9670513478416], [43.4080500165952, 61.967173463185], [43.408589937176, 61.9676305616013]]], [[[43.4014660430236, 61.9659043444102], [43.4021778654163, 61.965000062603], [43.4010558820235, 61.9657723140412], [43.4014660430236, 61.9659043444102]]], [[[43.3721565493854, 61.95873225469], [43.3714877604519, 61.9579498822814], [43.3712071719736, 61.9581429109667], [43.3721565493854, 61.95873225469]]], [[[43.4137930251282, 61.969021562795], [43.4162544749642, 61.9698135417617], [43.4184563975449, 61.969955344164], [43.4137930251282, 61.969021562795]]], [[[43.3559732158914, 61.9557841852921], [43.3576349696783, 61.9554694405624], [43.355843954535, 61.9554590327083], [43.3559732158914, 61.9557841852921]]], [[[43.3424028095422, 61.9531095322793], [43.3429641924437, 61.9527235504517], [43.3415831386511, 61.9528451774631], [43.3424028095422, 61.9531095322793]]], [[[43.4177031631706, 61.9725460715441], [43.4170332671717, 61.9717639536437], [43.4167528010011, 61.9719570290938], [43.4177031631706, 61.9725460715441]]], [[[43.3553897843113, 61.9570135054691], [43.3551312642966, 61.9563632056975], [43.3545699488442, 61.9567492145049], [43.3553897843113, 61.9570135054691]]], [[[43.3422512602876, 61.9536276910653], [43.3437614980948, 61.9538312247314], [43.3440421899953, 61.953638232019], [43.3422512602876, 61.9536276910653]]], [[[43.3535137994224, 61.9549913034061], [43.3518298305824, 61.9561493235326], [43.3540529411904, 61.9554486077672], [43.3535137994224, 61.9549913034061]]], [[[43.3221264572704, 61.9488364746238], [43.3194102321966, 61.9473926940178], [43.3184389922658, 61.947646387371], [43.3197970701788, 61.9483682911639], [43.3221264572704, 61.9488364746238]]], [[[43.3641061161046, 61.9609567016906], [43.3660486508247, 61.9604488806116], [43.3634374485795, 61.9601743139935], [43.3641061161046, 61.9609567016906]]], [[[43.3172929708941, 61.9492615868529], [43.3164964773308, 61.9481537551918], [43.3160638278835, 61.9488648698181], [43.3172929708941, 61.9492615868529]]], [[[43.3364972242676, 61.9472351696676], [43.3239627325942, 61.9471604917634], [43.3248277041354, 61.9457381968605], [43.316376273946, 61.9424430691924], [43.3073778994706, 61.9440756085027], [43.329266638145, 61.9497226773598], [43.3397248749032, 61.9553645733166], [43.3364972242676, 61.9472351696676]], [[43.3175135727933, 61.9462133401737], [43.3176424987025, 61.9465385458174], [43.3172328071485, 61.9464063041078], [43.3175135727933, 61.9462133401737]], [[43.3190691778005, 61.9447303374353], [43.3167400641028, 61.9442620991168], [43.3196306650233, 61.9443443987752], [43.3190691778005, 61.9447303374353]]], [[[43.4110092402844, 61.9701090679792], [43.4124575858491, 61.9728416337346], [43.4157606985975, 61.9730543908476], [43.4110092402844, 61.9701090679792]]], [[[43.3074142383766, 61.9477743141335], [43.3067468856604, 61.9469916350561], [43.306466062459, 61.9471845810038], [43.3074142383766, 61.9477743141335]]], [[[43.3657241772291, 61.9623284421041], [43.3666954738172, 61.9620745293162], [43.3644941618762, 61.9619320937913], [43.3657241772291, 61.9623284421041]]], [[[43.4102135300305, 61.9743861510003], [43.4107745612972, 61.9740000261804], [43.4093929814011, 61.974122145121], [43.4102135300305, 61.9743861510003]]], [[[43.4070611328652, 61.9736551694507], [43.4050279150064, 61.9667674912269], [43.3999126449528, 61.9673877932123], [43.4070611328652, 61.9736551694507]], [[43.4048137900245, 61.9698153287146], [43.4046840871011, 61.9694902498753], [43.4050942993626, 61.9696222694523], [43.4048137900245, 61.9698153287146]], [[43.4041653104808, 61.9681899183302], [43.4040356228459, 61.967864834095], [43.404445814423, 61.96799685637], [43.4041653104808, 61.9681899183302]]], [[[43.3427230734113, 61.9566149709044], [43.3460021697645, 61.9576723173237], [43.3458953105203, 61.9565038605649], [43.3427230734113, 61.9566149709044]]], [[[43.3574803501382, 61.9613724924467], [43.3564018417717, 61.9604579466771], [43.3561211633612, 61.9606509465841], [43.3574803501382, 61.9613724924467]]], [[[43.3587102809549, 61.9617688902223], [43.3584516737059, 61.9611186210277], [43.35789032318, 61.9615046262377], [43.3587102809549, 61.9617688902223]]], [[[43.3362944999914, 61.954825242691], [43.3278175371498, 61.9523742249907], [43.3266944835638, 61.9531460987136], [43.3362944999914, 61.954825242691]]], [[[43.411703913505, 61.9754322729812], [43.4140568367538, 61.9750560002344], [43.4115741395351, 61.9751072130276], [43.411703913505, 61.9754322729812]]], [[[43.3602209045712, 61.9619722746009], [43.3636302407432, 61.9633543868956], [43.3644722157204, 61.9627753610942], [43.3621635346196, 61.9614645002866], [43.3602209045712, 61.9619722746009]]], [[[43.3061389322661, 61.9490642396231], [43.3069814360446, 61.9484854098739], [43.3053195761377, 61.9487997121372], [43.3061389322661, 61.9490642396231]]], [[[43.3589688927004, 61.9624191558195], [43.3601988666845, 61.9628155410046], [43.3603502225849, 61.9622974065003], [43.3589688927004, 61.9624191558195]]], [[[43.3063966213072, 61.9497146482126], [43.3085970627045, 61.9498577977993], [43.3062677754377, 61.9493894434682], [43.3063966213072, 61.9497146482126]]], [[[43.311593894243, 61.9511087610606], [43.3114419591793, 61.9516269036588], [43.3120036163739, 61.9512410099648], [43.311593894243, 61.9511087610606]]], [[[43.3630469287729, 61.9645836549119], [43.3640182937095, 61.9643297601105], [43.3618168702525, 61.9641872949079], [43.3630469287729, 61.9645836549119]]], [[[43.3570261763172, 61.9629268932617], [43.3563576131135, 61.9621444920748], [43.3560547996894, 61.9631807538889], [43.3570261763172, 61.9629268932617]]], [[[43.2113732592687, 61.9252314427771], [43.2129847229668, 61.9266049332712], [43.2138280891951, 61.9260264299759], [43.2113732592687, 61.9252314427771]]], [[[43.3093702872092, 61.9518089839976], [43.3093933737054, 61.9509656483461], [43.3080122794433, 61.9510870253461], [43.3093702872092, 61.9518089839976]]], [[[43.3045826860423, 61.9505470795842], [43.3062446223916, 61.9502327899115], [43.3044538572599, 61.9502218775378], [43.3045826860423, 61.9505470795842]]], [[[43.3442507760527, 61.9613600818025], [43.3456544540899, 61.9603951659044], [43.343021001718, 61.9609635851015], [43.3442507760527, 61.9613600818025]]], [[[43.2391757490618, 61.9350824986586], [43.2412223857047, 61.9357446254143], [43.2417844898625, 61.9353588989942], [43.2391757490618, 61.9350824986586]]], [[[43.3476863670324, 61.9565143655457], [43.3528415633876, 61.959593807908], [43.3570073939762, 61.9583853663917], [43.3519146528391, 61.9581610754734], [43.3504709189979, 61.9554277057242], [43.345636945189, 61.9558535446056], [43.3485239865929, 61.9613202724128], [43.3542191242134, 61.9648568383726], [43.3507474398426, 61.9606196285932], [43.3554305218013, 61.9607118091028], [43.348720030705, 61.959115579021], [43.3476863670324, 61.9565143655457]]], [[[43.3566791567179, 61.9656496465141], [43.3572626737336, 61.9644204099741], [43.3551905548005, 61.9646029921345], [43.3566791567179, 61.9656496465141]]], [[[43.3018204894242, 61.9507897499471], [43.3035880736309, 61.9516440240527], [43.3043018304652, 61.9507400165387], [43.3018204894242, 61.9507897499471]]], [[[43.251456564469, 61.9390548616927], [43.2522996384178, 61.9384762369889], [43.2509187986638, 61.9385971931061], [43.251456564469, 61.9390548616927]]], [[[43.3047939979448, 61.9528841423895], [43.3045363116017, 61.9522337499877], [43.3039745725686, 61.9526196167021], [43.3047939979448, 61.9528841423895]]], [[[43.3104013689282, 61.9544105140342], [43.3100146982199, 61.9534349483644], [43.3097338480388, 61.9536278898154], [43.3104013689282, 61.9544105140342]]], [[[43.3577578089759, 61.9665641527137], [43.357369880116, 61.9655887830961], [43.3565277423616, 61.9661677639313], [43.3577578089759, 61.9665641527137]]], [[[43.3380796443603, 61.960220782863], [43.3395676446312, 61.961267614409], [43.3397192577377, 61.9607494906966], [43.3380796443603, 61.960220782863]]], [[[43.3841775857272, 61.9736568790619], [43.384609307074, 61.9729457464492], [43.3837674058413, 61.973524818116], [43.3841775857272, 61.9736568790619]]], [[[43.2502040642663, 61.9395010801109], [43.2502283756392, 61.9386576680171], [43.2493852675162, 61.9392362810297], [43.2502040642663, 61.9395010801109]]], [[[43.2336526418561, 61.9355658788624], [43.2333962100672, 61.9349152922071], [43.2328340312657, 61.9353009943456], [43.2336526418561, 61.9355658788624]]], [[[43.3767730140635, 61.9721228101197], [43.3765140524817, 61.9714726227635], [43.3759527298348, 61.9718586495572], [43.3767730140635, 61.9721228101197]]], [[[43.2920472356915, 61.9504702145289], [43.2942710684552, 61.9497701939395], [43.2920706819166, 61.9496268707836], [43.2920472356915, 61.9504702145289]]], [[[43.3398484057795, 61.9610746405823], [43.3462558064605, 61.9637074094695], [43.3436892879305, 61.9617460429457], [43.3398484057795, 61.9610746405823]]], [[[43.2377458458943, 61.9368902223061], [43.2398170771965, 61.9367089306728], [43.2416072307892, 61.9367204779679], [43.2424503991667, 61.9361418883376], [43.2377458458943, 61.9368902223061]]], [[[43.2410451077457, 61.9371062007907], [43.2389738602556, 61.9372875059139], [43.2391021287604, 61.9376127879999], [43.2410451077457, 61.9371062007907]]], [[[43.253736145307, 61.9412107605683], [43.2517133128193, 61.9397053988852], [43.2503324289985, 61.9398263496065], [43.251407991186, 61.9407416759877], [43.253736145307, 61.9412107605683]]], [[[43.256064355186, 61.9416798154713], [43.2585210584003, 61.9424740940044], [43.2588020776539, 61.9422812146065], [43.256064355186, 61.9416798154713]]], [[[43.2450592272018, 61.9364182383112], [43.2495379490173, 61.9387181384315], [43.2493055740931, 61.9372241693601], [43.2450592272018, 61.9364182383112]]], [[[43.3896183734893, 61.9765418340386], [43.3899418497367, 61.9746624479138], [43.3874591453235, 61.9747133342531], [43.3896183734893, 61.9765418340386]]], [[[43.2663252276273, 61.9441456818779], [43.2667107579953, 61.9451214157209], [43.2676822605281, 61.9448679921643], [43.2663252276273, 61.9441456818779]]], [[[43.2815259132904, 61.9473554692797], [43.2830356124038, 61.9475595137607], [43.2863595480549, 61.9469312950434], [43.2815259132904, 61.9473554692797]]], [[[43.3795791785364, 61.9755768992547], [43.3805507017536, 61.9753229397021], [43.3787588043755, 61.9753127584772], [43.3795791785364, 61.9755768992547]]], [[[43.392166672654, 61.9793454750138], [43.3927279431402, 61.9789594203412], [43.3909358820854, 61.9789493587261], [43.392166672654, 61.9793454750138]]], [[[43.2947159028168, 61.9536010126767], [43.2959216148908, 61.9548411705838], [43.2962025397156, 61.9546482534144], [43.2947159028168, 61.9536010126767]]], [[[43.2965888911646, 61.9556238388693], [43.2963313217333, 61.9549734491655], [43.2957694639898, 61.955359282605], [43.2965888911646, 61.9556238388693]]], [[[43.2350385313034, 61.9399874334734], [43.2365231249424, 61.9410352758574], [43.2370853478107, 61.9406495800143], [43.2350385313034, 61.9399874334734]]], [[[43.3819539948811, 61.9797419384399], [43.3811551325035, 61.9786346634591], [43.3807232924461, 61.9793457556023], [43.3819539948811, 61.9797419384399]]], [[[43.4336378907762, 61.9918327199043], [43.4364912013081, 61.9935992698906], [43.4373327661943, 61.9930200507349], [43.4336378907762, 61.9918327199043]]], [[[43.4322557730856, 61.9919549935283], [43.4322352217782, 61.9927980629804], [43.4327962971116, 61.9924119273687], [43.4322557730856, 61.9919549935283]]], [[[43.3764916233899, 61.9776999953587], [43.3771608332061, 61.978482224775], [43.3775927272227, 61.9777711362291], [43.3764916233899, 61.9776999953587]]], [[[43.3935927258238, 61.9829211129192], [43.3948236656798, 61.98331719863], [43.3952552988931, 61.9826060965942], [43.3935927258238, 61.9829211129192]]], [[[43.3853655685663, 61.9811234445914], [43.385430130896, 61.9785939988141], [43.3826665007585, 61.9788378346985], [43.3853655685663, 61.9811234445914]]], [[[43.3022554510284, 61.9600054662794], [43.3035312256857, 61.9587156828827], [43.3011782286925, 61.959090583264], [43.3022554510284, 61.9600054662794]]], [[[43.3972410280512, 61.9804117543991], [43.3970262465642, 61.9834592447485], [43.4011729827471, 61.9835067757173], [43.3972410280512, 61.9804117543991]]], [[[43.386035005911, 61.9819056182499], [43.3878271991661, 61.981915727529], [43.3885181527907, 61.9818547543936], [43.386035005911, 61.9819056182499]]], [[[43.2958047542862, 61.959057648292], [43.295547174063, 61.9584072756755], [43.2952662204599, 61.9586001856502], [43.2958047542862, 61.959057648292]]], [[[43.5905482397097, 62.0339180122066], [43.5926228443689, 62.0337328660791], [43.5904168415641, 62.0335932337409], [43.5905482397097, 62.0339180122066]]], [[[43.4315235837466, 61.9937022557547], [43.4281937512408, 61.9901915012369], [43.4270284439077, 61.991407855888], [43.4315235837466, 61.9937022557547]]], [[[43.5516786658379, 62.0245958710028], [43.5538840427146, 62.0247359799816], [43.5541642220014, 62.0245427777272], [43.5516786658379, 62.0245958710028]]], [[[43.4341168957783, 61.9948188279267], [43.4345479597207, 61.99410770071], [43.4337063336805, 61.9946869000805], [43.4341168957783, 61.9948188279267]]], [[[43.4386332335371, 61.9962699514972], [43.4377024460113, 61.9948380851097], [43.4372714297328, 61.9955492150244], [43.4386332335371, 61.9962699514972]]], [[[43.3195975052209, 61.9658845845061], [43.3194685046679, 61.9655594328217], [43.3180869409597, 61.9656808709756], [43.3195975052209, 61.9658845845061]]], [[[43.3765777154894, 61.9797113830741], [43.377246963077, 61.9804935981012], [43.3780891026302, 61.9799145902863], [43.3765777154894, 61.9797113830741]]], [[[43.4129890680912, 61.9902934519814], [43.4127294077362, 61.9896434103153], [43.41216817682, 61.9900294919677], [43.4129890680912, 61.9902934519814]]], [[[43.409035562941, 61.988455549784], [43.4099862003031, 61.9890445508655], [43.410547436615, 61.9886584728104], [43.409035562941, 61.988455549784]]], [[[43.5456412615351, 62.0229461402523], [43.5463144922202, 62.0237274577561], [43.5468749047532, 62.0233410703343], [43.5456412615351, 62.0229461402523]]], [[[43.3387363275197, 61.9717723650028], [43.338090473097, 61.9701467477744], [43.336967123634, 61.9709185720346], [43.3387363275197, 61.9717723650028]]], [[[43.3358662788059, 61.9708471838507], [43.3357371307641, 61.9705220573472], [43.3343554429495, 61.9706436133123], [43.3358662788059, 61.9708471838507]]], [[[43.5204874973003, 62.0182854280303], [43.5210480825032, 62.0178991044603], [43.5192542650724, 62.0178903027954], [43.5204874973003, 62.0182854280303]]], [[[43.4750953762508, 62.0059952488818], [43.4757669611765, 62.006776933309], [43.476327816176, 62.0063907095638], [43.4750953762508, 62.0059952488818]]], [[[43.4089934998503, 61.9901417210638], [43.4095547595447, 61.9897556502033], [43.4081726400555, 61.9898777439629], [43.4089934998503, 61.9901417210638]]], [[[43.3444768224476, 61.9736225717245], [43.3457069969805, 61.9740190180634], [43.3459878183833, 61.9738260532299], [43.3444768224476, 61.9736225717245]]], [[[43.5005897964821, 62.0133232432732], [43.5022336834379, 62.01385026218], [43.5027943819553, 62.0134639808782], [43.5005897964821, 62.0133232432732]]], [[[43.3276214210919, 61.9698899535587], [43.3265433614871, 61.9689752944744], [43.326262480729, 61.9691682359255], [43.3276214210919, 61.9698899535587]]], [[[43.4119964135039, 61.991390625777], [43.4125576606077, 61.9910045486212], [43.4111755087429, 61.9911266657632], [43.4119964135039, 61.991390625777]]], [[[43.3169633333913, 61.9664526017063], [43.3176312068149, 61.9672351189058], [43.318193018693, 61.9668492548894], [43.3169633333913, 61.9664526017063]]], [[[43.5420166141756, 62.0246147261888], [43.5408012820537, 62.0233769056198], [43.5402408083668, 62.0237632723573], [43.5420166141756, 62.0246147261888]]], [[[43.5352881654167, 62.0230261853103], [43.5350263287023, 62.0223764934806], [43.5344658163445, 62.0227628467281], [43.5352881654167, 62.0230261853103]]], [[[43.3417132885376, 61.9738657996671], [43.3414548773409, 61.9732155691434], [43.341174038851, 61.9734085267822], [43.3417132885376, 61.9738657996671]]], [[[43.4132277877324, 61.9917865604016], [43.414199493512, 61.9915324551588], [43.4124068694816, 61.9915226057838], [43.4132277877324, 61.9917865604016]]], [[[43.3341811444444, 61.9720048901137], [43.3352820171515, 61.972076287291], [43.3354337237875, 61.9715582130412], [43.3341811444444, 61.9720048901137]]], [[[43.5024949364923, 62.0145000475393], [43.5045498945622, 62.0151587901463], [43.5048302411229, 62.0149656481463], [43.5024949364923, 62.0145000475393]]], [[[43.3433534981656, 61.9743944139712], [43.342685010505, 61.973612037066], [43.3424041756124, 61.9738049947049], [43.3433534981656, 61.9743944139712]]], [[[43.407590299353, 61.9911068878727], [43.4088216241188, 61.9915028521751], [43.4100739849266, 61.9910557353341], [43.407590299353, 61.9911068878727]]], [[[43.40802179497, 61.9903958011255], [43.4054083749967, 61.9901219009052], [43.4070500783986, 61.990649874892], [43.40802179497, 61.9903958011255]]], [[[43.3809822405381, 61.9853797298908], [43.3816948669248, 61.9844756702162], [43.3800321112931, 61.9847905588374], [43.3809822405381, 61.9853797298908]]], [[[43.3715462244788, 61.9823421698554], [43.3707039401349, 61.9829211363016], [43.3733166595364, 61.9831955482362], [43.3715462244788, 61.9823421698554]]], [[[43.5853578187085, 62.0379142801201], [43.5874153137659, 62.0385719660236], [43.5886671547656, 62.0381238014724], [43.5853578187085, 62.0379142801201]]], [[[43.4586753888583, 62.0061044301755], [43.459106140736, 62.0053933110526], [43.4582646307083, 62.0059725706778], [43.4586753888583, 62.0061044301755]]], [[[43.3914128411299, 61.9873196412886], [43.3965752878194, 61.9903970736662], [43.3996415272348, 61.9891169471895], [43.3914128411299, 61.9873196412886]]], [[[43.3257615052894, 61.9724088574829], [43.3269914603878, 61.9728054324249], [43.3272723609309, 61.9726124954705], [43.3257615052894, 61.9724088574829]]], [[[43.4064255190227, 61.9935651316257], [43.4062957270663, 61.9932401166382], [43.4049134798734, 61.9933621825189], [43.4064255190227, 61.9935651316257]]], [[[43.5820310663808, 62.0385474648938], [43.584500042643, 62.0393367270085], [43.5853404375114, 62.038757044702], [43.5820310663808, 62.0385474648938]]], [[[43.6292875629708, 62.0508155701826], [43.6299793313812, 62.0507537202082], [43.6277722691751, 62.0506145564168], [43.6292875629708, 62.0508155701826]]], [[[43.4730140743402, 62.0124047144062], [43.4752381769005, 62.0117028502065], [43.474155663853, 62.0107893755294], [43.4730140743402, 62.0124047144062]]], [[[43.396792117962, 61.9927332677263], [43.3993844092632, 61.9938503408207], [43.3999458110505, 61.9934643104298], [43.396792117962, 61.9927332677263]]], [[[43.6280192868608, 62.0521066423079], [43.6295346373138, 62.0523076515771], [43.6298146457295, 62.0521143755781], [43.6280192868608, 62.0521066423079]]], [[[43.5997104544741, 62.0450457132892], [43.600813784129, 62.0451154692037], [43.6009623584263, 62.0445974875841], [43.5997104544741, 62.0450457132892]]], [[[43.3622383878915, 61.9850129800652], [43.3619795791944, 61.984362840373], [43.3614179399861, 61.9847487826304], [43.3622383878915, 61.9850129800652]]], [[[43.4775141559537, 62.014697589922], [43.477944672209, 62.0139864761951], [43.4765619294896, 62.0141090636825], [43.4775141559537, 62.014697589922]]], [[[43.4229344430702, 62.0008548814478], [43.4214636090585, 61.9989660515422], [43.4210322609302, 61.999677120303], [43.4229344430702, 62.0008548814478]]], [[[43.3211604675817, 61.9743274252706], [43.3202114687844, 61.9737378926898], [43.3199076418244, 61.9747739953238], [43.3211604675817, 61.9743274252706]]], [[[43.4956158072239, 62.0196531952389], [43.4963264730884, 62.0187489449081], [43.4946632039439, 62.01906478771], [43.4956158072239, 62.0196531952389]]], [[[43.6117799462876, 62.0491834859293], [43.6127685925966, 62.0480857509568], [43.609441435574, 62.0487193799955], [43.6117799462876, 62.0491834859293]]], [[[43.3367418344682, 61.9793503250576], [43.3372811147318, 61.9798075871506], [43.3375620161743, 61.9796146448001], [43.3367418344682, 61.9793503250576]]], [[[43.3642675965725, 61.9865165610906], [43.3648072806317, 61.9869737152649], [43.3650881002358, 61.9867807432369], [43.3642675965725, 61.9865165610906]]], [[[43.5005481722605, 62.021234253758], [43.5018004395388, 62.0207866189075], [43.4994456699819, 62.0211638800092], [43.5005481722605, 62.021234253758]]], [[[43.5941766732151, 62.0455395490111], [43.5959717335089, 62.0455476141312], [43.59653197607, 62.0451611466697], [43.5941766732151, 62.0455395490111]]], [[[43.3224738339005, 61.9767354877527], [43.3226485487917, 61.9753742748031], [43.3215247595602, 61.976145972259], [43.3224738339005, 61.9767354877527]]], [[[43.3605534208039, 61.9861707960455], [43.3617841331314, 61.986567093097], [43.3620649662254, 61.9863741246663], [43.3605534208039, 61.9861707960455]]], [[[43.5535184853899, 62.0353678245657], [43.5558555814701, 62.0358326958224], [43.5561358273068, 62.0356395079571], [43.5535184853899, 62.0353678245657]]], [[[43.5632607691693, 62.0382014750182], [43.5654669320534, 62.038341427515], [43.5660273634722, 62.0379550293013], [43.5632607691693, 62.0382014750182]]], [[[43.6285298598653, 62.0542480998701], [43.6304899898213, 62.0528951957568], [43.62897461059, 62.0526941972796], [43.6285298598653, 62.0542480998701]]], [[[43.5773995884205, 62.0421569209054], [43.5782401442674, 62.0415772862629], [43.5765765747493, 62.0418938125496], [43.5773995884205, 62.0421569209054]]], [[[43.5431042362716, 62.031752319714], [43.5443198903508, 62.0329900404582], [43.5447494263451, 62.0322788772685], [43.5431042362716, 62.031752319714]]], [[[43.3533211718348, 61.9832747749111], [43.3597329567107, 61.9859065932148], [43.3567541799616, 61.983813659473], [43.3533211718348, 61.9832747749111]]], [[[43.5012205027242, 62.0220157475289], [43.5055925667437, 62.023982884103], [43.5082278366455, 62.0234124198475], [43.5037059662575, 62.0219633377381], [43.5012205027242, 62.0220157475289]], [[43.5032758187242, 62.0226744649548], [43.5031451589221, 62.0223495956575], [43.5035562264389, 62.022481337344], [43.5032758187242, 62.0226744649548]]], [[[43.4762225181548, 62.0168309005258], [43.4777357893753, 62.0170332210065], [43.4782967675819, 62.016647024241], [43.4762225181548, 62.0168309005258]]], [[[43.6355144993948, 62.057324818186], [43.6352508280634, 62.0566754537094], [43.6349708160505, 62.056868728809], [43.6355144993948, 62.057324818186]]], [[[43.323832960423, 61.9774571891981], [43.3253212241953, 61.9785039883685], [43.3293153328365, 61.9786575601984], [43.323832960423, 61.9774571891981]]], [[[43.4974826927722, 62.022515732815], [43.4972214693955, 62.0218659852272], [43.4966606009062, 62.0222522233616], [43.4974826927722, 62.022515732815]]], [[[43.6304242098096, 62.0562658233093], [43.6308524741625, 62.0555545944691], [43.6291887445651, 62.0558715632223], [43.6304242098096, 62.0562658233093]]], [[[43.5850873700862, 62.0443314888074], [43.5877055070037, 62.044602700954], [43.5881344026807, 62.0438915026909], [43.5850873700862, 62.0443314888074]]], [[[43.4991460833252, 62.0221998747246], [43.4991269115779, 62.0230427409299], [43.4999681922784, 62.0224633724868], [43.4991460833252, 62.0221998747246]]], [[[43.5724263626867, 62.0422636911166], [43.5719012539399, 62.0409646141258], [43.570649141345, 62.0414126545705], [43.5724263626867, 62.0422636911166]]], [[[43.5902891189479, 62.0465593028697], [43.5922156826078, 62.0468921464555], [43.5919527739015, 62.0462426641678], [43.5902891189479, 62.0465593028697]]], [[[43.4763333020404, 62.0179987025782], [43.4785380583849, 62.0181397252683], [43.4762028715654, 62.0176738000061], [43.4763333020404, 62.0179987025782]]], [[[43.622583384216, 62.0546113324472], [43.623126899387, 62.055067465891], [43.6234069572654, 62.0548742069793], [43.622583384216, 62.0546113324472]]], [[[43.574764076601, 62.0427282934762], [43.5726889287512, 62.0429132228671], [43.5742036604707, 62.043114703381], [43.574764076601, 62.0427282934762]]], [[[43.3674620856069, 61.9909455881686], [43.3677648162934, 61.9899095430911], [43.3670517816146, 61.9908135074376], [43.3674620856069, 61.9909455881686]]], [[[43.4893540346611, 62.0218910790103], [43.4908675612891, 62.0220932816797], [43.4910174620863, 62.0215752928656], [43.4893540346611, 62.0218910790103]]], [[[43.6073322843576, 62.0505900696761], [43.6077270624542, 62.051564225209], [43.6086989786751, 62.0513092134496], [43.6073322843576, 62.0505900696761]]], [[[43.6159616903799, 62.0541935110219], [43.6185806744587, 62.0544642600178], [43.6158300197398, 62.0538688063006], [43.6159616903799, 62.0541935110219]]], [[[43.4185946170481, 62.0034254127528], [43.4169313685879, 62.0037405873584], [43.4187245340102, 62.0037503917673], [43.4185946170481, 62.0034254127528]]], [[[43.5706137665123, 62.0430981288757], [43.5703512301253, 62.0424485944273], [43.5697907753242, 62.0428349917417], [43.5706137665123, 62.0430981288757]]], [[[43.6296994254882, 62.0580129515366], [43.6324669694752, 62.0577655435451], [43.6305560036568, 62.0565905109435], [43.6296994254882, 62.0580129515366]]], [[[43.4107517266111, 62.0026041383705], [43.4104920239879, 62.0019541605562], [43.4099306024156, 62.0023401954438], [43.4107517266111, 62.0026041383705]]], [[[43.5077217854322, 62.0274949264499], [43.5069185316651, 62.026388637126], [43.5063576928534, 62.0267748896496], [43.5077217854322, 62.0274949264499]]], [[[43.4999298838572, 62.0241490959042], [43.4966413778974, 62.0230950877683], [43.496602929182, 62.0247808021924], [43.4999298838572, 62.0241490959042]]], [[[43.5877849252343, 62.04745558161], [43.5875220857758, 62.0468060966242], [43.5854467868399, 62.0469911636115], [43.5877849252343, 62.04745558161]]], [[[43.5195149614465, 62.0309896856257], [43.5195337114118, 62.0301468724804], [43.5186925512205, 62.0307262930841], [43.5195149614465, 62.0309896856257]]], [[[43.4990885689824, 62.0247284544548], [43.5016857400051, 62.0258437846631], [43.5026768027924, 62.0247464337011], [43.4990885689824, 62.0247284544548]]], [[[43.6317586688277, 62.0586700312971], [43.6320222960923, 62.0593193903777], [43.63258238397, 62.0589328545677], [43.6317586688277, 62.0586700312971]]], [[[43.3689301065393, 61.9928349765531], [43.3686711386623, 61.9921848872229], [43.3681094544879, 61.9925708258831], [43.3689301065393, 61.9928349765531]]], [[[43.5207485974699, 62.031384767693], [43.5218514154107, 62.0314550065435], [43.5225430138492, 62.0313935540695], [43.5207485974699, 62.031384767693]]], [[[43.537909396002, 62.0357473141874], [43.5393110298803, 62.0347815043631], [43.5371051565779, 62.0346412308084], [43.537909396002, 62.0357473141874]]], [[[43.5450696452481, 62.0366244544552], [43.5472756543481, 62.0367646290845], [43.5420592564297, 62.0353781973461], [43.5450696452481, 62.0366244544552]]], [[[43.6313303873876, 62.0593812439494], [43.6307702815234, 62.0597677734641], [43.6321541142212, 62.0596440690187], [43.6313303873876, 62.0593812439494]]], [[[43.5988819378513, 62.0518490234138], [43.5986188924481, 62.051199577099], [43.5980585860351, 62.0515860328693], [43.5988819378513, 62.0518490234138]]], [[[43.6171802555645, 62.055430519503], [43.6190907771178, 62.0566057022915], [43.6195192447175, 62.0558945022296], [43.6171802555645, 62.055430519503]]], [[[43.5370683859974, 62.0363267914484], [43.5359838162003, 62.0354138689551], [43.5357034750355, 62.0356070253441], [43.5370683859974, 62.0363267914484]]], [[[43.5752541153853, 62.0457127818196], [43.5775920604254, 62.0461773356157], [43.5751228008767, 62.0453880249376], [43.5752541153853, 62.0457127818196]]], [[[43.5537085463125, 62.0393884874888], [43.5583653213027, 62.0411609073502], [43.5589258615394, 62.0407745397134], [43.5537085463125, 62.0393884874888]]], [[[43.5266367628765, 62.033553175239], [43.5304691005687, 62.0350630389283], [43.532842862908, 62.0338426337307], [43.5266367628765, 62.033553175239]]], [[[43.595508618628, 62.0479442327403], [43.5953084313392, 62.0509902571948], [43.5961832288731, 62.0487252049044], [43.6010256572085, 62.0482930662722], [43.595508618628, 62.0479442327403]]], [[[43.5737216562296, 62.0463540263174], [43.5734766800049, 62.0448617983335], [43.5725046981335, 62.0451166347251], [43.5737216562296, 62.0463540263174]]], [[[43.5318523954718, 62.034940066531], [43.532805915161, 62.035528203364], [43.5330862716143, 62.0353350514716], [43.5318523954718, 62.034940066531]]], [[[43.5649842811998, 62.0415808547728], [43.559993183239, 62.0425300253406], [43.5638632825646, 62.0423536179253], [43.5701491713473, 62.0454947303977], [43.5712701376069, 62.0447219483594], [43.5649842811998, 62.0415808547728]]], [[[43.5411817123663, 62.0376432397439], [43.5400970139662, 62.0367303514247], [43.5402096972199, 62.0378979223514], [43.5411817123663, 62.0376432397439]]], [[[43.601203455875, 62.0531559200099], [43.6084997698487, 62.0543551686563], [43.6097687429333, 62.0530642548117], [43.601203455875, 62.0531559200099]]], [[[43.4185112435992, 62.0067973236377], [43.4207567823997, 62.0052531139402], [43.4149455593902, 62.0059347236088], [43.4185112435992, 62.0067973236377]]], [[[43.609569606952, 62.0561101677502], [43.6101298648016, 62.0557236921948], [43.6087460986537, 62.0558472338629], [43.609569606952, 62.0561101677502]]], [[[43.5046369966003, 62.029619282504], [43.5041332998121, 62.0274770470283], [43.5034226582293, 62.0283812622856], [43.5046369966003, 62.029619282504]]], [[[43.5454263568411, 62.0392843765729], [43.5434822905754, 62.0397937741635], [43.5449785367302, 62.0408382467878], [43.5454263568411, 62.0392843765729]]], [[[43.5931985085045, 62.0528607499239], [43.5945650274542, 62.0535799854281], [43.5948452130363, 62.0533867660865], [43.5931985085045, 62.0528607499239]]], [[[43.5763047069968, 62.048310798205], [43.5780823510199, 62.0491617304297], [43.5779685418149, 62.0479942908041], [43.5763047069968, 62.048310798205]]], [[[43.6208030997834, 62.0608266613215], [43.6195842603055, 62.0595897301821], [43.6187439238931, 62.0601694682466], [43.6208030997834, 62.0608266613215]]], [[[43.5221878607813, 62.0349578740068], [43.5232721032252, 62.0358708819358], [43.5238329087619, 62.0354846051306], [43.5221878607813, 62.0349578740068]]], [[[43.5710681399829, 62.0477680267732], [43.5724340887623, 62.0484874583297], [43.5727143444915, 62.0482942632698], [43.5710681399829, 62.0477680267732]]], [[[43.4767372217456, 62.0243555083002], [43.4797643478465, 62.0247601042955], [43.4803254141867, 62.0243739255164], [43.4767372217456, 62.0243555083002]]], [[[43.5496350949838, 62.0426108680973], [43.5503087330617, 62.0433920462061], [43.5505890571395, 62.0431988781259], [43.5496350949838, 62.0426108680973]]], [[[43.4114469241364, 62.0079259278395], [43.4129595388518, 62.0081287996046], [43.4128296497687, 62.0078038286839], [43.4114469241364, 62.0079259278395]]], [[[43.5820320250581, 62.0518377351236], [43.5817692521495, 62.0511882636277], [43.5812087829592, 62.0515746681366], [43.5820320250581, 62.0518377351236]]], [[[43.5476909279941, 62.0431202971641], [43.5489796268085, 62.0409869442922], [43.5456520525004, 62.041619453675], [43.5476909279941, 62.0431202971641]]], [[[43.631231801007, 62.0644368808576], [43.6320720456885, 62.0638571059209], [43.6306880673006, 62.0639808058697], [43.631231801007, 62.0644368808576]]], [[[43.5653601492517, 62.0433979034906], [43.5536544233132, 62.0419167254767], [43.5525331980488, 62.0426894193814], [43.5588182567573, 62.0458309113676], [43.5635473543271, 62.0442322648074], [43.5677403498374, 62.0484009012807], [43.5705253091958, 62.047311710767], [43.5653601492517, 62.0433979034906]], [[43.5580311943843, 62.0438822900358], [43.5584247170272, 62.0448566047487], [43.5567788362744, 62.0443302243605], [43.5580311943843, 62.0438822900358]]], [[[43.4724574803286, 62.0243982908487], [43.4746625721202, 62.0245393558068], [43.4723270588469, 62.0240734053635], [43.4724574803286, 62.0243982908487]]], [[[43.5239264571405, 62.0374949667195], [43.5265437415006, 62.0377670673964], [43.5265623457758, 62.0369243019152], [43.5239264571405, 62.0374949667195]]], [[[43.6317755473038, 62.0648929540467], [43.6296995226151, 62.065078495876], [43.6285955967096, 62.0650089234232], [43.6298313371466, 62.0654031610272], [43.6317755473038, 62.0648929540467]]], [[[43.5479349374476, 62.0446125809061], [43.549729949178, 62.0446210992845], [43.5502906198164, 62.0442347694192], [43.5479349374476, 62.0446125809061]]], [[[43.5527412616001, 62.0458671333617], [43.5544051818538, 62.0455508346035], [43.5542740346191, 62.0452260633323], [43.5527412616001, 62.0458671333617]]], [[[43.5616808536886, 62.0475947238176], [43.5630287827523, 62.0491569181574], [43.5634581595666, 62.0484458035312], [43.5616808536886, 62.0475947238176]]], [[[43.5459906463514, 62.045121982094], [43.5455974222834, 62.0441476430994], [43.5450367057795, 62.0445339585755], [43.5459906463514, 62.045121982094]]], [[[43.6270632544658, 62.0656505123614], [43.6283319874315, 62.0643595904229], [43.6263877610864, 62.0648697605311], [43.6270632544658, 62.0656505123614]]], [[[43.5593071534026, 62.0488153646376], [43.5597365940687, 62.0481042581052], [43.5584841235436, 62.0485521897319], [43.5593071534026, 62.0488153646376]]], [[[43.5650686807751, 62.0506574738635], [43.5654980351064, 62.0499463655325], [43.5646571249266, 62.0505259021488], [43.5650686807751, 62.0506574738635]]], [[[43.5023168761231, 62.0345353913954], [43.5039616489111, 62.0350623032828], [43.5045226262184, 62.0346760831349], [43.5023168761231, 62.0345353913954]]], [[[43.5810075002961, 62.0546205864711], [43.5808586319205, 62.0551385114333], [43.5818308044483, 62.0548836480621], [43.5810075002961, 62.0546205864711]]], [[[43.5587285646717, 62.0500443925349], [43.5580546594951, 62.049263289969], [43.5577743246255, 62.0494564598479], [43.5587285646717, 62.0500443925349]]], [[[43.6247070405976, 62.0660292438547], [43.6263546921155, 62.0665549200737], [43.6267831372322, 62.0658437613807], [43.6247070405976, 62.0660292438547]]], [[[43.5036429903319, 62.0369409591581], [43.5050264309252, 62.0368181918063], [43.5048957108685, 62.0364933593812], [43.5036429903319, 62.0369409591581]]], [[[43.6066834414878, 62.0622555878253], [43.6105214988683, 62.063763419946], [43.6187105374615, 62.0618546916408], [43.6066834414878, 62.0622555878253]]], [[[43.5129708827002, 62.0396455245215], [43.5144851917384, 62.0398475050585], [43.5147656642042, 62.0396543855416], [43.5129708827002, 62.0396455245215]]], [[[43.5154385747306, 62.0404357084414], [43.517513858378, 62.0402514247636], [43.5153077611444, 62.0401108958014], [43.5154385747306, 62.0404357084414]]], [[[43.5508556818444, 62.0500721222308], [43.5507426550496, 62.0489046745113], [43.5494900613174, 62.0493525413868], [43.5508556818444, 62.0500721222308]]], [[[43.47149727418, 62.0300344967948], [43.4722086622002, 62.0291304173351], [43.4704143573369, 62.0291211381301], [43.47149727418, 62.0300344967948]]], [[[43.6210651487378, 62.0685413668907], [43.6208016356871, 62.0678920401856], [43.620241309489, 62.0682785103451], [43.6210651487378, 62.0685413668907]]], [[[43.542607859965, 62.0482825181239], [43.5439733249092, 62.0490021574238], [43.544403032674, 62.048291088663], [43.542607859965, 62.0482825181239]]], [[[43.6094986324561, 62.066546157979], [43.6085432619622, 62.0659585688331], [43.6075709932069, 62.0662135491162], [43.6094986324561, 62.066546157979]]], [[[43.6125134270532, 62.067790985166], [43.6122500587933, 62.0671416431725], [43.6116896597501, 62.0675280899496], [43.6125134270532, 62.067790985166]]], [[[43.5502586983804, 62.0521437798118], [43.5524655762255, 62.0522838744014], [43.5527459533632, 62.0520907171131], [43.5502586983804, 62.0521437798118]]], [[[43.5995805060357, 62.0650761090753], [43.5986424259074, 62.063645874058], [43.5980819477239, 62.0640322911575], [43.5995805060357, 62.0650761090753]]], [[[43.488593995117, 62.036930028798], [43.4880522426171, 62.0364734277067], [43.4866687651515, 62.0365960682541], [43.488593995117, 62.036930028798]]], [[[43.6237016902809, 62.0679694502301], [43.6226962419382, 62.0699096170354], [43.6257613437112, 62.0686265425811], [43.6237016902809, 62.0679694502301]]], [[[43.5179432702659, 62.0457642734026], [43.518504261063, 62.0453780442615], [43.5167092250509, 62.0453692201135], [43.5179432702659, 62.0457642734026]]], [[[43.5010800600969, 62.0403643805119], [43.5036782896215, 62.041479539849], [43.5032861186596, 62.040505079446], [43.5010800600969, 62.0403643805119]]], [[[43.461382957058, 62.0316029045506], [43.4611222543887, 62.0309531524662], [43.460841584072, 62.0311462036346], [43.461382957058, 62.0316029045506]]], [[[43.5471924517704, 62.0534257669857], [43.5488385762395, 62.0539521941386], [43.5494175255985, 62.0527232363884], [43.5471924517704, 62.0534257669857]]], [[[43.6161702593502, 62.0715016041159], [43.6176862788988, 62.0717026763376], [43.6183784223265, 62.0716408821212], [43.6161702593502, 62.0715016041159]]], [[[43.4682205178628, 62.034361698134], [43.4682403407193, 62.033518913767], [43.4676790342602, 62.0339050268956], [43.4682205178628, 62.034361698134]]], [[[43.5761724068313, 62.0612752863256], [43.5804469789451, 62.0550069774902], [43.573421913091, 62.0606792309619], [43.5761724068313, 62.0612752863256]]], [[[43.6193173864884, 62.0730709228849], [43.6215256483901, 62.07321016132], [43.6207183665595, 62.0721047866068], [43.6193173864884, 62.0730709228849]]], [[[43.5176627690217, 62.0459573866243], [43.520112200318, 62.0475901651542], [43.5205423118783, 62.0468791440574], [43.5176627690217, 62.0459573866243]]], [[[43.5246188748613, 62.0498812186435], [43.5277793398448, 62.0506097162656], [43.5282093533791, 62.0498986933702], [43.5246188748613, 62.0498812186435]]], [[[43.518990171959, 62.0483626171413], [43.5189714058059, 62.0492053025828], [43.5203552178192, 62.0490824309096], [43.518990171959, 62.0483626171413]]], [[[43.5120711262816, 62.0489768208238], [43.5126322187021, 62.0485906204609], [43.5108370396978, 62.0485817378571], [43.5120711262816, 62.0489768208238]]], [[[43.516465462911, 62.0501005893708], [43.516203753001, 62.0494510144529], [43.5156426830636, 62.0498372229097], [43.516465462911, 62.0501005893708]]], [[[43.5554364182562, 62.0489916650335], [43.5584841235436, 62.0485521897319], [43.552257503681, 62.0491063267957], [43.5560794865792, 62.0576814326521], [43.5532753671646, 62.0596129272949], [43.5563418916651, 62.0583309059467], [43.5575173838204, 62.0550303733532], [43.5554364182562, 62.0489916650335]]], [[[43.5795099393324, 62.0668651520053], [43.5780644689003, 62.0632934342448], [43.5737807084132, 62.0633385721176], [43.5756727497977, 62.0653567101442], [43.5795099393324, 62.0668651520053]]], [[[43.5845828225394, 62.0687680239253], [43.5805788483353, 62.0686201394081], [43.5840221393104, 62.0691543807702], [43.5845828225394, 62.0687680239253]]], [[[43.6215090064356, 62.0740526866823], [43.6162014892075, 62.0768813719779], [43.6128888337528, 62.0766724145005], [43.6168769843855, 62.0776620833386], [43.6215090064356, 62.0740526866823]]], [[[43.5483765873098, 62.0625715727201], [43.5492179849222, 62.0619921674048], [43.5475533461102, 62.0623083780294], [43.5483765873098, 62.0625715727201]]], [[[43.6022588192893, 62.0761069172007], [43.6028023938156, 62.0765630317587], [43.6030826981082, 62.0763698366987], [43.6022588192893, 62.0761069172007]]], [[[43.5487700604901, 62.0635457588299], [43.5485077435377, 62.0628963026225], [43.547946795908, 62.0632825677365], [43.5487700604901, 62.0635457588299]]], [[[43.5992095105107, 62.0765470220276], [43.5979908571925, 62.0753101079752], [43.5974302108357, 62.0756964855046], [43.5992095105107, 62.0765470220276]]], [[[43.6124095319745, 62.0799109442349], [43.6139258491987, 62.0801120353423], [43.6137941111095, 62.0797873980701], [43.6124095319745, 62.0799109442349]]], [[[43.6143210751576, 62.0810859381657], [43.6132167391614, 62.0810162838746], [43.6133484781499, 62.0813409175495], [43.6143210751576, 62.0810859381657]]], [[[43.6149303937229, 62.0823277193489], [43.6148648520315, 62.0815419996637], [43.6137437005115, 62.0823148140776], [43.6149303937229, 62.0823277193489]]]]}, "properties": {"id": 666, "storm_id": 466, "type": "squall", "certainty": "High", "year": 2017, "month": 7, "date": "30.07.2017", "date_1": "2017/07/29", "date_2": "2017/08/02", "n_polygons": 553, "area_km2": 9.5, "length_km": 63.0, "mean_width_m": 244.0, "max_width_m": 1238.8, "wind_gust": -9999, "direction": "SW-NE", "near_watershed": "22768.0", "ws_dist_km": 24.0, "lon": 43.2361, "lat": 61.8913, "status": "processed", "metrics": {"wi_PA": 0.059, "wi_UA": 0.024, "wi_fake_polygons": 2371, "lband_dHV_auc": 0.268, "note": "основное событие v1-валидации; WI = контр-пример"}, "hyp3": {"other": {"granules": ["S1B_IW_SLC__1SDV_20170628T033446_20170628T033513_006245_00AFA4_E68E", "S1B_IW_SLC__1SDV_20170710T033446_20170710T033513_006420_00B493_D588"], "job_id": "8b0d1fe1-5778-49c2-a522-a087fdfcef9b", "status": "SUCCEEDED"}, "control": {"granules": ["S1B_IW_SLC__1SDV_20170803T033448_20170803T033515_006770_00BE98_9F8C", "S1B_IW_SLC__1SDV_20170815T033448_20170815T033515_006945_00C3B5_87FD"], "job_id": "ab5d9110-4698-40e6-a164-604294014308", "status": "SUCCEEDED"}, "prepost": {"granules": ["S1B_IW_SLC__1SDV_20170722T033447_20170722T033514_006595_00B994_2637", "S1B_IW_SLC__1SDV_20170803T033448_20170803T033515_006770_00BE98_9F8C"], "job_id": "8d80a74d-2324-4849-ab8c-cdfef716e4f8", "status": "SUCCEEDED"}}, "metrics_note": "детальные метрики — отчёт изд.4 (гл. валидации); DiD 7 событий: средний AUC 0.642 -> 0.690", "result_summary": {"coh_delta": "AUC 0.908 на ID694; DiD-среднее 0.690", "lband": "ID694 dHV invAUC 0.905; ID666 не сработал (годовые мозаики)", "wind_index": "контр-пример: PA 0.059 / UA 0.024 на ID666"}}}, {"type": "Feature", "geometry": {"type": "MultiPolygon", "coordinates": [[[[49.8118533032875, 59.3802004584845], [49.8128319716184, 59.3807655043248], [49.8130663376415, 59.3805591962501], [49.8118533032875, 59.3802004584845]]], [[[49.7959564991933, 59.3766004003883], [49.7967004633559, 59.3773718424367], [49.796934885137, 59.3771655514492], [49.7959564991933, 59.3766004003883]]], [[[49.8005734306195, 59.3782420795085], [49.8015519118914, 59.3788071999925], [49.8020207230781, 59.3783946090242], [49.8005734306195, 59.3782420795085]]], [[[49.8049153394715, 59.3786996284852], [49.8059993516889, 59.3801228092204], [49.8073412310131, 59.3794172011431], [49.8049153394715, 59.3786996284852]]], [[[49.8033390410641, 59.3796115158589], [49.8030637253108, 59.3784275215131], [49.8021261110314, 59.3792527061476], [49.8033390410641, 59.3796115158589]]], [[[49.8244947900027, 59.3847650035023], [49.8256021890899, 59.3842655919836], [49.8243247048214, 59.3844391386555], [49.8244947900027, 59.3847650035023]]], [[[49.8203864269922, 59.3841016671584], [49.820515011159, 59.3830372952352], [49.8188331503298, 59.3830912428667], [49.8203864269922, 59.3841016671584]]], [[[49.8160668402127, 59.3817220942994], [49.8138519242271, 59.3827208022234], [49.8173856438326, 59.3829388653365], [49.8160668402127, 59.3817220942994]]], [[[49.7578491646074, 59.369728704916], [49.7589569459065, 59.3692296792065], [49.7566368829859, 59.3693695426704], [49.7578491646074, 59.369728704916]]], [[[49.8076577267229, 59.3819914493461], [49.8093395578745, 59.3819376114318], [49.8077866166592, 59.3809270711276], [49.8076577267229, 59.3819914493461]]], [[[49.8210666597987, 59.385405141834], [49.8213652913753, 59.3846666482474], [49.8204921854662, 59.3849597202151], [49.8210666597987, 59.385405141834]]], [[[49.8147663135147, 59.3838180110925], [49.8184058500501, 59.3848941065779], [49.8192789676504, 59.3846010454021], [49.8147663135147, 59.3838180110925]]], [[[49.8292613335439, 59.3886540443488], [49.8219397684057, 59.385112068967], [49.8254927442949, 59.3886425537111], [49.8292613335439, 59.3886540443488]]], [[[49.8305389212344, 59.3884804662007], [49.8374572204745, 59.3919024774175], [49.8383303533633, 59.3916093326048], [49.8327537490864, 59.3874815793116], [49.8305389212344, 59.3884804662007]]], [[[49.858409835046, 59.3953353326597], [49.8419508467543, 59.389372360746], [49.8390332535819, 59.3909903472269], [49.858409835046, 59.3953353326597]], [[49.8495089929459, 59.3927070226111], [49.8496792975617, 59.3930328460892], [49.8492747357406, 59.3929133630614], [49.8495089929459, 59.3927070226111]], [[49.8432065719259, 59.39112103221], [49.8440156335149, 59.3913600234465], [49.8433768252804, 59.3914468646813], [49.8432065719259, 59.39112103221]]], [[[49.6856134549971, 59.3596125495797], [49.6851724877203, 59.3581021391026], [49.6835944446281, 59.3590130345241], [49.6856134549971, 59.3596125495797]]], [[[49.6888439870605, 59.3605717179106], [49.6885060209363, 59.3599196051059], [49.6880363410045, 59.3603319316735], [49.6888439870605, 59.3605717179106]]], [[[49.6893136624957, 59.3601593904437], [49.7082957797266, 59.3657930908786], [49.722046480361, 59.364631387129], [49.7456359494397, 59.3685915031955], [49.7558937587901, 59.3685978820868], [49.7026592545212, 59.3588793305169], [49.6893136624957, 59.3601593904437]], [[49.6996071101802, 59.3615596825335], [49.6995037672852, 59.3607014190354], [49.7009501325427, 59.3608548343832], [49.6996071101802, 59.3615596825335]], [[49.7064352793648, 59.3622067717253], [49.7077125837689, 59.3620340928993], [49.707477824742, 59.3622402804647], [49.7064352793648, 59.3622067717253]], [[49.7023587991195, 59.3596177440638], [49.7028660572229, 59.3605958719021], [49.7016544761733, 59.3602362923712], [49.7023587991195, 59.3596177440638]]], [[[49.6815754864197, 59.3584134933882], [49.6810398142362, 59.3593580243535], [49.6841671868664, 59.3594590011322], [49.6815754864197, 59.3584134933882]]], [[[49.6849460501203, 59.3616215163201], [49.68824258163, 59.3620484730587], [49.6890129759682, 59.3608977734137], [49.6849460501203, 59.3616215163201]]], [[[49.6784191601163, 59.360235191601], [49.6783162336075, 59.3593769074185], [49.6735737918971, 59.358796110852], [49.6767380025569, 59.3602877308942], [49.6784191601163, 59.360235191601]]]]}, "properties": {"id": 694, "storm_id": 486, "type": "tornado", "certainty": "High", "year": 2017, "month": 9, "date": "19.09.2017", "date_1": "2017/09/04", "date_2": "2017/10/02", "n_polygons": 21, "area_km2": 1.61, "length_km": 10.8, "mean_width_m": 180.6, "max_width_m": 504.2, "wind_gust": -9999, "direction": "WSW-ENE", "near_watershed": "27097.0", "ws_dist_km": 39.0, "lon": 49.7648, "lat": 59.3745, "status": "processed", "metrics": {"coh_delta_auc": 0.908, "coh_delta_excess": 0.308, "lband_dHV_invAUC": 0.905, "lband_dHH_invAUC": "0.733-0.805", "note": "лучшая площадка проекта (торнадо S486)"}, "hyp3": {"prepost": {"granules": ["S1B_IW_SLC__1SDV_20170912T030234_20170912T030302_007353_00CF97_B5B7", "S1B_IW_SLC__1SDV_20170924T030234_20170924T030302_007528_00D4A7_2A3F"], "job_id": "5a0e11a7-e4c0-4528-b27d-865fc5ae868d", "status": "SUCCEEDED"}, "control": {"granules": ["S1B_IW_SLC__1SDV_20170924T030234_20170924T030302_007528_00D4A7_2A3F", "S1B_IW_SLC__1SDV_20171006T030235_20171006T030303_007703_00D9AD_11C2"], "job_id": "9202f9f9-c27d-4006-b615-1fa54bad7b5c", "status": "SUCCEEDED"}}, "date_note": "проектная дата события ~19.09.2017 (пары 12/24.09); Date_1 в БД = 04.09.2017 — оценка", "metrics_note": "детальные метрики — отчёт изд.4 (гл. валидации); DiD 7 событий: средний AUC 0.642 -> 0.690", "result_summary": {"coh_delta": "AUC 0.908 на ID694; DiD-среднее 0.690", "lband": "ID694 dHV invAUC 0.905; ID666 не сработал (годовые мозаики)", "wind_index": "контр-пример: PA 0.059 / UA 0.024 на ID666"}}}, {"type": "Feature", "geometry": {"type": "MultiPolygon", "coordinates": [[[[44.8150430952628, 57.8637633914675], [44.8167928099404, 57.8632247919907], [44.8147866958495, 57.8630961601598], [44.8150430952628, 57.8637633914675]]], [[[44.8158123330729, 57.8657650647061], [44.8155559129752, 57.865097843291], [44.8150581211356, 57.865499779991], [44.8158123330729, 57.8657650647061]]], [[[44.8057740005698, 57.8642534068694], [44.8057666639006, 57.8633852076614], [44.8050198704708, 57.8639880726916], [44.8057740005698, 57.8642534068694]]], [[[44.8172832264399, 57.8763799291905], [44.8182790007754, 57.8755760944613], [44.8165288310409, 57.8761146687571], [44.8172832264399, 57.8763799291905]]], [[[44.8166646232739, 57.8773163851432], [44.816657077962, 57.876448255183], [44.8159102161837, 57.8770511220118], [44.8166646232739, 57.8773163851432]]], [[[44.8105014056155, 57.874860578553], [44.8111349815943, 57.8756604121984], [44.8113839526075, 57.8754594631839], [44.8105014056155, 57.874860578553]]], [[[44.8120175510693, 57.8762592923326], [44.8117611273743, 57.8755921068904], [44.8115121590591, 57.8757930568043], [44.8120175510693, 57.8762592923326]]], [[[44.8067371915683, 57.8744022066966], [44.806865362047, 57.874735805713], [44.807491502431, 57.8746675165928], [44.8067371915683, 57.8744022066966]]], [[[44.8097693170005, 57.8771996873159], [44.8102672824093, 57.876797795582], [44.8090149512792, 57.8769343927082], [44.8097693170005, 57.8771996873159]]], [[[44.8220816653367, 57.8803748040542], [44.8239602438703, 57.8801697586276], [44.8219533698523, 57.8800412284201], [44.8220816653367, 57.8803748040542]]], [[[44.8104029136637, 57.8779995137667], [44.8103954870622, 57.8771313874038], [44.8096485308552, 57.8777342227563], [44.8104029136637, 57.8779995137667]]], [[[44.8140467219788, 57.8789923239368], [44.815178368587, 57.8793902253787], [44.8152990953771, 57.8788556908376], [44.8140467219788, 57.8789923239368]]], [[[44.7964625720902, 57.8748272838522], [44.7980920123367, 57.8748234608342], [44.7982129270851, 57.8742889244945], [44.7964625720902, 57.8748272838522]]], [[[44.8171851958403, 57.8795188401226], [44.8214554709934, 57.8804431471337], [44.8220587209334, 57.8777704510457], [44.8171851958403, 57.8795188401226]]], [[[44.8140617136773, 57.8807285523809], [44.8132997837582, 57.8795951700812], [44.8130508001545, 57.8797961172971], [44.8140617136773, 57.8807285523809]]], [[[44.8227308427544, 57.8829107699163], [44.8227385040789, 57.8837788648029], [44.8234853865415, 57.8831759925782], [44.8227308427544, 57.8829107699163]]], [[[44.7772727141646, 57.8732683288704], [44.7812856321264, 57.8735264837604], [44.7822819748334, 57.8727228567746], [44.7772727141646, 57.8732683288704]]], [[[44.8109455061304, 57.8828062947749], [44.8124469953327, 57.8824687468354], [44.8099420282022, 57.8827419527791], [44.8109455061304, 57.8828062947749]]], [[[44.8137069599084, 57.8832002266093], [44.814340708557, 57.8840000071948], [44.8163477345605, 57.8841286300324], [44.8137069599084, 57.8832002266093]]], [[[44.8104549106658, 57.8840762688049], [44.8099494467098, 57.8836100503637], [44.809081569459, 57.884747371694], [44.8104549106658, 57.8840762688049]]], [[[44.7649916442492, 57.873562291167], [44.765483388148, 57.8722923764922], [44.7639818854558, 57.8726295089448], [44.7649916442492, 57.873562291167]]], [[[44.7757848092218, 57.8753418552426], [44.7764177880507, 57.8761418246856], [44.7769160340479, 57.8757400345751], [44.7757848092218, 57.8753418552426]]], [[[44.8030605022406, 57.8843611623379], [44.8024269451475, 57.8835613385851], [44.8021778931954, 57.883762263318], [44.8030605022406, 57.8843611623379]]], [[[44.7916095947072, 57.8791793082786], [44.7918798976393, 57.8815827320576], [44.7929901223964, 57.879376450463], [44.7916095947072, 57.8791793082786]]], [[[44.8062212622016, 57.8874921160685], [44.8064629648941, 57.8864231117374], [44.8054667471928, 57.8872268214608], [44.8062212622016, 57.8874921160685]]], [[[44.7940362075051, 57.8846495173615], [44.7948048796417, 57.8866510368161], [44.7957941195032, 57.884979305051], [44.7940362075051, 57.8846495173615]]], [[[44.8090125653778, 57.8913583662957], [44.8101444781853, 57.891756274033], [44.8105143522557, 57.8910208543292], [44.8090125653778, 57.8913583662957]]], [[[44.7497259304075, 57.8771337400303], [44.7509784449994, 57.8769976042562], [44.7516047004967, 57.8769295309733], [44.7497259304075, 57.8771337400303]]], [[[44.8018588056395, 57.8905742141288], [44.803488807063, 57.8905703344535], [44.8063641707701, 57.8895618239192], [44.803972358138, 57.8884323662609], [44.8018588056395, 57.8905742141288]]], [[[44.7714615963757, 57.883632014506], [44.7712057230659, 57.8829647948895], [44.7709565344167, 57.8831656728577], [44.7714615963757, 57.883632014506]]], [[[44.8011187724136, 57.8920450121677], [44.8008624179664, 57.8913778725909], [44.8003642097407, 57.891779700473], [44.8011187724136, 57.8920450121677]]], [[[44.7760949215436, 57.8829540380985], [44.7776239021215, 57.8860891808712], [44.7802435391082, 57.8844139039787], [44.7760949215436, 57.8829540380985]]], [[[44.7732260302573, 57.8848301416979], [44.7727142233829, 57.8834957159547], [44.7717174777795, 57.8842992305253], [44.7732260302573, 57.8848301416979]]], [[[44.8073972822589, 57.8930983988722], [44.8090347759343, 57.8939625070642], [44.8094046886756, 57.8932270990516], [44.8073972822589, 57.8930983988722]]], [[[44.7714816701431, 57.8862362811796], [44.7718521197797, 57.8855009271263], [44.7711045214567, 57.8861035520375], [44.7714816701431, 57.8862362811796]]], [[[44.7750175876917, 57.8895005351218], [44.7755159919696, 57.8890987809841], [44.774263221071, 57.8892350984212], [44.7750175876917, 57.8895005351218]]], [[[44.762706050544, 57.8863220081543], [44.7637029975954, 57.8855185574357], [44.761951806231, 57.8860565067026], [44.762706050544, 57.8863220081543]]], [[[44.7997450516929, 57.8927160044402], [44.8056609953588, 57.895372871561], [44.8032616014419, 57.8933754026529], [44.7997450516929, 57.8927160044402]]], [[[44.7753947741497, 57.8896332516734], [44.7745191744205, 57.8899022865614], [44.7761491560589, 57.8898986847767], [44.7756439780873, 57.8894323764032], [44.7753947741497, 57.8896332516734]]], [[[44.7634668410221, 57.8874555811104], [44.7732596514119, 57.8891705306956], [44.7703569024492, 57.8867061724521], [44.7672250835709, 57.8870468500323], [44.7667134277826, 57.8857124233898], [44.7634668410221, 57.8874555811104]], [[44.7701143552934, 57.8877751210252], [44.7699864177392, 57.8874415202101], [44.7703635718216, 57.8875742502516], [44.7701143552934, 57.8877751210252]]], [[[44.7971256521273, 57.8943915115592], [44.7987702081787, 57.8961237470135], [44.7991330882216, 57.894520338543], [44.7971256521273, 57.8943915115592]]], [[[44.8095848309753, 57.8996368370705], [44.8104678438161, 57.9002356380644], [44.8112151534567, 57.8996328809529], [44.8095848309753, 57.8996368370705]]], [[[44.7357165119076, 57.8814357639495], [44.7369691847802, 57.8812997405908], [44.7364644969392, 57.8808332847285], [44.7357165119076, 57.8814357639495]]], [[[44.7566851676865, 57.8859340729992], [44.7583278891209, 57.8876668084766], [44.759452805203, 57.8871970044383], [44.7566851676865, 57.8859340729992]]], [[[44.737850890906, 57.8818990047354], [44.7352178387324, 57.8818374137658], [44.7340928084365, 57.8823070667179], [44.737850890906, 57.8818990047354]]], [[[44.7518019622909, 57.8868123248291], [44.7543138667917, 57.8874081050002], [44.7551831532801, 57.8862710957346], [44.7518019622909, 57.8868123248291]]], [[[44.7705182075494, 57.8913801074062], [44.7731585793052, 57.8923091709316], [44.7755295267664, 57.8908349060063], [44.7705182075494, 57.8913801074062]]], [[[44.7814575851996, 57.8952287686929], [44.7973604192481, 57.8924545202601], [44.788520526901, 57.8847290318195], [44.7727880936957, 57.8930444980053], [44.7749369059136, 57.8952432936433], [44.7811739965828, 57.8910894240378], [44.7814575851996, 57.8952287686929]], [[44.7835792279992, 57.8939552936021], [44.785202399971, 57.8930835546625], [44.7859568951947, 57.893348935605], [44.7852093526297, 57.8939515982878], [44.7835792279992, 57.8939552936021]], [[44.7872097434351, 57.8932125318331], [44.7889257991865, 57.8883340379857], [44.7926909782062, 57.8887927857586], [44.792342093413, 57.8921323462309], [44.7872097434351, 57.8932125318331]], [[44.7836657481759, 57.8890805544242], [44.7837937900516, 57.8894141417494], [44.7834165820098, 57.8892814440836], [44.7836657481759, 57.8890805544242]], [[44.7835584653511, 57.8913511492363], [44.7834373383627, 57.8918856190262], [44.7830601078379, 57.8917529222597], [44.7835584653511, 57.8913511492363]], [[44.7769171321201, 57.8919002240163], [44.7765467103625, 57.8926355627811], [44.7760414982167, 57.8921692634009], [44.7769171321201, 57.8919002240163]]], [[[44.7491874163663, 57.8893551830954], [44.7505680663633, 57.889552675116], [44.7510666855792, 57.8891509974207], [44.7491874163663, 57.8893551830954]]], [[[44.8170421190987, 57.906295608156], [44.8147774822951, 57.9054999527608], [44.8147306914684, 57.906848740677], [44.8170421190987, 57.906295608156]]], [[[44.789771729382, 57.8998839141115], [44.7922848425716, 57.9004790566633], [44.7925269346705, 57.8994101575529], [44.789771729382, 57.8998839141115]]], [[[44.7884046213763, 57.9014227809367], [44.7889030391441, 57.9010210160072], [44.7870234488732, 57.9012256252626], [44.7884046213763, 57.9014227809367]]], [[[44.765654430208, 57.8948628768205], [44.7679176892501, 57.8956592723577], [44.7687867940755, 57.8945222469043], [44.765654430208, 57.8948628768205]]], [[[44.7357586046761, 57.8875124128677], [44.7362633545703, 57.8879788516429], [44.7365127194866, 57.88777803303], [44.7357586046761, 57.8875124128677]]], [[[44.7524663337545, 57.8919526517936], [44.7552342203832, 57.8932156093131], [44.7554707510745, 57.8912786647787], [44.7524663337545, 57.8919526517936]]], [[[44.7426491265561, 57.8867641859186], [44.7444314632416, 57.8905668064132], [44.747180348994, 57.8892257310828], [44.7426491265561, 57.8867641859186]]], [[[44.7366404169219, 57.8881116608247], [44.7362693782294, 57.8888469240465], [44.7373945497189, 57.888377275591], [44.7366404169219, 57.8881116608247]]], [[[44.7404172601486, 57.8903077611944], [44.7414146838407, 57.8895044678571], [44.7395353570712, 57.8897085411164], [44.7404172601486, 57.8903077611944]]], [[[44.8065112755751, 57.9069221631275], [44.8066395377846, 57.9072556973927], [44.8072661197358, 57.9071874217623], [44.8065112755751, 57.9069221631275]]], [[[44.8087684381131, 57.9068499574597], [44.8117804609996, 57.9070429573667], [44.8100141646221, 57.9058454138349], [44.8087684381131, 57.9068499574597]]], [[[44.8118102960085, 57.9105148018168], [44.8115536843552, 57.9098477557695], [44.8113045271824, 57.9100486625159], [44.8118102960085, 57.9105148018168]]], [[[44.7390487833748, 57.8918463006664], [44.7404294675461, 57.8920438745254], [44.740800465769, 57.8913086166995], [44.7390487833748, 57.8918463006664]]], [[[44.7692038996404, 57.8998631172892], [44.7689479660759, 57.8991959606253], [44.7680721460129, 57.8994649442519], [44.7692038996404, 57.8998631172892]]], [[[44.8028945665312, 57.9094012198905], [44.8025098554456, 57.9084006224909], [44.8006300232572, 57.9086053828323], [44.8028945665312, 57.9094012198905]]], [[[44.7350345011415, 57.8915871232473], [44.7355392888073, 57.8920535512306], [44.7357886798039, 57.8918527389129], [44.7350345011415, 57.8915871232473]]], [[[44.8063977289722, 57.9083245650268], [44.8095455422931, 57.9097190942609], [44.8092815552997, 57.9081840801314], [44.8063977289722, 57.9083245650268]]], [[[44.7425828231389, 57.8951111517584], [44.7423273050612, 57.8944439330413], [44.7418285527457, 57.8948455711664], [44.7425828231389, 57.8951111517584]]], [[[44.7574143245116, 57.8997547480833], [44.7598055831613, 57.9008848163813], [44.7606749883602, 57.899747871867], [44.7574143245116, 57.8997547480833]]], [[[44.7315428113518, 57.8943984291444], [44.7312874596487, 57.8937311906421], [44.7310380389745, 57.8939319930672], [44.7315428113518, 57.8943984291444]]], [[[44.7532777416746, 57.9000304604376], [44.7546587343133, 57.9002279038948], [44.7556561247305, 57.8994245709873], [44.7532777416746, 57.9000304604376]]], [[[44.7245001223829, 57.8913403339894], [44.7242564834501, 57.8924091836371], [44.7276442754631, 57.892736601613], [44.7305155283691, 57.8908613991345], [44.7276266928178, 57.8901324329656], [44.7245001223829, 57.8913403339894]], [[44.7255036686595, 57.8914052038873], [44.7253760449686, 57.8910715733946], [44.725753101025, 57.8912044059587], [44.7255036686595, 57.8914052038873]]], [[[44.7016527648634, 57.8870416321657], [44.7013615877672, 57.8864035254026], [44.7008988649908, 57.8867758474276], [44.7016527648634, 57.8870416321657]]], [[[44.731171640459, 57.8951336509974], [44.7309162905545, 57.8944664160924], [44.7304174375149, 57.8948680191439], [44.731171640459, 57.8951336509974]]], [[[44.8139768014884, 57.9144487134375], [44.8159927020018, 57.9154452432036], [44.8172804772124, 57.9157178906683], [44.8139768014884, 57.9144487134375]]], [[[44.745332037144, 57.8937701456758], [44.7507399618799, 57.8959626208784], [44.7434587097518, 57.8948422994328], [44.7417253114741, 57.8979840827993], [44.7650542352649, 57.8984031048196], [44.7622531789412, 57.8928001755878], [44.7674941553312, 57.8894501982682], [44.7579700758585, 57.8901382587738], [44.7552406019724, 57.8940836520391], [44.745332037144, 57.8937701456758]], [[44.7610197470639, 57.8955405051903], [44.759268141112, 57.896078392404], [44.7587630656631, 57.8956120498564], [44.7610197470639, 57.8955405051903]], [[44.7573757732735, 57.8945465996461], [44.7575036397813, 57.8948801959645], [44.7571264632159, 57.8947474398427], [44.7573757732735, 57.8945465996461]], [[44.7562442525704, 57.8941483303813], [44.756877149561, 57.8949482836366], [44.7562506566426, 57.8950163677114], [44.7562442525704, 57.8941483303813]], [[44.7636209047811, 57.8912614490568], [44.7634930005017, 57.8909278491411], [44.7638701671746, 57.8910605917731], [44.7636209047811, 57.8912614490568]], [[44.7531308563042, 57.8970928150815], [44.7535080418628, 57.8972255765992], [44.7528815129716, 57.8972936471843], [44.7531308563042, 57.8970928150815]]], [[[44.7995411385129, 57.9134151558849], [44.7992846860396, 57.9127481017437], [44.7987862322989, 57.9131498711698], [44.7995411385129, 57.9134151558849]]], [[[44.7345536903007, 57.8945928841545], [44.735192218846, 57.8962609529808], [44.7359404565869, 57.8956585295177], [44.7345536903007, 57.8945928841545]]], [[[44.7157234415837, 57.8914235059902], [44.7174810478123, 57.8917541318478], [44.7182294456326, 57.8911517749346], [44.7157234415837, 57.8914235059902]]], [[[44.8040707421712, 57.9150067778407], [44.8064565887008, 57.9152681280219], [44.8066984298888, 57.9141993035552], [44.8040707421712, 57.9150067778407]]], [[[44.807204196017, 57.9146654446547], [44.8122250975104, 57.9149871150635], [44.8099378418581, 57.9115876165754], [44.807204196017, 57.9146654446547]]], [[[44.7061872662295, 57.8903723873759], [44.7059323048322, 57.8897050922164], [44.7054332845186, 57.8901066305168], [44.7061872662295, 57.8903723873759]]], [[[44.7499017955316, 57.9014396081516], [44.7507840619351, 57.9020387275054], [44.751781560271, 57.9012354278728], [44.7499017955316, 57.9014396081516]]], [[[44.7610911973011, 57.9050885938637], [44.7653561430717, 57.9051462592926], [44.7687318877666, 57.9037368201983], [44.7635715032225, 57.9013442080689], [44.7610911973011, 57.9050885938637]]], [[[44.763732167106, 57.9060177320329], [44.7634762812056, 57.9053505915567], [44.7632269378731, 57.905551430854], [44.763732167106, 57.9060177320329]]], [[[44.7392190754002, 57.8982561672885], [44.7397300710861, 57.8995905786425], [44.7404783016325, 57.8989881479848], [44.7392190754002, 57.8982561672885]]], [[[44.7461422192882, 57.9018478994611], [44.7477726254065, 57.9018445845601], [44.747894199358, 57.9013101741254], [44.7461422192882, 57.9018478994611]]], [[[44.7347911050256, 57.8926559854855], [44.7288972783869, 57.8926006510993], [44.7241578404121, 57.8964157622778], [44.7281666133987, 57.8958071712641], [44.7307826953653, 57.8932647527663], [44.7347911050256, 57.8926559854855]]], [[[44.7310676707366, 57.8982721509392], [44.7313111828649, 57.8972033291705], [44.7303134138331, 57.8980065217837], [44.7310676707366, 57.8982721509392]]], [[[44.8077247407044, 57.9168674292886], [44.8097331903346, 57.9169961069849], [44.8064639451551, 57.9161360520373], [44.8077247407044, 57.9168674292886]]], [[[44.7210192793165, 57.8958874933134], [44.7221505329209, 57.8962860044957], [44.7231484089721, 57.8954828532512], [44.7210192793165, 57.8958874933134]]], [[[44.7956742803439, 57.9160948352086], [44.7956599721302, 57.9143589799831], [44.79467009375, 57.9160304113745], [44.7956742803439, 57.9160948352086]]], [[[44.8061158580606, 57.919475082809], [44.8054744238058, 57.9178075319922], [44.8047267382485, 57.9184101955742], [44.8061158580606, 57.919475082809]]], [[[44.7376069471031, 57.900863435899], [44.743003031365, 57.9013200747618], [44.7443716592248, 57.8997815928464], [44.7376069471031, 57.900863435899]]], [[[44.8088720759857, 57.9190011059165], [44.806870908166, 57.9197403234573], [44.808131808936, 57.9204716818228], [44.8088720759857, 57.9190011059165]]], [[[44.8025972641526, 57.9188158527696], [44.8040999953187, 57.9184784550168], [44.8018422545166, 57.9185505914368], [44.8025972641526, 57.9188158527696]]], [[[44.7706584064605, 57.9096082456242], [44.7725585561327, 57.9120076926011], [44.7732998322217, 57.9105372030297], [44.7706584064605, 57.9096082456242]]], [[[44.6965452064962, 57.8924592866669], [44.6984301477333, 57.8931237678478], [44.6995558093533, 57.8926543954842], [44.6965452064962, 57.8924592866669]]], [[[44.7057045749063, 57.8933780844312], [44.7060870484787, 57.8943790046875], [44.7084712555442, 57.8946418333541], [44.7057045749063, 57.8933780844312]]], [[[44.8052545395655, 57.9214800331772], [44.8067573426774, 57.9211426165387], [44.806629041797, 57.9208091119511], [44.8052545395655, 57.9214800331772]]], [[[44.7230554370589, 57.9003573684979], [44.7228001734894, 57.8996901398882], [44.7223011918467, 57.9000917051682], [44.7230554370589, 57.9003573684979]]], [[[44.7107445896912, 57.8971750904582], [44.7122472893811, 57.8968385020954], [44.7104839886453, 57.8956397975388], [44.7107445896912, 57.8971750904582]]], [[[44.7238096903651, 57.9006230264317], [44.726449646634, 57.9015528004216], [44.7271980849238, 57.9009504381124], [44.7238096903651, 57.9006230264317]]], [[[44.7998554587626, 57.9210255266069], [44.7995989631218, 57.9203585048413], [44.799349697131, 57.9205593801115], [44.7998554587626, 57.9210255266069]]], [[[44.7027100654174, 57.8957872144086], [44.7028321474858, 57.8952528174637], [44.701451531663, 57.8950549234461], [44.7027100654174, 57.8957872144086]]], [[[44.8101701340446, 57.9240719080922], [44.8148069809576, 57.9233929891952], [44.8158038200904, 57.9225893990817], [44.8122848466685, 57.9219303920741], [44.8101701340446, 57.9240719080922]]], [[[44.8140743365615, 57.9257314252652], [44.8145727912015, 57.9253296405506], [44.8133191461619, 57.9254662286837], [44.8140743365615, 57.9257314252652]]], [[[44.6973150342616, 57.8953292112743], [44.6986956428898, 57.8955271403654], [44.6988177708236, 57.8949927461185], [44.6973150342616, 57.8953292112743]]], [[[44.7077391282583, 57.8978482204192], [44.7087482970964, 57.8987812121833], [44.7089978409778, 57.8985804493285], [44.7077391282583, 57.8978482204192]]], [[[44.7037190876659, 57.8967202484409], [44.7051051992457, 57.8977861465136], [44.7062309085298, 57.8973167399757], [44.7037190876659, 57.8967202484409]]], [[[44.8012590675521, 57.9238262142086], [44.8013728093078, 57.9224239472076], [44.8002474597527, 57.9228939428014], [44.8012590675521, 57.9238262142086]]], [[[44.7004693244999, 57.8984620248028], [44.7019775172488, 57.8989935538097], [44.702349186366, 57.8982584155935], [44.7004693244999, 57.8984620248028]]], [[[44.8005184749478, 57.9252967109746], [44.8002619469315, 57.9246297071954], [44.7997633717824, 57.9250314505412], [44.8005184749478, 57.9252967109746]]], [[[44.7967430400594, 57.9239703692373], [44.7999909479241, 57.9222269291296], [44.7966004570456, 57.9219010867659], [44.7967430400594, 57.9239703692373]]], [[[44.794100362442, 57.9230418704861], [44.7963583397657, 57.9229698455821], [44.7963511694711, 57.9221019566402], [44.794100362442, 57.9230418704861]]], [[[44.8032605033697, 57.9230870830027], [44.8068015371614, 57.9263499088214], [44.8055111260378, 57.9221470414529], [44.8032605033697, 57.9230870830027]]], [[[44.7164346731219, 57.9043759162157], [44.7184423178588, 57.904505736051], [44.7188137693402, 57.9037705852445], [44.7164346731219, 57.9043759162157]]], [[[44.8048000114115, 57.9270890679063], [44.8043014515509, 57.927490819346], [44.8055551811269, 57.9273543013601], [44.8048000114115, 57.9270890679063]]], [[[44.7866925721047, 57.9224580611908], [44.7869488923777, 57.9231250955469], [44.787696888201, 57.9225225317896], [44.7866925721047, 57.9224580611908]]], [[[44.7082601909552, 57.9009187594933], [44.7096520590954, 57.9028525887761], [44.7105172096017, 57.9008479225937], [44.7082601909552, 57.9009187594933]]], [[[44.7962587722247, 57.9261078517961], [44.7958740638371, 57.925107339832], [44.7955036789518, 57.9258425733762], [44.7962587722247, 57.9261078517961]]], [[[44.7944992801179, 57.9257781522401], [44.7944921457961, 57.924910276788], [44.7941217411256, 57.9256455085335], [44.7944992801179, 57.9257781522401]]], [[[44.7023707179345, 57.9017304623911], [44.7024928197879, 57.90119608703], [44.7019936438917, 57.9015975848608], [44.7023707179345, 57.9017304623911]]], [[[44.7107889298654, 57.9041191552749], [44.71241942052, 57.9041161956061], [44.7125414117569, 57.9035818193457], [44.7107889298654, 57.9041191552749]]], [[[44.7884518825485, 57.9227878533769], [44.7904605372242, 57.9229167657963], [44.7903323487591, 57.9225832513162], [44.7884518825485, 57.9227878533769]]], [[[44.7050103027834, 57.9026605808213], [44.7038844523058, 57.9031299621782], [44.7056369764655, 57.9025926981946], [44.7050103027834, 57.9026605808213]]], [[[44.7917495840762, 57.9271197329895], [44.7918636298028, 57.9257175019613], [44.7909945015952, 57.9268544338852], [44.7917495840762, 57.9271197329895]]], [[[44.7892209503867, 57.9247889348616], [44.7929749220552, 57.9235118139192], [44.7923339104818, 57.9218442505119], [44.7892209503867, 57.9247889348616]]], [[[44.7740209095375, 57.9226199598434], [44.7745264373454, 57.923086179184], [44.7747758238453, 57.9228853452826], [44.7740209095375, 57.9226199598434]]], [[[44.7711293733221, 57.9218919127817], [44.7720123115191, 57.9224908432779], [44.773259271898, 57.9214866782678], [44.7711293733221, 57.9218919127817]]], [[[44.8015446760461, 57.9279646946151], [44.8041877853382, 57.9288930431796], [44.8037955712088, 57.9270247043268], [44.8015446760461, 57.9279646946151]]], [[[44.7319170228525, 57.9124254834495], [44.7330487818759, 57.91282387772], [44.7332982960797, 57.9126230932813], [44.7319170228525, 57.9124254834495]]], [[[44.7384583703576, 57.9150165085052], [44.7384522999338, 57.9141485754965], [44.7377037950943, 57.9147509423023], [44.7384583703576, 57.9150165085052]]], [[[44.7413428262107, 57.9148772412918], [44.7426025434727, 57.9156091311567], [44.7433509988497, 57.9150067463644], [44.7413428262107, 57.9148772412918]]], [[[44.8014454547441, 57.9311026090983], [44.8009468193404, 57.9315043398536], [44.8022006676269, 57.9313678524446], [44.8014454547441, 57.9311026090983]]], [[[44.7823323665456, 57.9264068449002], [44.7832155403651, 57.9270056953568], [44.7834649115766, 57.9268048533615], [44.7823323665456, 57.9264068449002]]], [[[44.7035235759524, 57.9056010563439], [44.702519750886, 57.905536055145], [44.7026472495711, 57.9058696748458], [44.7035235759524, 57.9056010563439]]], [[[44.7945135460635, 57.9275138851579], [44.7945349499282, 57.9301174530582], [44.7955251394738, 57.9284461673569], [44.7945135460635, 57.9275138851579]]], [[[44.7449880698437, 57.9158713860558], [44.7478788083605, 57.916599928644], [44.7482498848245, 57.9158647616496], [44.7449880698437, 57.9158713860558]]], [[[44.7305180078, 57.9096239999478], [44.7260841693491, 57.9031559759677], [44.7103063968229, 57.9071246140099], [44.7204671531368, 57.907239473623], [44.717983003513, 57.9109830608198], [44.7199966602179, 57.9119808100665], [44.7305180078, 57.9096239999478]]], [[[44.7091915162756, 57.9093299540143], [44.7099403106969, 57.9087276987245], [44.7080600504311, 57.9089313825774], [44.7091915162756, 57.9093299540143]]], [[[44.7920343544021, 57.9312581477455], [44.7921483965314, 57.9298559517909], [44.7915285585963, 57.930792006646], [44.7920343544021, 57.9312581477455]]], [[[44.7027909279591, 57.9088072077866], [44.704033612961, 57.9069355225565], [44.7005281536515, 57.908009965088], [44.7027909279591, 57.9088072077866]]], [[[44.7647591650036, 57.9257110861979], [44.7647525954561, 57.9248432098464], [44.7642537091415, 57.9252448425756], [44.7647591650036, 57.9257110861979]]], [[[44.7707853502638, 57.9260986247519], [44.7717964256647, 57.9270310616344], [44.7727873760367, 57.9253598820531], [44.7707853502638, 57.9260986247519]]], [[[44.7607222891025, 57.9228489551153], [44.7626159411729, 57.9243804466005], [44.7627308700338, 57.9229782137737], [44.7607222891025, 57.9228489551153]]], [[[44.7777151806113, 57.9296883964025], [44.7787196441964, 57.9297529191621], [44.7790903321533, 57.9290177422752], [44.7777151806113, 57.9296883964025]]], [[[44.7739332993824, 57.9274936953779], [44.7769465345551, 57.9276873194144], [44.7770678351127, 57.9271529719323], [44.7739332993824, 57.9274936953779]]], [[[44.7721873348777, 57.9288994769295], [44.7719244909227, 57.9273645806111], [44.7710548366116, 57.9285013947238], [44.7721873348777, 57.9288994769295]]], [[[44.7592384868668, 57.9257895808246], [44.7594814881803, 57.9247208957529], [44.7582341383949, 57.9257249339587], [44.7592384868668, 57.9257895808246]]], [[[44.764772304998, 57.9274468227129], [44.7696063057866, 57.9196253001676], [44.7777751267209, 57.9213431752475], [44.7747961026582, 57.9254889878267], [44.7810854736159, 57.9274110494805], [44.7888012853512, 57.9194489269266], [44.79219153701, 57.9197749374636], [44.7882816228988, 57.9172469162124], [44.78675785659, 57.9149804016244], [44.7951900502808, 57.9182324184915], [44.7925122640299, 57.9129642196232], [44.7995266855083, 57.9116792727804], [44.7944919758242, 57.9096212983844], [44.8004655840197, 57.9039319685857], [44.8039756955221, 57.9037233222737], [44.8027590422961, 57.9081997265363], [44.807244006306, 57.9045834923345], [44.800572058354, 57.9016615365508], [44.805562126591, 57.8985114119723], [44.7899068902909, 57.9010854812102], [44.7875498670329, 57.904295844178], [44.7855211592743, 57.9015628998081], [44.7910106183455, 57.8980114581625], [44.7725858487581, 57.8993215689354], [44.777442766071, 57.8949706497758], [44.7719459145725, 57.8976536781749], [44.7729227878565, 57.8942461280565], [44.7690427006603, 57.8951894224541], [44.7675470903261, 57.8963945724517], [44.7708275554475, 57.8989915564153], [44.7701397305643, 57.9074060460524], [44.7799507648161, 57.9108562923842], [44.7638041992046, 57.9155652082679], [44.7689861413975, 57.920561328043], [44.764772304998, 57.9274468227129]], [[44.7735019224759, 57.9204179446326], [44.7736232428186, 57.9198835755667], [44.7740006765901, 57.920016271434], [44.7735019224759, 57.9204179446326]], [[44.769977056696, 57.9188900998983], [44.7703344499751, 57.9164190587927], [44.7720867034388, 57.9158811176197], [44.769977056696, 57.9188900998983]], [[44.7760091702871, 57.9201453664157], [44.7749913967357, 57.9183450064171], [44.7767572605393, 57.9195428422286], [44.7760091702871, 57.9201453664157]], [[44.7810166943651, 57.9187321825444], [44.779278125885, 57.9210060149158], [44.7797699821991, 57.9197364230976], [44.7768853383878, 57.9198763728965], [44.7810166943651, 57.9187321825444]], [[44.784683948006, 57.9223291011073], [44.7845558063056, 57.9219955812313], [44.7849332868419, 57.9221282501188], [44.784683948006, 57.9223291011073]], [[44.7769862180397, 57.9167382587638], [44.7768581473858, 57.9164047218006], [44.7772355631708, 57.9165374122719], [44.7769862180397, 57.9167382587638]], [[44.7787452389018, 57.9170681678618], [44.7784890715136, 57.9164010966335], [44.7789945768384, 57.9168673204707], [44.7787452389018, 57.9170681678618]], [[44.786003000738, 57.914715060252], [44.7805843075199, 57.9116560720702], [44.7865015839811, 57.914313333094], [44.786003000738, 57.914715060252]], [[44.78999141757, 57.9115011818342], [44.7889732878871, 57.9097008155404], [44.7904828745852, 57.9102314829967], [44.78999141757, 57.9115011818342]], [[44.7922559203746, 57.9122971528915], [44.7919995794172, 57.9116300843611], [44.7935092677387, 57.9121607167439], [44.7922559203746, 57.9122971528915]], [[44.785826102293, 57.9083058861079], [44.7873286140245, 57.9079686232535], [44.7883326108615, 57.9080330965504], [44.7867089703429, 57.9089047842286], [44.785826102293, 57.9083058861079]], [[44.7789057040352, 57.9055839755202], [44.7779085879112, 57.9063874217423], [44.7775312548637, 57.9062547240764], [44.7789057040352, 57.9055839755202]], [[44.7770122866879, 57.9040525011222], [44.7752740743392, 57.906326493573], [44.7737647925113, 57.9057956714333], [44.7770122866879, 57.9040525011222]], [[44.792213391435, 57.9070894127463], [44.7947269318026, 57.9076844896476], [44.7913446265534, 57.9082264750719], [44.792213391435, 57.9070894127463]], [[44.7795186162913, 57.9037798392683], [44.7807855083447, 57.905379464291], [44.7785215487307, 57.9045832980809], [44.7795186162913, 57.9037798392683]], [[44.7776252520039, 57.9022483540785], [44.776001610586, 57.9031199653143], [44.7754962878236, 57.9026536947124], [44.7764933661761, 57.9018502448931], [44.7776252520039, 57.9022483540785]], [[44.7787571558183, 57.9026464533713], [44.7782518105728, 57.9021801890647], [44.7790064146145, 57.9024455870943], [44.7787571558183, 57.9026464533713]], [[44.7856701373671, 57.9045004363462], [44.7859124093304, 57.9034315732087], [44.7864178454074, 57.9038978105357], [44.7856701373671, 57.9045004363462]], [[44.7828869119016, 57.901502094846], [44.7812633999861, 57.9023737636384], [44.7800034255179, 57.9016421156912], [44.7828869119016, 57.901502094846]], [[44.7825165090298, 57.9022374048325], [44.7837696117783, 57.9021010352348], [44.7845242445984, 57.9023664062848], [44.7832711391519, 57.9025027812785], [44.7825165090298, 57.9022374048325]], [[44.7751257572481, 57.9033889813166], [44.7758803612898, 57.9036543919368], [44.7752537775399, 57.9037225461587], [44.7751257572481, 57.9033889813166]], [[44.7851786102049, 57.9057701639621], [44.785050508974, 57.9054366108111], [44.7854278555113, 57.9055692922892], [44.7851786102049, 57.9057701639621]], [[44.7859263443255, 57.9051675462454], [44.7857982403966, 57.9048339903965], [44.786175584236, 57.9049666709752], [44.7859263443255, 57.9051675462454]], [[44.7775380663289, 57.9071226975546], [44.7762848052997, 57.9072590140924], [44.7774100145607, 57.9067891408064], [44.7775380663289, 57.9071226975546]], [[44.7948765241325, 57.9106219074752], [44.7943709252781, 57.910155716913], [44.7951257532511, 57.9104210268091], [44.7948765241325, 57.9106219074752]], [[44.7688067194547, 57.8971263427067], [44.7698037951092, 57.8963229063772], [44.7700597223784, 57.896990073833], [44.7688067194547, 57.8971263427067]], [[44.7835134560813, 57.9014339091478], [44.7833853773334, 57.9011003461043], [44.7837626843006, 57.9012330356762], [44.7835134560813, 57.9014339091478]], [[44.7855072404669, 57.8998268907985], [44.7843753447465, 57.8994288310758], [44.7853791545245, 57.8994933259564], [44.7855072404669, 57.8998268907985]], [[44.7984577342372, 57.9038031667829], [44.7960653712201, 57.9026736893394], [44.7991980444543, 57.9023324856558], [44.7984577342372, 57.9038031667829]], [[44.7943067811332, 57.9023439403207], [44.7938155102777, 57.9036137111041], [44.7930608064112, 57.9033483841208], [44.7943067811332, 57.9023439403207]], [[44.8023161126986, 57.9002552145067], [44.8019314906459, 57.8992545604498], [44.8029353193097, 57.899318945613], [44.8023161126986, 57.9002552145067]]], [[[44.7382391902865, 57.9195568896389], [44.7379957213257, 57.92062557561], [44.7387443187955, 57.9200232303879], [44.7382391902865, 57.9195568896389]]], [[[44.7534619354201, 57.9252008117682], [44.7557200809172, 57.9251293543364], [44.7559631622703, 57.924060670164], [44.7534619354201, 57.9252008117682]]], [[[44.7299894456565, 57.9056857185213], [44.7382638649855, 57.9051353990796], [44.7345158648155, 57.907279364851], [44.7415432931886, 57.9077328389995], [44.7330368487717, 57.9110879829243], [44.7415616753312, 57.9103367261591], [44.7453591849786, 57.9151362244573], [44.7509749502339, 57.9110520595051], [44.7504949838566, 57.9140575110455], [44.7521384805066, 57.9157900135984], [44.7492540012713, 57.9159294741661], [44.746010819344, 57.9185398760146], [44.7510317154415, 57.9188634367984], [44.7522980283315, 57.920463137364], [44.7509290515347, 57.9220014942737], [44.7524576076327, 57.92513612803], [44.7568331061631, 57.9229239073126], [44.7549397068022, 57.9213923339892], [44.7560526789881, 57.9191868419993], [44.754031554313, 57.9173216723574], [44.7625571956582, 57.9165693364059], [44.7535072342716, 57.9142515892396], [44.7651659769285, 57.9131587456798], [44.7692770630862, 57.9094109496557], [44.7539297492587, 57.9034343934827], [44.729838128427, 57.9018801545457], [44.7299894456565, 57.9056857185213]], [[44.7545818521709, 57.906838251884], [44.7544539730725, 57.90650467625], [44.7548312413688, 57.9066374287745], [44.7545818521709, 57.906838251884]], [[44.7608872967115, 57.9113651863544], [44.7616419493167, 57.9116306509339], [44.7610152369638, 57.9116987475993], [44.7608872967115, 57.9113651863544]], [[44.7519979425512, 57.9137205890341], [44.7526310337954, 57.9145204640483], [44.7516269443282, 57.9144557740149], [44.7519979425512, 57.9137205890341]], [[44.7532704994342, 57.9161882594807], [44.753155298978, 57.9175905453675], [44.7521511402631, 57.9175258580321], [44.7532704994342, 57.9161882594807]], [[44.7485181274098, 57.9182677195798], [44.7475139597016, 57.918203003466], [44.7491386785074, 57.9173317582542], [44.7485181274098, 57.9182677195798]], [[44.754926944523, 57.9196565309243], [44.7550484780051, 57.9191221735496], [44.7554258533206, 57.919254914383], [44.754926944523, 57.9196565309243]], [[44.752291696205, 57.919595234033], [44.7524195977864, 57.919928784486], [44.7520422260681, 57.9197960373574], [44.752291696205, 57.919595234033]]], [[[44.7469245152544, 57.9234784409774], [44.747807167467, 57.9240774955801], [44.7483061877805, 57.923675910515], [44.7469245152544, 57.9234784409774]]], [[[44.779367118298, 57.9322882959682], [44.7807491973178, 57.9324854777228], [44.7811198744828, 57.9317503089298], [44.779367118298, 57.9322882959682]]], [[[44.7368697638287, 57.9210951359319], [44.736109074974, 57.9199616681966], [44.7352386715276, 57.9210983420151], [44.7368697638287, 57.9210951359319]]], [[[44.7336015996343, 57.9202336294786], [44.7344840135266, 57.9208327695169], [44.735232663157, 57.9202304395833], [44.7336015996343, 57.9202336294786]]], [[[44.7126195007895, 57.9157332636793], [44.7134959584719, 57.9154646074058], [44.7127415199054, 57.9151989242911], [44.7126195007895, 57.9157332636793]]], [[[44.7743445539581, 57.9319656417012], [44.77471532825, 57.9312304845993], [44.7739670203619, 57.9318329557265], [44.7743445539581, 57.9319656417012]]], [[[44.7016810116695, 57.9118804241425], [44.7002892100792, 57.9099466326311], [44.6971658556199, 57.91202180836], [44.7016810116695, 57.9118804241425]]], [[[44.729213448542, 57.9207094634711], [44.7304672140908, 57.9205735237493], [44.7305890380538, 57.9200391888576], [44.729213448542, 57.9207094634711]]], [[[44.7749782873183, 57.9327653404483], [44.7747220884538, 57.9320983258772], [44.7742232075352, 57.9324999720962], [44.7749782873183, 57.9327653404483]]], [[[44.7677987530102, 57.9293763361492], [44.7729625172066, 57.9317684032894], [44.7729490660467, 57.9300327117404], [44.7677987530102, 57.9293763361492]]], [[[44.7386408095259, 57.9231612572864], [44.7433879771736, 57.9202142481891], [44.7434973176473, 57.9179440778571], [44.7394807214583, 57.9176850533227], [44.7386408095259, 57.9231612572864]]], [[[44.7608827371488, 57.9275218702383], [44.764043595136, 57.9306528248682], [44.7652843717765, 57.9287809166062], [44.7608827371488, 57.9275218702383]]], [[[44.7410267073168, 57.923423558051], [44.7470461557556, 57.9229441015892], [44.7453963917303, 57.9203437226848], [44.7410267073168, 57.923423558051]]], [[[44.7143836324988, 57.9169317973647], [44.7131355065985, 57.9179355360963], [44.7158925923694, 57.9174631393126], [44.7143836324988, 57.9169317973647]]], [[[44.7546197046358, 57.9290704839159], [44.7549907748046, 57.9283353609883], [44.7542422546765, 57.9289377502771], [44.7546197046358, 57.9290704839159]]], [[[44.7561295350501, 57.9296014094776], [44.7589954738622, 57.9268582578025], [44.760498790487, 57.9265212827312], [44.758989014032, 57.9259903877464], [44.7561295350501, 57.9296014094776]]], [[[44.7514659180179, 57.9268071853035], [44.7519775908933, 57.9281413268609], [44.7527261290078, 57.927538942968], [44.7514659180179, 57.9268071853035]]], [[[44.7737377993601, 57.9346372765892], [44.7762526149664, 57.9352325414488], [44.7767379089275, 57.9330952378551], [44.7744794028023, 57.9331669848686], [44.7737377993601, 57.9346372765892]], [[44.7756188231504, 57.9344328606882], [44.7757401578821, 57.9338985347897], [44.7761177112635, 57.9340312144691], [44.7756188231504, 57.9344328606882]]], [[[44.7646705655943, 57.9305847237062], [44.7671850367602, 57.9311801450479], [44.7675492981617, 57.9295771511648], [44.7646705655943, 57.9305847237062]]], [[[44.7446911901465, 57.9270212806078], [44.7469494426628, 57.9269499472824], [44.7456831333701, 57.9253502683004], [44.7446911901465, 57.9270212806078]]], [[[44.7795295043833, 57.9369609224088], [44.780783568507, 57.936824605871], [44.779522653348, 57.9360931072113], [44.7795295043833, 57.9369609224088]]], [[[44.6973039078492, 57.914091302172], [44.6934918372787, 57.913036872254], [44.6933116131406, 57.9141281734766], [44.6973039078492, 57.914091302172]]], [[[44.7629307317681, 57.9328582170332], [44.7636792033327, 57.9322557998655], [44.7621757194341, 57.9325927947219], [44.7629307317681, 57.9328582170332]]], [[[44.6981804230882, 57.9138227259382], [44.7049588525692, 57.9144784989837], [44.7049425478605, 57.9118746729779], [44.6981804230882, 57.9138227259382]]], [[[44.7504804562083, 57.929346075761], [44.7516127943951, 57.9297443000595], [44.7519839185232, 57.9290091852259], [44.7504804562083, 57.929346075761]]], [[[44.7772503893941, 57.9344292472122], [44.7782617804569, 57.9353615950618], [44.7778773904294, 57.9343610992855], [44.7790032481016, 57.9338912907506], [44.7772503893941, 57.9344292472122]]], [[[44.770353257497, 57.9351787323128], [44.7725917096399, 57.9325035540959], [44.7702185048803, 57.9339774008366], [44.770353257497, 57.9351787323128]]], [[[44.7541270497237, 57.9303399273459], [44.7556369152117, 57.9308708529078], [44.7560079826824, 57.9301357344767], [44.7541270497237, 57.9303399273459]]], [[[44.7434372905986, 57.9271573273489], [44.7438208667398, 57.9281579517283], [44.7444416489631, 57.9272220632478], [44.7434372905986, 57.9271573273489]]], [[[44.7284411926071, 57.9178401351143], [44.719032574394, 57.9179914379546], [44.7160315106458, 57.9195325485884], [44.7222014336494, 57.922859183105], [44.7284411926071, 57.9178401351143]]], [[[44.7244595152945, 57.9227881600458], [44.7269671812905, 57.9225163471519], [44.7284647107779, 57.9213117646264], [44.7244595152945, 57.9227881600458]]], [[[44.7522397693501, 57.9296762483604], [44.7514975094027, 57.9311464681352], [44.753493713864, 57.9295401359687], [44.7522397693501, 57.9296762483604]]], [[[44.7804197126998, 57.9384275583853], [44.7797858021732, 57.9376279091009], [44.7795432091519, 57.938696539314], [44.7804197126998, 57.9384275583853]]], [[[44.7540182074745, 57.9326099313034], [44.7537623116815, 57.9319428834574], [44.7535127821893, 57.9321436750907], [44.7540182074745, 57.9326099313034]]], [[[44.7772844296329, 57.9387683231997], [44.7772776208657, 57.9379005169955], [44.7765292374345, 57.9385029755321], [44.7772844296329, 57.9387683231997]]], [[[44.761568249875, 57.9352643720533], [44.7629503405859, 57.9354617030953], [44.7616897509814, 57.9347300596447], [44.761568249875, 57.9352643720533]]], [[[44.7585545785311, 57.9350704701263], [44.7586567505088, 57.9319326581658], [44.7615357007122, 57.9309252007376], [44.758144842011, 57.9305985678698], [44.7555217507284, 57.9322730146881], [44.7585545785311, 57.9350704701263]]], [[[44.7677303496761, 57.9368533293178], [44.768991093964, 57.9375849161112], [44.7696181498579, 57.9375167996607], [44.7677303496761, 57.9368533293178]]], [[[44.7390729058901, 57.9311048295244], [44.7404547753678, 57.9313023584173], [44.741702663847, 57.9302984910827], [44.7390729058901, 57.9311048295244]]], [[[44.7493858059104, 57.9341549018274], [44.749129970372, 57.9334878521828], [44.748630851133, 57.9338894156642], [44.7493858059104, 57.9341549018274]]], [[[44.7423112296797, 57.9276269065567], [44.7345439713274, 57.9295115420242], [44.7374414565581, 57.9311080571912], [44.7423112296797, 57.9276269065567]]], [[[44.7302708759004, 57.9285852151357], [44.7369060083058, 57.9263024462011], [44.7367782020526, 57.9259688957481], [44.7302708759004, 57.9285852151357]]], [[[44.7295279252737, 57.9300553440791], [44.7292724035987, 57.9293882467703], [44.7287731557567, 57.9297897598897], [44.7295279252737, 57.9300553440791]]], [[[44.7205874707353, 57.9254658887399], [44.7210982281009, 57.9268001400146], [44.7215917589527, 57.9255307694297], [44.7205874707353, 57.9254658887399]]], [[[44.8063807299869, 57.9507166682398], [44.8070005355464, 57.9497806700421], [44.805496798039, 57.9501180291239], [44.8063807299869, 57.9507166682398]]], [[[44.7253593238739, 57.9259909821982], [44.7236003461792, 57.9256605110239], [44.7201053549783, 57.9284709859474], [44.7253593238739, 57.9259909821982]]], [[[44.7200767412488, 57.9241316275727], [44.7245930277462, 57.9239896129305], [44.7092411471614, 57.9171414266357], [44.7017132469689, 57.9170880347851], [44.7129417314759, 57.9268152063569], [44.7154158878331, 57.9213362711521], [44.7170753132752, 57.9256726977369], [44.7200767412488, 57.9241316275727]], [[44.7082535503612, 57.9196802091745], [44.708508714106, 57.9203473784289], [44.7075045544918, 57.9202824159009], [44.7082535503612, 57.9196802091745]], [[44.7130470106112, 57.9236772657933], [44.7126697252278, 57.9235444305312], [44.7135463312983, 57.9232757859489], [44.7130470106112, 57.9236772657933]], [[44.7072439318621, 57.9187473325235], [44.7066115735655, 57.9179473019266], [44.7072384513936, 57.9178794192999], [44.7072439318621, 57.9187473325235]]], [[[44.7235015745382, 57.9296662766775], [44.7234957865015, 57.9287984201111], [44.7231242064171, 57.9295334692943], [44.7235015745382, 57.9296662766775]]], [[[44.7274839524226, 57.9247184828719], [44.7281461448289, 57.9298577207573], [44.7355122749717, 57.9243691268339], [44.7274839524226, 57.9247184828719]]], [[[44.7997238151021, 57.9503987435074], [44.7994671548855, 57.9497318404522], [44.7989683018458, 57.9501335199462], [44.7997238151021, 57.9503987435074]]], [[[44.7863893144155, 57.9471588153272], [44.7857551817564, 57.9463592316933], [44.7855057125188, 57.9465600566015], [44.7863893144155, 57.9471588153272]]], [[[44.7329245081597, 57.9312504243677], [44.7343123482365, 57.9323158466991], [44.7345559646862, 57.9312472425664], [44.7329245081597, 57.9312504243677]]], [[[44.7255219977422, 57.9315316873377], [44.7248891448183, 57.9307317889411], [44.7245175728279, 57.931466834527], [44.7255219977422, 57.9315316873377]]], [[[44.7403574651251, 57.9353079963671], [44.7426161313296, 57.9352367268936], [44.7439796096714, 57.9328307301543], [44.7403574651251, 57.9353079963671]]], [[[44.7209934921561, 57.9299380248202], [44.7231299854606, 57.9304013222634], [44.7217424673412, 57.9293357920134], [44.7209934921561, 57.9299380248202]]], [[[44.7279141260362, 57.9326620101438], [44.7306719492512, 57.9321894020194], [44.7305441717763, 57.9318558596603], [44.7279141260362, 57.9326620101438]]], [[[44.7049128081797, 57.9271634355443], [44.7054122349868, 57.9267619898741], [44.7042258322565, 57.9269215359003], [44.7049128081797, 57.9271634355443]]], [[[44.7340687191962, 57.933384442738], [44.7325709405966, 57.9345889883913], [44.7341965245502, 57.9337179797012], [44.7340687191962, 57.933384442738]]], [[[44.7174866676758, 57.9310126858869], [44.717480993853, 57.9301448374145], [44.7169816335957, 57.9305463109636], [44.7174866676758, 57.9310126858869]]], [[[44.7148564402727, 57.9318186277276], [44.7146011209451, 57.9311515151305], [44.7141017256143, 57.9315529778878], [44.7148564402727, 57.9318186277276]]], [[[44.7102006545367, 57.9298911062897], [44.7100785670724, 57.9304253953159], [44.7114602899606, 57.9306231724216], [44.7102006545367, 57.9298911062897]]], [[[44.7347257710776, 57.9376555740457], [44.7344701333901, 57.9369885163072], [44.7339708459779, 57.9373900267285], [44.7347257710776, 57.9376555740457]]], [[[44.7374898787551, 57.9380506758981], [44.738622320364, 57.9384489703439], [44.738494467346, 57.9381154459712], [44.7374898787551, 57.9380506758981]]], [[[44.7191295258071, 57.9327453449219], [44.725400083847, 57.9320659826591], [44.7188627401235, 57.9303425506683], [44.7191295258071, 57.9327453449219]]], [[[44.7319617155609, 57.9372604236298], [44.7315783192842, 57.9362598271295], [44.7312068102462, 57.9369948619235], [44.7319617155609, 57.9372604236298]]], [[[44.8099793419732, 57.9577470320001], [44.8100748409813, 57.9569154477899], [44.8089487332976, 57.9573854038135], [44.8099793419732, 57.9577470320001]]], [[[44.7156111648235, 57.9320842739702], [44.717498014422, 57.9327483711406], [44.7161105547585, 57.9316828076156], [44.7156111648235, 57.9320842739702]]], [[[44.762273566572, 57.945609831129], [44.7620174801228, 57.9449428480342], [44.7615183491926, 57.9453444232067], [44.762273566572, 57.945609831129]]], [[[44.7403696824151, 57.9370436339567], [44.7426468872442, 57.9395757866934], [44.743633002861, 57.93703710308], [44.7403696824151, 57.9370436339567]]], [[[44.7261840669413, 57.9366707201778], [44.7278157177213, 57.9366676076241], [44.7291859113009, 57.9351295834637], [44.7261840669413, 57.9366707201778]]], [[[44.7412770120246, 57.9411138827996], [44.7422755283931, 57.9403108331786], [44.7407716236117, 57.9406476103991], [44.7412770120246, 57.9411138827996]]], [[[44.7287042613927, 57.9381345286857], [44.7283209271692, 57.9371339303867], [44.7278215884957, 57.937535421023], [44.7287042613927, 57.9381345286857]]], [[[44.7514975094027, 57.9311464681352], [44.7501470631366, 57.9352882076847], [44.7471209676587, 57.9333584343444], [44.7508642050192, 57.930346668664], [44.7460978224567, 57.9306901943971], [44.743876430453, 57.935968515135], [44.7495262899065, 57.9362240691856], [44.7460134381698, 57.9364314942183], [44.7415327738186, 57.9417809117598], [44.7445282482802, 57.939371738615], [44.7525653545077, 57.9398893712976], [44.7522068181903, 57.9423600185002], [44.7601229970788, 57.9434115427087], [44.7564495740887, 57.9389467280093], [44.7613252404676, 57.9363329905752], [44.7489117615687, 57.9380277368907], [44.7566606215906, 57.9335390299025], [44.7533975493576, 57.9335458242806], [44.7514975094027, 57.9311464681352]], [[44.7555857132103, 57.9409511729584], [44.755592110088, 57.9418189647736], [44.7548369934327, 57.9415535199791], [44.7555857132103, 57.9409511729584]], [[44.748041332042, 57.9391643513539], [44.748169260603, 57.939497865834], [44.747791738698, 57.9393651259], [44.748041332042, 57.9391643513539]], [[44.7482346053429, 57.9311531572925], [44.7477292582988, 57.9306868785968], [44.7484841537209, 57.9309523728539], [44.7482346053429, 57.9311531572925]]], [[[44.7822900516447, 57.9526416508916], [44.7820336333457, 57.9519747298501], [44.781784116444, 57.9521755403691], [44.7822900516447, 57.9526416508916]]], [[[44.8070816696835, 57.9593255733167], [44.8090771528884, 57.9577188319587], [44.8066964468837, 57.9583252906798], [44.8070816696835, 57.9593255733167]]], [[[44.7034360908031, 57.9318391646459], [44.7035636731252, 57.9321727285887], [44.7041907515022, 57.9321048630492], [44.7034360908031, 57.9318391646459]]], [[[44.7097288656948, 57.9346317583491], [44.7094736057225, 57.9339646475506], [44.7089741348486, 57.9343660878249], [44.7097288656948, 57.9346317583491]]], [[[44.7260738208503, 57.9389406180153], [44.7270784157365, 57.9390054582355], [44.727450007512, 57.9382704414279], [44.7260738208503, 57.9389406180153]]], [[[44.7377576860685, 57.9404533280588], [44.7385248356528, 57.9424544320266], [44.7402723532866, 57.941049130713], [44.7377576860685, 57.9404533280588]]], [[[44.74028456608, 57.942784708048], [44.7417946797808, 57.9433157217433], [44.7421660737055, 57.9425806905466], [44.74028456608, 57.942784708048]]], [[[44.746696565894, 57.9441736381031], [44.7455639138437, 57.9437754138045], [44.7451925684824, 57.9445104476992], [44.746696565894, 57.9441736381031]]], [[[44.779787918278, 57.95378199934], [44.7800305886409, 57.9527134671529], [44.7790324634776, 57.9535166885445], [44.779787918278, 57.95378199934]]], [[[44.7541264759562, 57.9473624991802], [44.753870495627, 57.9466955115888], [44.7533712738654, 57.9470970570837], [44.7541264759562, 57.9473624991802]]], [[[44.7375262050705, 57.9432574474734], [44.7372704927392, 57.9425904176139], [44.7367711702535, 57.94299192174], [44.7375262050705, 57.9432574474734]]], [[[44.7727530345251, 57.9533303157416], [44.7724967520236, 57.9526633830089], [44.7719976282881, 57.953064970772], [44.7727530345251, 57.9533303157416]]], [[[44.7180428686836, 57.9392894731308], [44.716887934131, 57.9354197785001], [44.7156393585697, 57.9364234228029], [44.7180428686836, 57.9392894731308]]], [[[44.758542740755, 57.9503570725211], [44.7599252757311, 57.9505544107576], [44.760174877169, 57.9503536326142], [44.758542740755, 57.9503570725211]]], [[[44.769104202597, 57.9523370244343], [44.77086453557, 57.9526669461229], [44.7708578455133, 57.9517992145622], [44.769104202597, 57.9523370244343]]], [[[44.7996895464356, 57.9613455576515], [44.801322072256, 57.9613417013586], [44.8000601543528, 57.9606104751934], [44.7996895464356, 57.9613455576515]]], [[[44.7779197637863, 57.9557218756642], [44.7787966054791, 57.9554529307084], [44.7796734345815, 57.9551839821552], [44.7785333883054, 57.9539182951933], [44.7779197637863, 57.9557218756642]]], [[[44.7801793814734, 57.9556500908791], [44.7798084938671, 57.9563851499549], [44.7808066666945, 57.9555819384558], [44.7801793814734, 57.9556500908791]]], [[[44.7317596199107, 57.9444035255025], [44.7315039849211, 57.9437364911463], [44.7310045985835, 57.9441379754874], [44.7317596199107, 57.9444035255025]]], [[[44.7489870249314, 57.9484411082707], [44.7481038870849, 57.9478421471975], [44.7478604981636, 57.9489106640961], [44.7489870249314, 57.9484411082707]]], [[[44.7839430784105, 57.9552411394672], [44.786965176402, 57.9563022576432], [44.7859461680814, 57.9545023661914], [44.7839430784105, 57.9552411394672]]], [[[44.7799435612465, 57.95758631056], [44.7796871492427, 57.9569194048069], [44.7791880416949, 57.9573210060598], [44.7799435612465, 57.95758631056]]], [[[44.7742773835946, 57.9555964310306], [44.7754038015444, 57.9551267115287], [44.772516912126, 57.9552665525096], [44.7742773835946, 57.9555964310306]]], [[[44.7554064765278, 57.9506973885738], [44.7565393875828, 57.9510955265375], [44.7566609867153, 57.9505612680882], [44.7554064765278, 57.9506973885738]]], [[[44.7336472114498, 57.9450673843524], [44.7331418572111, 57.9446010993614], [44.7327703068044, 57.9453361008805], [44.7336472114498, 57.9450673843524]]], [[[44.7279963492523, 57.9448112898094], [44.7277407664234, 57.9441442500573], [44.7274910570668, 57.9443449859325], [44.7279963492523, 57.9448112898094]]], [[[44.781211958765, 57.9591854049826], [44.7809555206809, 57.9585185091221], [44.7807059660077, 57.9587193106478], [44.781211958765, 57.9591854049826]]], [[[44.7659810756663, 57.9544129924658], [44.7662372736314, 57.9550799287958], [44.7667364684135, 57.9546783635158], [44.7659810756663, 57.9544129924658]]], [[[44.7828444090424, 57.959181736648], [44.7829795618575, 57.9603828729714], [44.7847333531619, 57.9598449398922], [44.7828444090424, 57.959181736648]]], [[[44.7290128619542, 57.9466116525059], [44.7290069659988, 57.9457438858718], [44.7282578208419, 57.9463460925983], [44.7290128619542, 57.9466116525059]]], [[[44.7296401004104, 57.9465436943362], [44.7316496337238, 57.9466733190186], [44.7302614213277, 57.9456079677337], [44.7296401004104, 57.9465436943362]]], [[[44.7951912634662, 57.9640926609477], [44.7956974657656, 57.9645586968266], [44.7959469871639, 57.9643578800123], [44.7951912634662, 57.9640926609477]]], [[[44.7837420871278, 57.9615158397843], [44.782608682345, 57.9611179185573], [44.7823591204772, 57.9613187182844], [44.7837420871278, 57.9615158397843]]], [[[44.7585750183226, 57.9546957285252], [44.7594584250664, 57.9552946059615], [44.7598296310328, 57.9545595882545], [44.7585750183226, 57.9546957285252]]], [[[44.729901635852, 57.948078480038], [44.7314058643893, 57.9477418179307], [44.7293962888078, 57.9476121914497], [44.729901635852, 57.948078480038]]], [[[44.7799710085554, 57.9610570884141], [44.7809624022932, 57.9593862047097], [44.7779538858633, 57.9600603868775], [44.7799710085554, 57.9610570884141]]], [[[44.7604699150547, 57.9562269475158], [44.7644637449061, 57.9530145134092], [44.7605784965006, 57.9539572664149], [44.7604699150547, 57.9562269475158]]], [[[44.7556881046225, 57.9548352700319], [44.756443445209, 57.9551006887459], [44.7571923655354, 57.9544983839934], [44.7556881046225, 57.9548352700319]]], [[[44.7779538858633, 57.9600603868775], [44.7783043372755, 57.9567222428374], [44.7763214041097, 57.9600640057494], [44.7750396147866, 57.956729471588], [44.7698795926692, 57.9552055541931], [44.7670059106944, 57.9570807189002], [44.7729350069452, 57.9606054317954], [44.7779538858633, 57.9600603868775]]], [[[44.7265155777319, 57.948618973487], [44.7281476520926, 57.9486158582354], [44.7282695794777, 57.9480816141753], [44.7265155777319, 57.948618973487]]], [[[44.7538125190327, 57.9559071449989], [44.7558033203671, 57.9534333025051], [44.7512779093482, 57.9527084336475], [44.7521485124441, 57.9515718947274], [44.7494988641814, 57.9497750807556], [44.748244351296, 57.9499111445838], [44.7538125190327, 57.9559071449989]]], [[[44.7804838973142, 57.9623908594507], [44.7822446988339, 57.9627206363485], [44.7824873575057, 57.9616521599194], [44.7804838973142, 57.9623908594507]]], [[[44.7754580162746, 57.9620682987132], [44.7792291335178, 57.9625271526062], [44.7799778721812, 57.9619247696126], [44.7754580162746, 57.9620682987132]]], [[[44.7783589917742, 57.9636637616734], [44.7781025689786, 57.9629968793027], [44.7776033822904, 57.9633984598712], [44.7783589917742, 57.9636637616734]]], [[[44.745308080104, 57.9431084001327], [44.7493332207517, 57.9442350168328], [44.744911954823, 57.9403722856526], [44.7383237418474, 57.9495973144647], [44.7387988024229, 57.9457247860702], [44.7340247387509, 57.9452001530648], [44.7315515176886, 57.9506785747566], [44.7380983150853, 57.9532690098571], [44.7474641669379, 57.9461746548366], [44.7572432293917, 57.9444188976142], [44.7426961107371, 57.9465180447721], [44.745308080104, 57.9431084001327]], [[44.7387073962295, 57.9505978138382], [44.7403456534293, 57.9514623132353], [44.7387134756465, 57.9514655534927], [44.7387073962295, 57.9505978138382]]], [[[44.7066480006049, 57.943649193056], [44.7095454066953, 57.9452460697505], [44.7106666931136, 57.9439089937052], [44.7066480006049, 57.943649193056]]], [[[44.7214973436277, 57.9491624634771], [44.7226299219335, 57.9495608415597], [44.7227519140698, 57.9490266055935], [44.7214973436277, 57.9491624634771]]], [[[44.7225079262, 57.9500950757273], [44.7210035528718, 57.950431649701], [44.7211313123603, 57.9507651614832], [44.7225079262, 57.9500950757273]]], [[[44.7295595265511, 57.9531521609437], [44.7305644370992, 57.9532169732848], [44.730936090928, 57.9524820131346], [44.7295595265511, 57.9531521609437]]], [[[44.7441526356358, 57.9571283442978], [44.7460284946195, 57.9560565907393], [44.7467651032271, 57.9537188957107], [44.7408695157158, 57.9545317416468], [44.7441526356358, 57.9571283442978]], [[44.742885588899, 57.9555289387097], [44.7423800251182, 57.9550627130739], [44.7432570610647, 57.9547939587744], [44.742885588899, 57.9555289387097]]], [[[44.7985142332454, 57.9710262252802], [44.7990205470608, 57.9714922296828], [44.7992700918414, 57.9712914164659], [44.7985142332454, 57.9710262252802]]], [[[44.7308201125583, 57.9538839707688], [44.7311917654878, 57.9531490133165], [44.730442525902, 57.9537512020565], [44.7308201125583, 57.9538839707688]]], [[[44.7679226436153, 57.9620180032284], [44.7712078373719, 57.9646139385825], [44.7743246681491, 57.9616703190302], [44.7723076398859, 57.9606735527424], [44.7679226436153, 57.9620180032284]], [[44.7720714590308, 57.9626097004775], [44.771943296646, 57.9622762516478], [44.7723210739586, 57.9624089169382], [44.7720714590308, 57.9626097004775]]], [[[44.7079189459028, 57.9461167690738], [44.7062978819419, 57.9478552062529], [44.7088015234717, 57.9467159540782], [44.7079189459028, 57.9461167690738]]], [[[44.7216423683008, 57.9520992032158], [44.723274566768, 57.9520961356283], [44.7240238747022, 57.9514939729686], [44.7216423683008, 57.9520992032158]]], [[[44.7788855457315, 57.9667328357519], [44.7797694506997, 57.9673315603034], [44.7800190602316, 57.9671307704688], [44.7788855457315, 57.9667328357519]]], [[[44.7791420027014, 57.9673997019349], [44.7783931570187, 57.9680020606468], [44.7793984650673, 57.9680665645205], [44.7791420027014, 57.9673997019349]]], [[[44.6987596107676, 57.9469339272591], [44.6998919372633, 57.9473324708171], [44.7000141875049, 57.9467982438441], [44.6987596107676, 57.9469339272591]]], [[[44.7659189316136, 57.9627565201974], [44.7561937997042, 57.9553014560975], [44.751706153916, 57.9597828480002], [44.7659189316136, 57.9627565201974]]], [[[44.7458036551147, 57.9597281512334], [44.7457974416988, 57.958860456545], [44.7450483010384, 57.9594626911505], [44.7458036551147, 57.9597281512334]]], [[[44.7554832408591, 57.9611099505639], [44.7556176805117, 57.9623110958805], [44.7563667294412, 57.9617088217049], [44.7554832408591, 57.9611099505639]]], [[[44.7290718134136, 57.955289061641], [44.7308319701195, 57.9556194114069], [44.7295713391462, 57.9548876087763], [44.7290718134136, 57.955289061641]]], [[[44.7539851169198, 57.9623144899219], [44.7538507195353, 57.9611133428067], [44.7524742333993, 57.9617836497958], [44.7539851169198, 57.9623144899219]]], [[[44.7556240809867, 57.9631787725825], [44.7544908794507, 57.9627806580011], [44.7547469560074, 57.9634475790427], [44.7556240809867, 57.9631787725825]]], [[[44.7055429523455, 57.9475895429233], [44.7061593188976, 57.9457861477127], [44.7032728080938, 57.9459247620183], [44.6997750200013, 57.948734450035], [44.7055429523455, 57.9475895429233]], [[44.7041607429241, 57.9473917370392], [44.7037778727508, 57.9463911369416], [44.7046603990584, 57.9469903435297], [44.7041607429241, 57.9473917370392]]], [[[44.7452918122675, 57.9583942479963], [44.75232720054, 57.9588471115052], [44.753441208745, 57.9566421429207], [44.7452918122675, 57.9583942479963]]], [[[44.7061920865957, 57.950992679169], [44.7066862946369, 57.9497235424077], [44.7048043355518, 57.9499271381271], [44.7061920865957, 57.950992679169]]], [[[44.7401386987421, 57.957737104384], [44.7387742752128, 57.9601427009251], [44.7405163474517, 57.957869847016], [44.7401386987421, 57.957737104384]]], [[[44.7835757071533, 57.9721284865406], [44.7849590083517, 57.9723255846582], [44.7852086205816, 57.9721247948236], [44.7835757071533, 57.9721284865406]]], [[[44.7500925669186, 57.9623892604562], [44.750226868975, 57.9635904003769], [44.7509760096353, 57.9629881567782], [44.7500925669186, 57.9623892604562]]], [[[44.698403427976, 57.9502720964803], [44.6981482480434, 57.9496050315472], [44.6976485037756, 57.9500063998756], [44.698403427976, 57.9502720964803]]], [[[44.7368920328412, 57.9603466563732], [44.736758088715, 57.9591454804797], [44.735509301813, 57.9601491328763], [44.7368920328412, 57.9603466563732]]], [[[44.7302282822096, 57.9591581968934], [44.7339987042769, 57.9596181155837], [44.7407538368203, 57.9559336893884], [44.7345961068251, 57.9552116093285], [44.7302282822096, 57.9591581968934]]], [[[44.73727574478, 57.9613470918949], [44.7433063924762, 57.9617355711399], [44.7438058642494, 57.9613340930941], [44.73727574478, 57.9613470918949]]], [[[44.7465839365996, 57.963464340607], [44.7485942622156, 57.9635937404589], [44.7465777069958, 57.9625966630057], [44.7465839365996, 57.963464340607]]], [[[44.7611688033977, 57.9657034240739], [44.7616877077217, 57.9679048682153], [44.7630577016518, 57.9663668539473], [44.7611688033977, 57.9657034240739]]], [[[44.7619439182774, 57.9685717568813], [44.7626929869919, 57.967969475511], [44.7611883222834, 57.9683063858312], [44.7619439182774, 57.9685717568813]]], [[[44.7472238653892, 57.9651316593987], [44.7469678886573, 57.9644647338606], [44.7467181496231, 57.9646654751318], [44.7472238653892, 57.9651316593987]]], [[[44.7424292216314, 57.9620043137483], [44.7435684747055, 57.9632701922657], [44.7439399981326, 57.9625352456053], [44.7424292216314, 57.9620043137483]]], [[[44.7630773284561, 57.9689698049127], [44.7752693825761, 57.9700780088931], [44.776261142338, 57.968407248396], [44.7705804109574, 57.9646820487377], [44.7631923562424, 57.9675679533985], [44.7630773284561, 57.9689698049127]], [[44.7659651144986, 57.9688301437963], [44.7644538775446, 57.9682994385684], [44.7664644630647, 57.9684286117912], [44.7659651144986, 57.9688301437963]]], [[[44.7695003629515, 57.9712252434504], [44.7683668394582, 57.9708272457809], [44.7686231642278, 57.9714941110646], [44.7695003629515, 57.9712252434504]]], [[[44.7508606212209, 57.9643900388694], [44.7520001638766, 57.9656558391458], [44.7548941606371, 57.9663840327971], [44.7508606212209, 57.9643900388694]]], [[[44.7611948315764, 57.9691740319562], [44.7605608311176, 57.9683744573155], [44.7596901165059, 57.9695109251892], [44.7611948315764, 57.9691740319562]]], [[[44.7824766016141, 57.9760686736305], [44.7817138641037, 57.9749358030451], [44.7814711163991, 57.9760041904412], [44.7824766016141, 57.9760686736305]]], [[[44.7832324503175, 57.9763339322653], [44.7834890241993, 57.9770007525828], [44.7839883053162, 57.9765991882022], [44.7832324503175, 57.9763339322653]]], [[[44.7638591801572, 57.9727056984094], [44.7672399565589, 57.9712968726527], [44.763731050148, 57.9723722648683], [44.7638591801572, 57.9727056984094]]], [[[44.7161749426197, 57.9608533299174], [44.7162970390772, 57.9603191371186], [44.7147922844366, 57.9606556310527], [44.7161749426197, 57.9608533299174]]], [[[44.7264930236343, 57.9639043069384], [44.7264871744437, 57.9630366320351], [44.7253600568213, 57.9635059891103], [44.7264930236343, 57.9639043069384]]], [[[44.7772131628573, 57.9776821787897], [44.7777125114234, 57.9772806341941], [44.776457328543, 57.9774168940746], [44.7772131628573, 57.9776821787897]]], [[[44.765755003191, 57.9742366862742], [44.7673879921623, 57.974233172623], [44.7646214392282, 57.973838669719], [44.765755003191, 57.9742366862742]]], [[[44.7319083407975, 57.9660964727742], [44.7366724795514, 57.9648857757581], [44.7360208820582, 57.9614830523012], [44.7316287955326, 57.961958834133], [44.7319083407975, 57.9660964727742]]], [[[44.7652621711125, 57.9755058122436], [44.7650058715239, 57.9748389568525], [44.76475615857, 57.9750397134122], [44.7652621711125, 57.9755058122436]]], [[[44.7825111697549, 57.9804066416534], [44.7836450538763, 57.980804517015], [44.7837664146884, 57.9802703377061], [44.7825111697549, 57.9804066416534]]], [[[44.7828960508123, 57.9814068478479], [44.7827677544285, 57.9810734457831], [44.7821401202705, 57.9811415955084], [44.7828960508123, 57.9814068478479]]], [[[44.7757218584771, 57.9797543840577], [44.7754653808228, 57.9790875628409], [44.7749659962839, 57.9794890966447], [44.7757218584771, 57.9797543840577]]], [[[44.752819148585, 57.9745976291774], [44.7557137236096, 57.9753257688693], [44.7567127337059, 57.9745227983886], [44.752819148585, 57.9745976291774]]], [[[44.759242463669, 57.976853396867], [44.757353185901, 57.9761899660942], [44.7582434445795, 57.9776563718443], [44.759242463669, 57.976853396867]]], [[[44.7407544015945, 57.973821216576], [44.740498470728, 57.9731543162189], [44.7399988415734, 57.9735557555938], [44.7407544015945, 57.973821216576]]], [[[44.7617724499388, 57.9791839216009], [44.7629061245182, 57.97958194625], [44.7630277263486, 57.9790477786323], [44.7617724499388, 57.9791839216009]]], [[[44.7155926163064, 57.9678625892872], [44.716092396547, 57.9674612110662], [44.7148373000015, 57.9675970015006], [44.7155926163064, 57.9678625892872]]], [[[44.7220131479885, 57.9701199280924], [44.7251509905259, 57.969780297323], [44.729526175193, 57.9667017641752], [44.7228559116712, 57.9646453824786], [44.7220131479885, 57.9701199280924]]], [[[44.7349720189437, 57.9732319591877], [44.7363611819232, 57.9742970892394], [44.7362272081193, 57.973096016768], [44.7349720189437, 57.9732319591877]]], [[[44.7505900898609, 57.9790070357463], [44.751589269929, 57.9782041165269], [44.7500841888344, 57.9785409027406], [44.7505900898609, 57.9790070357463]]], [[[44.7105721392929, 57.9684056745824], [44.7117050989114, 57.968804083242], [44.7125769925344, 57.9676678689771], [44.7105721392929, 57.9684056745824]]], [[[44.7346242807861, 57.9774372736114], [44.7354837286913, 57.9745657733919], [44.7308464492044, 57.9761098158155], [44.7346242807861, 57.9774372736114]]], [[[44.7258135750366, 57.9749181295682], [44.7264470547879, 57.9757178076309], [44.7294632685152, 57.975912259943], [44.7258135750366, 57.9749181295682]]], [[[44.7058123973245, 57.9704832164275], [44.7072007949808, 57.9715486171751], [44.7079506344144, 57.9709465993063], [44.7058123973245, 57.9704832164275]]], [[[44.7214200909646, 57.9753935948387], [44.7219256637385, 57.9758598285684], [44.722175573644, 57.9756591385586], [44.7214200909646, 57.9753935948387]]], [[[44.7458435004773, 57.9828207700626], [44.7453313968267, 57.9814870565826], [44.7444600517901, 57.9826233499878], [44.7458435004773, 57.9828207700626]]], [[[44.742290144175, 57.9778225530686], [44.7367510425267, 57.9761650512763], [44.7335088579476, 57.9796418312057], [44.742290144175, 57.9778225530686]]], [[[44.7411873442207, 57.9817623219737], [44.74382615925, 57.9818237771458], [44.7430642841895, 57.9806907644674], [44.7411873442207, 57.9817623219737]]], [[[44.7530298048817, 57.9862096412621], [44.7520241380037, 57.9861449791077], [44.7521522221475, 57.9864783955617], [44.7530298048817, 57.9862096412621]]], [[[44.7253429364275, 57.9796575189795], [44.7260926697411, 57.97905544895], [44.7248372854125, 57.9791913068335], [44.7253429364275, 57.9796575189795]]], [[[44.7191708298701, 57.9771997635584], [44.7208096698305, 57.9780643214115], [44.7213095148224, 57.9776629512844], [44.7191708298701, 57.9771997635584]]], [[[44.7294928022512, 57.9802502423549], [44.7286093055752, 57.9796512938723], [44.7301264240954, 57.9810498817468], [44.7294928022512, 57.9802502423549]]], [[[44.7233261815582, 57.9786602499707], [44.7233319713935, 57.979527841237], [44.7247094216027, 57.9788578553059], [44.7233261815582, 57.9786602499707]]], [[[44.7521585614686, 57.9873459418619], [44.7519023895838, 57.9866791161485], [44.7516525507248, 57.9868798376345], [44.7521585614686, 57.9873459418619]]], [[[44.7219487214565, 57.9793302260093], [44.7214431064144, 57.9788640030715], [44.7209432479327, 57.9792653705006], [44.7219487214565, 57.9793302260093]]], [[[44.7739469951579, 57.9938395128834], [44.7736904662422, 57.9931727447266], [44.7731909108321, 57.9935742389602], [44.7739469951579, 57.9938395128834]]], [[[44.7500254091455, 57.9877507375067], [44.7497692624417, 57.987083908196], [44.7495194145895, 57.9872846251855], [44.7500254091455, 57.9877507375067]]], [[[44.7078668814516, 57.9775540667669], [44.7373423413761, 57.970891351255], [44.7529408529382, 57.9740634525665], [44.7546636005449, 57.9691877322283], [44.7622588896362, 57.9770472358414], [44.7632316341328, 57.9727737779876], [44.7578011373128, 57.9688474701348], [44.7458533786307, 57.9666695522582], [44.7455849903552, 57.9642673011952], [44.7375557981617, 57.9654847377306], [44.7427282147355, 57.9687448898649], [44.736306855677, 57.9664883550537], [44.7197698916673, 57.9727937888025], [44.7159759244495, 57.9688630293055], [44.7099501079113, 57.9693411961395], [44.7050951987846, 57.9762909500674], [44.7078668814516, 57.9775540667669]], [[44.7171202856728, 57.9709966780544], [44.7130991766858, 57.9707370824506], [44.7109664533393, 57.9711414014547], [44.7151040928798, 57.9699992543623], [44.7171202856728, 57.9709966780544]], [[44.7182647539154, 57.9731302899311], [44.7124994997523, 57.9751430877835], [44.7109886737884, 57.9746119023176], [44.7158763910828, 57.9728677319604], [44.7182647539154, 57.9731302899311]], [[44.7090891509437, 57.9722126513929], [44.7092168843519, 57.9725461281015], [44.7088392077634, 57.9724133234163], [44.7090891509437, 57.9722126513929]], [[44.7074781854701, 57.9756860525694], [44.709233449864, 57.9751489882354], [44.7076059179789, 57.9760195247814], [44.7074781854701, 57.9756860525694]], [[44.730555086848, 57.9702371628149], [44.7301773634947, 57.9701044066932], [44.7309328102012, 57.9703699180375], [44.730555086848, 57.9702371628149]], [[44.7510202086159, 57.9690617758804], [44.7471333189477, 57.9700041125], [44.7476265970899, 57.9687349982217], [44.7510202086159, 57.9690617758804]], [[44.7519164576785, 57.9713959149897], [44.7522879127571, 57.9706609854163], [44.7527937508311, 57.971127135509], [44.7519164576785, 57.9713959149897]], [[44.7530371451483, 57.9700587580054], [44.7527810533031, 57.9693918612456], [44.7532868832832, 57.969858013137], [44.7530371451483, 57.9700587580054]], [[44.7409735906588, 57.9692823382095], [44.7411015488975, 57.9696157969316], [44.7407238003632, 57.9694830641922], [44.7409735906588, 57.9692823382095]]], [[[44.749775557696, 57.9879514535969], [44.7506594923419, 57.988550258188], [44.7514090367978, 57.987948102723], [44.749775557696, 57.9879514535969]]], [[[44.7160493882688, 57.980142040423], [44.7167992510848, 57.9795400144603], [44.7155438253874, 57.979675800398], [44.7160493882688, 57.980142040423]]], [[[44.7012121168459, 57.9780997439082], [44.7019621433384, 57.9774977782001], [44.7007067284329, 57.9776334517226], [44.7012121168459, 57.9780997439082]]], [[[44.7115330936775, 57.9811513504546], [44.7112775486202, 57.9804844330104], [44.7107775831191, 57.9808857635673], [44.7115330936775, 57.9811513504546]]], [[[44.7067501671866, 57.9797584400002], [44.7072556401358, 57.9802247070048], [44.7075056345776, 57.9800240457732], [44.7067501671866, 57.9797584400002]]], [[[44.7725967305548, 57.997979847692], [44.7719621311476, 57.9971804610096], [44.7717123246642, 57.9973811995829], [44.7725967305548, 57.997979847692]]], [[[44.7151886120649, 57.9830133373958], [44.713549703756, 57.9821487498651], [44.7146886546578, 57.983414674248], [44.7151886120649, 57.9830133373958]]], [[[44.6953125750155, 57.978910807388], [44.6961903466074, 57.9786423489654], [44.6945571957581, 57.978645143159], [44.6953125750155, 57.978910807388]]], [[[44.7008451430891, 57.9797021100645], [44.7023614135485, 57.9811009587425], [44.7028614545926, 57.9806996542658], [44.7008451430891, 57.9797021100645]]], [[[44.7053833262797, 57.9821634312975], [44.7052501483758, 57.9809623903022], [44.7045001110914, 57.9815643569097], [44.7053833262797, 57.9821634312975]]], [[[44.7146999087739, 57.9851498028213], [44.7149442671644, 57.9840815737059], [44.71394431278, 57.9848842393164], [44.7146999087739, 57.9851498028213]]], [[[44.699855728759, 57.9822398718728], [44.7002281101393, 57.981505111372], [44.6994779973119, 57.9821070527984], [44.699855728759, 57.9822398718728]]], [[[44.7031276934885, 57.983101732659], [44.7035000308019, 57.9823669694603], [44.7019944550802, 57.9827032997177], [44.7031276934885, 57.983101732659]]], [[[44.7138277336632, 57.9862859055702], [44.7148277177251, 57.9854832498523], [44.7129499207024, 57.9865544485291], [44.7138277336632, 57.9862859055702]]], [[[44.7012443440514, 57.9833052447414], [44.7002334620049, 57.9823726900478], [44.6994833356875, 57.9829746269776], [44.7012443440514, 57.9833052447414]]], [[[44.7308253304248, 57.9913925745079], [44.7321911056352, 57.9889875058688], [44.7294357789382, 57.9903275074087], [44.7308253304248, 57.9913925745079]]], [[[44.7101830916765, 57.9861590445045], [44.7119387265911, 57.9856219828684], [44.7106775677157, 57.9848901685466], [44.7101830916765, 57.9861590445045]]], [[[44.7042609516818, 57.9835001575065], [44.7032554125075, 57.9834351931798], [44.7022552683661, 57.9842377895426], [44.7042609516818, 57.9835001575065]]], [[[44.6968445107657, 57.98291244965], [44.6977064363032, 57.9800412489047], [44.6962008974536, 57.9803775296994], [44.6968445107657, 57.98291244965]]], [[[44.7126999118716, 57.9867551097607], [44.7132055224171, 57.9872213371951], [44.7134555321472, 57.9870206768629], [44.7126999118716, 57.9867551097607]]], [[[44.7411390263451, 57.9927070173152], [44.7444125181234, 57.9935679904705], [44.744534374462, 57.9930338822081], [44.7411390263451, 57.9927070173152]]], [[[44.7425412375882, 57.9955069845599], [44.7422851583336, 57.9948401750342], [44.7417853088451, 57.9952415676444], [44.7425412375882, 57.9955069845599]]], [[[44.7144724108732, 57.9888206654416], [44.7144667865131, 57.9879531236379], [44.7137167537254, 57.9885551064332], [44.7144724108732, 57.9888206654416]]], [[[44.6989938967511, 57.9851110465377], [44.7006272769274, 57.9851082073781], [44.7007496215979, 57.9845741036121], [44.6989938967511, 57.9851110465377]]], [[[44.7037663110665, 57.9847690235718], [44.7035216864768, 57.9858372311035], [44.7045218432087, 57.9850346356401], [44.7037663110665, 57.9847690235718]]], [[[44.6940885149731, 57.9842519008047], [44.6940832800195, 57.9833843329208], [44.6933330547768, 57.9839862383744], [44.6940885149731, 57.9842519008047]]], [[[44.7010050371529, 57.9852410192578], [44.7010104052062, 57.9861085772492], [44.7020106131994, 57.9853059979736], [44.7010050371529, 57.9852410192578]]], [[[44.7527534854851, 57.9999572086584], [44.7550153280951, 57.9998857952934], [44.7526253590732, 57.9996238227813], [44.7527534854851, 57.9999572086584]]], [[[44.7005102877198, 57.9865098646387], [44.7002548739634, 57.985842951691], [44.6997547528797, 57.9862442363826], [44.7005102877198, 57.9865098646387]]], [[[44.6976158817677, 57.9857807878532], [44.6988768571814, 57.9865127011004], [44.6996270491492, 57.9859107785597], [44.6976158817677, 57.9857807878532]]], [[[44.6883105425976, 57.9845285808295], [44.6880553176989, 57.9838616418015], [44.6878052171372, 57.9840622670602], [44.6883105425976, 57.9845285808295]]], [[[44.7272036957941, 57.994736166641], [44.729087399564, 57.9945323676748], [44.729209435767, 57.9939982738015], [44.7272036957941, 57.994736166641]]], [[[44.6942266490408, 57.986320481805], [44.6958600768812, 57.9863176912086], [44.6957324001303, 57.9859842315872], [44.6942266490408, 57.986320481805]]], [[[44.6992706253392, 57.9892481527802], [44.7000208586758, 57.9886462383334], [44.6987651353029, 57.9887818875742], [44.6992706253392, 57.9892481527802]]], [[[44.7348964489121, 57.9985917446135], [44.7360183001047, 57.9972549284723], [44.7342625006141, 57.9977922104423], [44.7348964489121, 57.9985917446135]]], [[[44.7158841684198, 57.9933559699023], [44.7170177908386, 57.9937542805358], [44.719279383437, 57.9936833617979], [44.7158841684198, 57.9933559699023]]], [[[44.7137504135509, 57.9937602718193], [44.7134947632729, 57.9930934101329], [44.7129946799607, 57.9934947173075], [44.7137504135509, 57.9937602718193]]], [[[44.7117332863622, 57.9927629461532], [44.7122389571623, 57.9932291591985], [44.7124889992681, 57.9930285069602], [44.7117332863622, 57.9927629461532]]], [[[44.6870651011736, 57.9863992579196], [44.6879481841615, 57.9869984105484], [44.6885760386534, 57.9869306277465], [44.6870651011736, 57.9863992579196]]], [[[44.7056988147486, 57.9923733643395], [44.7054432912751, 57.9917064846667], [44.7051932221896, 57.9919071279118], [44.7056988147486, 57.9923733643395]]], [[[44.7130002755425, 57.9943622303329], [44.7127446342576, 57.9936953704452], [44.7124945885546, 57.9938960226835], [44.7130002755425, 57.9943622303329]]], [[[44.6765140327965, 57.9870170400046], [44.6762589643799, 57.9863500919834], [44.6760087972684, 57.9865506965576], [44.6765140327965, 57.9870170400046]]], [[[44.6769015560621, 57.9888849993434], [44.6761412251376, 57.987751718667], [44.6757684039888, 57.9884863973296], [44.6769015560621, 57.9888849993434]]], [[[44.6969185627416, 57.9950580043236], [44.6981744668783, 57.9949223784651], [44.698802415799, 57.994854558791], [44.6969185627416, 57.9950580043236]]], [[[44.7111443122604, 57.9989033336221], [44.7112721365, 57.9992367545727], [44.7119001240916, 57.9991688872345], [44.7111443122604, 57.9989033336221]]], [[[44.6862278242548, 57.9936079266647], [44.6853446342477, 57.9930087902237], [44.6850944716327, 57.9932094001938], [44.6862278242548, 57.9936079266647]]]]}, "properties": {"id": 655, "storm_id": 471, "type": "squall", "certainty": "High", "year": 2017, "month": 7, "date": "30.07.2017", "date_1": "2017/07/20", "date_2": "2017/08/02", "n_polygons": 393, "area_km2": 18.18, "length_km": 15.8, "mean_width_m": 1152.9, "max_width_m": 3915.9, "wind_gust": 24, "direction": "SE-NW", "near_watershed": "27271.0", "ws_dist_km": 57.0, "lon": 44.7513, "lat": 57.9342, "status": "processed", "metrics": {"note": "DiD-расширение"}, "hyp3": {"prepost": {"granules": ["S1B_IW_SLC__1SDV_20170724T031922_20170724T031949_006624_00BA63_0EBE", "S1B_IW_SLC__1SDV_20170805T031922_20170805T031949_006799_00BF69_7393"], "job_id": "e15a0226-a306-48c2-8920-77cb54cde8c1", "status": "SUCCEEDED"}, "control": {"granules": ["S1B_IW_SLC__1SDV_20170805T031922_20170805T031949_006799_00BF69_7393", "S1B_IW_SLC__1SDV_20170817T031923_20170817T031950_006974_00C483_8E1B"], "job_id": "2eb23118-a90f-4cd4-a348-26d3f37ef077", "status": "SUCCEEDED"}}, "metrics_note": "детальные метрики — отчёт изд.4 (гл. валидации); DiD 7 событий: средний AUC 0.642 -> 0.690", "result_summary": {"coh_delta": "AUC 0.908 на ID694; DiD-среднее 0.690", "lband": "ID694 dHV invAUC 0.905; ID666 не сработал (годовые мозаики)", "wind_index": "контр-пример: PA 0.059 / UA 0.024 на ID666"}}}, {"type": "Feature", "geometry": {"type": "MultiPolygon", "coordinates": [[[[30.8250000005498, 57.0197500001626], [30.8259999999003, 57.0190000006497], [30.8249999987511, 57.0192499986887], [30.8250000005498, 57.0197500001626]]], [[[30.8009999981516, 57.0187499999128], [30.8027499988136, 57.0200000000002], [30.8029999995505, 57.0189999988511], [30.8009999981516, 57.0187499999128]]], [[[30.9287500015115, 57.0664999994756], [30.930249999638, 57.0659999998003], [30.9287499997129, 57.0657499990633], [30.9287500015115, 57.0664999994756]]], [[[30.7047500013116, 56.9859999996005], [30.7065000019737, 56.9855000008246], [30.704749999513, 56.9852499991883], [30.7047500013116, 56.9859999996005]]], [[[30.8242499992382, 57.0279999984014], [30.8285000000751, 57.0307499993132], [30.828999998851, 57.029750000862], [30.8242499992382, 57.0279999984014]]], [[[30.821750000862, 57.0309999991508], [30.8225000021735, 57.0319999994006], [30.8230000000501, 57.0315000006247], [30.821750000862, 57.0309999991508]]], [[[30.8402500005373, 57.0397500006622], [30.8427499998128, 57.0394999999252], [30.8427499989135, 57.0389999993507], [30.8407500011118, 57.0382499998378], [30.8402500005373, 57.0397500006622]], [[30.8404999994756, 57.0394999999252], [30.8407500011118, 57.0392499991882], [30.8407499993132, 57.0394999990259], [30.8404999994756, 57.0394999999252]]], [[[30.8232499998878, 57.0332499994881], [30.8242499992382, 57.0342499997379], [30.8247499989135, 57.0337499991633], [30.8232499998878, 57.0332499994881]]], [[[30.8455000007246, 57.0417499984638], [30.8477500001625, 57.0432499992882], [30.8480000000002, 57.0414999995255], [30.8455000007246, 57.0417499984638]]], [[[30.72300000025, 56.9984999995755], [30.7234999999252, 56.997750000962], [30.7230000011493, 56.9982499997379], [30.72300000025, 56.9984999995755]]], [[[30.8517500011618, 57.0452499997878], [30.8527499987136, 57.0452499997878], [30.8519999992008, 57.044249999538], [30.8517500011618, 57.0452499997878]]], [[[30.8427499998128, 57.0417499993632], [30.8445000004748, 57.0422499999377], [30.845250000887, 57.0415000004248], [30.8427499998128, 57.0417499993632]]], [[[30.6709999998503, 56.9797500000626], [30.6720000009994, 56.9787499998128], [30.6709999989509, 56.9789999996505], [30.6709999998503, 56.9797500000626]]], [[[30.8802499997379, 57.0534999998253], [30.8774999997254, 57.0549999997503], [30.8817499987636, 57.0554999994256], [30.8802499997379, 57.0534999998253]]], [[[30.7260000001001, 57.0002500002375], [30.7275000000251, 56.9989999992507], [30.7255000004249, 56.9992499999877], [30.7260000001001, 57.0002500002375]]], [[[30.8750000004498, 57.0539999995005], [30.8742500000377, 57.0517499991633], [30.8734999987261, 57.0542499993381], [30.8750000004498, 57.0539999995005]]], [[[30.8175000000251, 57.033749998264], [30.8159999992008, 57.0339999999002], [30.8187499992133, 57.0349999992507], [30.8175000000251, 57.033749998264]]], [[[30.8464999991758, 57.0437499998628], [30.8487500004123, 57.0459999993007], [30.8499999996005, 57.0437500007621], [30.8464999991758, 57.0437499998628]]], [[[30.6692500009869, 56.9822499993382], [30.6707500000127, 56.9820000003999], [30.6695000026232, 56.9807500003124], [30.6692500009869, 56.9822499993382]]], [[[30.8307500004124, 57.0407500000127], [30.8332499987886, 57.0412500005872], [30.8332499996879, 57.0409999998503], [30.8307500004124, 57.0407500000127]]], [[[30.8212500002874, 57.036750000812], [30.8262499997379, 57.0397499997628], [30.8285000000751, 57.0389999984513], [30.8212500002874, 57.036750000812]]], [[[30.8132500000876, 57.0362499993382], [30.8152499987886, 57.0357499987636], [30.8124999987761, 57.0352499990884], [30.8132500000876, 57.0362499993382]]], [[[30.8477500010618, 57.0472499993881], [30.8462500002375, 57.0467500006122], [30.8405000012742, 57.045749999463], [30.8432500003874, 57.0475000001251], [30.8477500010618, 57.0472499993881]]], [[[30.6810000005498, 56.9884999997753], [30.6822499979392, 56.9895000000251], [30.6827500012117, 56.9890000003499], [30.6810000005498, 56.9884999997753]]], [[[30.7155000006247, 57.0017499992632], [30.7169999996505, 57.0024999996754], [30.7170000005498, 57.0017499992632], [30.7155000006247, 57.0017499992632]]], [[[30.665250000887, 56.9835000003249], [30.6677500010619, 56.9845000005747], [30.6677499992632, 56.9840000000002], [30.665250000887, 56.9835000003249]]], [[[30.6775000001251, 56.9877500002625], [30.6790000009494, 56.9887500005123], [30.6794999997254, 56.9880000001001], [30.6775000001251, 56.9877500002625]]], [[[30.6672500004873, 56.9852500000876], [30.6685000005747, 56.9857500006622], [30.6705000019737, 56.9852500000876], [30.6672500004873, 56.9852500000876]]], [[[30.7377499996629, 57.0134999997254], [30.7387499999127, 57.0139999985012], [30.7395000012243, 57.0132500007871], [30.7377499996629, 57.0134999997254]]], [[[30.8657499992632, 57.0607499996129], [30.8672500000876, 57.0599999992008], [30.8657499992632, 57.0599999983014], [30.8657499992632, 57.0607499996129]]], [[[30.7435000004248, 57.0149999996505], [30.7437500002625, 57.0162499997379], [30.7450000003499, 57.0154999993257], [30.7435000004248, 57.0149999996505]]], [[[30.879500000225, 57.0662499996379], [30.8802499997379, 57.0670000000501], [30.8807500003124, 57.0672499980891], [30.879500000225, 57.0662499996379]]], [[[30.7592500018862, 57.0234999995256], [30.7597499997628, 57.0237499993631], [30.7615000004249, 57.024499998876], [30.7607500000127, 57.0232499996879], [30.7592500018862, 57.0234999995256]]], [[[30.7544999995755, 57.022999998951], [30.7565000009744, 57.0220000004998], [30.7545000004748, 57.0222500003374], [30.7544999995755, 57.022999998951]]], [[[30.7517500013616, 57.0219999996005], [30.7532499985887, 57.0214999999252], [30.7520000002999, 57.0212499991883], [30.7517500013616, 57.0219999996005]]], [[[30.7527499998128, 57.0235000004249], [30.7542500015365, 57.0232499987886], [30.7527499989135, 57.022999998951], [30.7527499998128, 57.0235000004249]]], [[[30.7272499992882, 57.013749999563], [30.7300000010993, 57.015249999488], [30.7310000004498, 57.0139999994006], [30.7272499992882, 57.013749999563]]], [[[30.764249999538, 57.0279999993007], [30.7655000005248, 57.0272499997878], [30.7640000005997, 57.0269999999502], [30.764249999538, 57.0279999993007]]], [[[30.7922500002375, 57.0384999996754], [30.7932499986887, 57.0369999997504], [30.7922500011368, 57.0374999994256], [30.7922500002375, 57.0384999996754]]], [[[30.7265000006747, 57.0154999993257], [30.7274999991258, 57.0147499998128], [30.7265000006747, 57.0149999987511], [30.7265000006747, 57.0154999993257]]], [[[30.8867499991133, 57.0740000000002], [30.8882499999377, 57.0734999994256], [30.8867499991133, 57.073249999588], [30.8867499991133, 57.0740000000002]]], [[[30.7622499990384, 57.0290000004498], [30.7640000005997, 57.0289999995505], [30.7640000005997, 57.0284999998752], [30.7622499990384, 57.0290000004498]]], [[[30.8947499993132, 57.0762499994381], [30.897500000225, 57.0779999983015], [30.8984999995755, 57.0772499996879], [30.8947499993132, 57.0762499994381]]], [[[30.7317499999627, 57.0185000000751], [30.7332499989884, 57.0172499999877], [30.7327500011118, 57.0172499999877], [30.7317499999627, 57.0185000000751]]], [[[30.8277499996629, 57.0529999992508], [30.8294999994256, 57.053250000887], [30.8292499986887, 57.0524999995755], [30.8277499996629, 57.0529999992508]]], [[[30.7529999996505, 57.0267499992133], [30.7550000010494, 57.026249999538], [30.7560000012992, 57.026749998314], [30.7547500003124, 57.0252499992882], [30.7529999996505, 57.0267499992133]]], [[[30.7922500011368, 57.0412499996879], [30.7952500000876, 57.0399999996005], [30.7922500002375, 57.0409999989509], [30.7922500011368, 57.0412499996879]]], [[[30.7725000004748, 57.0337500000626], [30.7737499996629, 57.0344999995755], [30.7742500020361, 57.0337500000626], [30.7725000004748, 57.0337500000626]]], [[[30.857999998901, 57.0657499999627], [30.8605000008745, 57.0657499990633], [30.8615000011243, 57.0619999988011], [30.8567499997129, 57.0632499997879], [30.857999998901, 57.0657499999627]], [[30.8597499986637, 57.0652499984888], [30.8599999985013, 57.0649999995505], [30.8599999985013, 57.0652499993881], [30.8597499986637, 57.0652499984888]]], [[[30.7567499990134, 57.0292499993881], [30.7584999996754, 57.0282500000376], [30.7550000001501, 57.0272500006872], [30.7567499990134, 57.0292499993881]]], [[[30.8535000000251, 57.0649999986512], [30.8545000011743, 57.0642500000376], [30.8535000009244, 57.0644999998752], [30.8535000000251, 57.0649999986512]]], [[[30.7940000008995, 57.0432499992882], [30.7952500000876, 57.0429999994505], [30.7942500007371, 57.0424999997753], [30.7940000008995, 57.0432499992882]]], [[[30.7474999996255, 57.0267499992133], [30.7472500006871, 57.0247499996129], [30.7452500001875, 57.0252499992882], [30.7474999996255, 57.0267499992133]]], [[[30.8779999985013, 57.0729999997504], [30.8785000008745, 57.0740000000002], [30.8789999996504, 57.0742500007371], [30.8779999985013, 57.0729999997504]]], [[[30.8275000007246, 57.055249999588], [30.8314999990259, 57.0539999995005], [30.8275000016239, 57.0547499990134], [30.8275000007246, 57.055249999588]]], [[[30.7399999991009, 57.0242499999377], [30.7410000011493, 57.0234999986262], [30.7400000017988, 57.0234999986262], [30.7399999991009, 57.0242499999377]]], [[[30.7607500000126, 57.0312500007871], [30.762250000837, 57.0327499998128], [30.7630000012492, 57.0322499992382], [30.7607500000126, 57.0312500007871]]], [[[30.8669999984513, 57.0689999996504], [30.8695000004249, 57.0717499996629], [30.8697500002624, 57.0709999974521], [30.8669999984513, 57.0689999996504]]], [[[30.8130000029479, 57.0509999996505], [30.8149999998503, 57.0524999995755], [30.8152499987886, 57.0517499991633], [30.8130000029479, 57.0509999996505]]], [[[30.7952500018862, 57.0457500003624], [30.7987499987136, 57.0469999995505], [30.7954999990259, 57.044500000275], [30.7952500018862, 57.0457500003624]]], [[[30.8027499997129, 57.0490000000501], [30.8057499986637, 57.0487499993132], [30.8020000002, 57.0472500002875], [30.8027499997129, 57.0490000000501]]], [[[30.8442499988386, 57.0642500000376], [30.8449999992507, 57.0627499992133], [30.8437500000626, 57.0627499992133], [30.8442499988386, 57.0642500000376]]], [[[30.751749999563, 57.0307499993132], [30.7510000000501, 57.0277499994631], [30.7460000014991, 57.0274999996254], [30.7487500006122, 57.0282500000376], [30.751749999563, 57.0307499993132]]], [[[30.7392499986887, 57.0252499992882], [30.7407500004123, 57.0267499992133], [30.7407500004123, 57.0259999997004], [30.7392499986887, 57.0252499992882]]], [[[30.742750000912, 57.0267499992133], [30.7452499992882, 57.0267499992133], [30.7452500001875, 57.026249999538], [30.742750000912, 57.0267499992133]]], [[[30.8065000008745, 57.0529999992508], [30.8092499999877, 57.0524999995755], [30.8064999981766, 57.0519999999003], [30.8065000008745, 57.0529999992508]]], [[[30.8412499989884, 57.0657499999627], [30.8432500012867, 57.0662499996379], [30.8439999981016, 57.0657499999627], [30.8412499989884, 57.0657499999627]]], [[[30.8447500003124, 57.0672499998877], [30.8492500000876, 57.0674999997254], [30.8432500003874, 57.0669999991508], [30.8447500003124, 57.0672499998877]]], [[[30.8310000011493, 57.062249999538], [30.8325000001751, 57.0637499994631], [30.8335000013242, 57.0629999999502], [30.8310000011493, 57.062249999538]]], [[[30.8202500000376, 57.0609999985513], [30.8247500007121, 57.0615000000251], [30.8292499986887, 57.0590000007496], [30.8225000003749, 57.0572499991883], [30.8202500000376, 57.0609999985513]], [[30.8227499993132, 57.0602499999377], [30.8234999997254, 57.0597500002625], [30.823499998826, 57.060250000837], [30.8227499993132, 57.0602499999377]], [[30.8235000006247, 57.0595000004249], [30.8237499986637, 57.0592500005872], [30.823749999563, 57.0594999995255], [30.8235000006247, 57.0595000004249]]], [[[30.8447500012118, 57.0689999996504], [30.8460000021985, 57.0699999999002], [30.8462499984389, 57.0694999993257], [30.8447500012118, 57.0689999996504]]], [[[30.8150000007496, 57.0599999992008], [30.8159999992008, 57.0582499994381], [30.8155000004248, 57.0582499985388], [30.8150000007496, 57.0599999992008]]], [[[30.8702499999377, 57.0797499998628], [30.8724999993756, 57.0809999999502], [30.8729999990509, 57.080249999538], [30.8702499999377, 57.0797499998628]]], [[[30.7615000004249, 57.0409999998503], [30.7634999991258, 57.0414999986262], [30.764249999538, 57.0404999992757], [30.7615000004249, 57.0409999998503]]], [[[30.8219999998003, 57.0629999999502], [30.8239999994006, 57.0640000002], [30.8245000008745, 57.0629999999502], [30.8219999998003, 57.0629999999502]]], [[[30.8065000008745, 57.0572499991883], [30.8072500003874, 57.0585000001751], [30.8124999996754, 57.0602499999377], [30.8082500006372, 57.0554999994256], [30.8065000008745, 57.0572499991883]], [[30.8070000014491, 57.0569999993506], [30.8072500003874, 57.0567500004124], [30.8072499994881, 57.0569999993506], [30.8070000014491, 57.0569999993506]]], [[[30.830749999513, 57.0664999994756], [30.8342499990384, 57.0684999999752], [30.834749996915, 57.0664999994756], [30.830749999513, 57.0664999994756]]], [[[30.8659999982015, 57.081749999463], [30.8667500013117, 57.0804999993757], [30.8660000008995, 57.0804999993757], [30.8659999982015, 57.081749999463]]], [[[30.8547500019112, 57.0767500000127], [30.853999998801, 57.0757499997628], [30.8520000001001, 57.0774999995255], [30.8547500019112, 57.0767500000127]]], [[[30.7942499998378, 57.0569999993506], [30.7962500003374, 57.0577499997629], [30.7972500005872, 57.0572499991883], [30.7942499998378, 57.0569999993506]]], [[[30.854500000275, 57.0777499993632], [30.8522499990384, 57.0799999988011], [30.8564999989759, 57.0797499998628], [30.8579999998003, 57.0774999995255], [30.854500000275, 57.0777499993632]], [[30.8552499988885, 57.0780000001001], [30.8555000014241, 57.0777499993632], [30.8554999987261, 57.0779999992008], [30.8552499988885, 57.0780000001001]], [[30.8547499992133, 57.0787500005123], [30.8542500013367, 57.0789999994506], [30.8542500013367, 57.078749999613], [30.8547499992133, 57.0787500005123]]], [[[30.7870000000501, 57.0560000000002], [30.7917499987636, 57.0582499994381], [30.7927500017114, 57.0579999996005], [30.7870000000501, 57.0560000000002]]], [[[30.8804999995755, 57.0904999991758], [30.8827499999127, 57.091249999588], [30.8827500008121, 57.0909999997504], [30.8804999995755, 57.0904999991758]]], [[[30.7954999999252, 57.0610000003499], [30.7975000004249, 57.0607499996129], [30.7954999990259, 57.0607499987136], [30.7954999999252, 57.0610000003499]]], [[[30.8037499990634, 57.0642500000376], [30.8054999997254, 57.0642500000376], [30.8055000006247, 57.0640000002], [30.8052499989884, 57.0635000005248], [30.8042500005372, 57.0634999987261], [30.8037499990634, 57.0642500000376]], [[30.8047500020111, 57.0639999993007], [30.8050000000501, 57.0637499994631], [30.8050000000501, 57.0640000002], [30.8047500020111, 57.0639999993007]]], [[[30.8095000007246, 57.0664999994756], [30.8122499998378, 57.0654999992258], [30.8094999980266, 57.0654999992258], [30.8095000007246, 57.0664999994756]]], [[[30.7869999982515, 57.0577499997628], [30.7887499971149, 57.0584999992757], [30.7887499998128, 57.0582499994381], [30.7869999982515, 57.0577499997628]]], [[[30.8399999998003, 57.0784999997753], [30.8517500002625, 57.0772499996879], [30.8535000000251, 57.0749999993507], [30.847249999588, 57.0729999997504], [30.8352499992882, 57.0740000000002], [30.8362500004374, 57.0764999992757], [30.8425000008745, 57.0759999987011], [30.8399999998003, 57.0784999997753]], [[30.8454999998253, 57.0764999992757], [30.8435000011243, 57.0772499996879], [30.8434999993257, 57.0767500000127], [30.8454999998253, 57.0764999992757]], [[30.8457500005622, 57.0777499993632], [30.8460000012992, 57.0774999995255], [30.8460000003998, 57.0777499993632], [30.8457500005622, 57.0777499993632]], [[30.8372500015865, 57.0752499991883], [30.8389999986512, 57.0757499997628], [30.8372499997878, 57.0755000008245], [30.8372500015865, 57.0752499991883]], [[30.8465000000751, 57.0764999992757], [30.8457499996629, 57.0757499997628], [30.8467499999127, 57.07500000025], [30.8465000000751, 57.0764999992757]], [[30.847249999588, 57.0769999998503], [30.8485000005747, 57.0764999992757], [30.8482500016364, 57.0772500005872], [30.847249999588, 57.0769999998503]], [[30.8512499987886, 57.074749999513], [30.8517500002625, 57.0744999996754], [30.8517499984638, 57.074749999513], [30.8512499987886, 57.074749999513]]], [[[30.8079999999002, 57.0672499998877], [30.8090000010494, 57.0664999985763], [30.8079999981016, 57.0664999994756], [30.8079999999002, 57.0672499998877]]], [[[30.8420000002999, 57.0795000000252], [30.8449999992507, 57.0799999997004], [30.8459999986012, 57.0789999985513], [30.8420000002999, 57.0795000000252]]], [[[30.8327499991133, 57.0759999996005], [30.8347500005123, 57.0767500000127], [30.8347499987136, 57.0762499994381], [30.8327499991133, 57.0759999996005]]], [[[30.8045000003749, 57.0649999995505], [30.8054999988261, 57.0667499993132], [30.8062500001375, 57.0654999983264], [30.8045000003749, 57.0649999995505]]], [[[30.8787500007121, 57.0939999996004], [30.8802499988386, 57.093249998289], [30.8787499989135, 57.0929999984513], [30.8787500007121, 57.0939999996004]]], [[[30.7899999999003, 57.0607499996129], [30.792999998851, 57.0630000008495], [30.7952500018862, 57.0629999990509], [30.7930000006497, 57.0599999992008], [30.7899999999003, 57.0607499996129]]], [[[30.827250000887, 57.0749999993507], [30.8297500001626, 57.0762499985387], [30.8297499992632, 57.0749999984513], [30.827250000887, 57.0749999993507]]], [[[30.8352499992882, 57.0772499987886], [30.8374999987261, 57.0792499992882], [30.8374999996254, 57.0782499999377], [30.8352499992882, 57.0772499987886]]], [[[30.8392500011868, 57.080249999538], [30.8402499987386, 57.0789999994506], [30.8389999986512, 57.0789999994506], [30.8392500011868, 57.080249999538]]], [[[30.785750000862, 57.0604999997753], [30.7875000006247, 57.0609999994506], [30.787499998826, 57.0604999997753], [30.785750000862, 57.0604999997753]]], [[[30.7997499998627, 57.0659999998003], [30.8017499994631, 57.0649999995505], [30.7997499980641, 57.0652499993881], [30.7997499998627, 57.0659999998003]]], [[[30.8417499977643, 57.0814999996255], [30.843249999488, 57.0804999993757], [30.841749999563, 57.0807499992133], [30.8417499977643, 57.0814999996255]]], [[[30.8345000006747, 57.0797499998628], [30.8340000001001, 57.0784999997753], [30.8324999992757, 57.0795000000252], [30.8345000006747, 57.0797499998628]]], [[[30.8054999988261, 57.0682499992382], [30.8117499992632, 57.0712499999877], [30.818500000275, 57.0662499996379], [30.8054999988261, 57.0682499992382]], [[30.8117499983639, 57.0689999996504], [30.8120000008995, 57.0687500007122], [30.8120000008995, 57.0689999996504], [30.8117499983639, 57.0689999996504]], [[30.8117500001625, 57.0684999999752], [30.8119999982015, 57.0682500001375], [30.8119999973022, 57.0684999999752], [30.8117500001625, 57.0684999999752]]], [[[30.8967499998128, 57.1027499993132], [30.8980000016989, 57.1019999998003], [30.8970000005497, 57.1019999998003], [30.8967499998128, 57.1027499993132]]], [[[30.7910000001501, 57.0642500000376], [30.7884999972772, 57.0604999997753], [30.787500001524, 57.0632499997878], [30.7910000001501, 57.0642500000376]]], [[[30.791499998926, 57.0647499997129], [30.7959999978018, 57.0670000000501], [30.7967500027106, 57.0634999996254], [30.791499998926, 57.0647499997129]]], [[[30.8990000010494, 57.1047500007122], [30.8957500013616, 57.103749999563], [30.8934999983264, 57.1024999994756], [30.8969999987511, 57.1049999996504], [30.8990000010494, 57.1047500007122]]], [[[30.8802499988386, 57.0992500006871], [30.8822500011368, 57.100250000937], [30.8825000000751, 57.0994999996255], [30.8802499988386, 57.0992500006871]]], [[[30.79500000025, 57.0689999996504], [30.798499998876, 57.0702499997379], [30.8014999987261, 57.0699999999002], [30.7997499980641, 57.0662499996379], [30.79500000025, 57.0689999996504]]], [[[30.9147499998128, 57.1132500005872], [30.9162500006372, 57.1142499981391], [30.9162499988386, 57.1139999992008], [30.9147499998128, 57.1132500005872]]], [[[30.8682500012367, 57.098249999538], [30.8682500021361, 57.0972499992882], [30.8675000008245, 57.098249999538], [30.8682500012367, 57.098249999538]]], [[[30.9132499980891, 57.1149999994505], [30.9152500012867, 57.114749999613], [30.9134999988261, 57.1142499999377], [30.9132499980891, 57.1149999994505]]], [[[30.7969999998503, 57.0717499996629], [30.79500000025, 57.0689999996504], [30.7880000011992, 57.0654999992258], [30.7882499992382, 57.0684999999752], [30.7942500007371, 57.0722499993382], [30.7969999998503, 57.0717499996629]]], [[[30.7977499993631, 57.0717499996629], [30.8024999989759, 57.0724999982764], [30.8032500011868, 57.0704999995755], [30.7977499993631, 57.0717499996629]]], [[[30.8854999999252, 57.1052499994881], [30.8879999983014, 57.1069999992507], [30.8884999997753, 57.1062499988386], [30.8854999999252, 57.1052499994881]]], [[[30.7907500003124, 57.0709999983514], [30.7839999984014, 57.0687499998128], [30.7829999999502, 57.0702499997379], [30.7907500003124, 57.0709999983514]], [[30.7842499991383, 57.0699999999002], [30.7840000002, 57.0702499988386], [30.7840000002, 57.0699999999002], [30.7842499991383, 57.0699999999002]]], [[[30.8625000004748, 57.0992499988885], [30.8642500020362, 57.0987499992133], [30.8624999995755, 57.0987500001126], [30.8625000004748, 57.0992499988885]]], [[[30.7882500010369, 57.0722499984388], [30.7909999992507, 57.0729999997504], [30.7917499996629, 57.0717499996629], [30.7882500010369, 57.0722499984388]]], [[[30.8795000011243, 57.1062499997379], [30.8835000012243, 57.1072499999877], [30.8835000003249, 57.1062499997379], [30.8795000011243, 57.1062499997379]]], [[[30.7747500008121, 57.0684999999752], [30.7760000000002, 57.0692499994881], [30.7760000008995, 57.0687499998128], [30.7747500008121, 57.0684999999752]]], [[[30.8920000002, 57.1117499997628], [30.8944999994756, 57.1114999999252], [30.8957499986637, 57.1100000000002], [30.8920000002, 57.1117499997628]]], [[[30.8845000005747, 57.1092499986887], [30.886999998951, 57.1100000000002], [30.8882499981391, 57.1092499986887], [30.8845000005747, 57.1092499986887]]], [[[30.8677499997628, 57.1039999994006], [30.8697499993631, 57.1032500007871], [30.8677499979642, 57.1037499986637], [30.8677499997628, 57.1039999994006]]], [[[30.895499998826, 57.1137499993632], [30.8964999999752, 57.1152499983889], [30.897500000225, 57.1139999992008], [30.895499998826, 57.1137499993632]]], [[[30.8852499982889, 57.1119999996005], [30.8869999980516, 57.1127500000127], [30.8869999998503, 57.1119999987012], [30.8852499982889, 57.1119999996005]]], [[[30.8257499991633, 57.0894999998253], [30.8273190975984, 57.0914264240903], [30.8278325933996, 57.0896264508002], [30.8257499991633, 57.0894999998253]]], [[[30.8637499987636, 57.1052500012867], [30.864999998851, 57.1044999999752], [30.8637499996629, 57.1047500007121], [30.8637499987636, 57.1052500012867]]], [[[30.9562500016364, 57.1382499996379], [30.9569999993507, 57.1392499998878], [30.9575000008246, 57.1384999994756], [30.9562500016364, 57.1382499996379]]], [[[30.8402499996379, 57.0999999993007], [30.843749998264, 57.1004999998752], [30.8439999999002, 57.0999999993007], [30.8402499996379, 57.0999999993007]]], [[[30.8454999998253, 57.1032500007871], [30.8537499998628, 57.1047499998128], [30.8545000020736, 57.1022500005372], [30.8582500005373, 57.103749999563], [30.8622500006372, 57.1024999994756], [30.8604999990758, 57.1004999998752], [30.8619999990009, 57.1012500002875], [30.8632499999877, 57.1007499997129], [30.852250000837, 57.0997499985638], [30.8454999998253, 57.1032500007871]], [[30.8535000009244, 57.1022499996379], [30.8542500013367, 57.1019999998003], [30.8542500004373, 57.1022499996379], [30.8535000009244, 57.1022499996379]], [[30.8554999996255, 57.1017499999627], [30.8557500003624, 57.1014999992258], [30.8557500003624, 57.1017499990634], [30.8554999996255, 57.1017499999627]], [[30.8612499994881, 57.1019999998003], [30.8615000011243, 57.1017499999627], [30.8614999984263, 57.1019999998004], [30.8612499994881, 57.1019999998003]]], [[[30.9259999997004, 57.1329999994506], [30.9274999996255, 57.1322499999377], [30.9259999997004, 57.1322499999377], [30.9259999997004, 57.1329999994506]]], [[[30.9082500013367, 57.1260000012992], [30.9104999998752, 57.1257499996629], [30.9072499992882, 57.1257499996629], [30.9082500013367, 57.1260000012992]]], [[[30.814750000912, 57.0927500013117], [30.8162499990384, 57.093249998289], [30.8162499990384, 57.0927500004124], [30.814750000912, 57.0927500013117]]], [[[30.8692499987886, 57.1152499992882], [30.868750000912, 57.1139999983014], [30.8675000008245, 57.1152499992882], [30.8692499987886, 57.1152499992882]]], [[[30.8892500001875, 57.1222499983389], [30.8897499998628, 57.1237499991633], [30.8904999984763, 57.1229999987511], [30.8892500001875, 57.1222499983389]]], [[[30.8577499999627, 57.1129999998503], [30.8594999997254, 57.1129999998503], [30.8577500017614, 57.112500000175], [30.8577499999627, 57.1129999998503]]], [[[30.8792500003874, 57.1202499987386], [30.8812499990884, 57.1212499989884], [30.881250000887, 57.120249999638], [30.8792500003874, 57.1202499987386]]], [[[30.9375000012242, 57.1414999993257], [30.9397499997629, 57.1424999995755], [30.9399999987011, 57.1417499991633], [30.9375000012242, 57.1414999993257]]], [[[30.8217499990634, 57.0987499992133], [30.8232499980891, 57.1007499997129], [30.8237500004623, 57.0994999987261], [30.8217499990634, 57.0987499992133]]], [[[30.8857499988635, 57.1234999993257], [30.8870000007496, 57.1239999999002], [30.8867500000127, 57.1227499998128], [30.8857499988635, 57.1234999993257]]], [[[30.8247500007121, 57.1009999995505], [30.8267500003124, 57.1019999998003], [30.8272499990883, 57.1012499993881], [30.8247500007121, 57.1009999995505]]], [[[30.886500000175, 57.1252499999877], [30.8855000008246, 57.1244999995755], [30.8855000008245, 57.1252499999877], [30.886500000175, 57.1252499999877]]], [[[30.8535000018238, 57.1135000004248], [30.8524999997753, 57.1127500000127], [30.8522499990384, 57.1134999995255], [30.8535000018238, 57.1135000004248]]], [[[30.8802499997379, 57.1244999995755], [30.88100000015, 57.1237499991633], [30.8800000007996, 57.1237500000626], [30.8802499997379, 57.1244999995755]]], [[[30.839750000862, 57.1084999991758], [30.8437499991633, 57.1082499984388], [30.8369999990509, 57.1067499985138], [30.839750000862, 57.1084999991758]]], [[[30.8937499990633, 57.1289999984513], [30.8950000000501, 57.1299999996004], [30.8954999997254, 57.1302499994381], [30.8937499990633, 57.1289999984513]]], [[[30.9144999999752, 57.1377499999627], [30.9140000003, 57.1364999998752], [30.9135000006247, 57.1377499999627], [30.9144999999752, 57.1377499999627]]], [[[30.8342500017363, 57.1074999998253], [30.8372500006872, 57.1100000008995], [30.8369999999502, 57.1074999998253], [30.8342500017363, 57.1074999998253]]], [[[30.8274999998253, 57.1069999992507], [30.8289999997504, 57.1062499997379], [30.8275000016239, 57.1062500006372], [30.8274999998253, 57.1069999992507]]], [[[30.8297499983639, 57.1067499994131], [30.827250000887, 57.1079999995005], [30.8300000000002, 57.1082499984389], [30.8297499983639, 57.1067499994131]]], [[[30.843500000225, 57.1132499996879], [30.8575000019237, 57.1104999996754], [30.8602500010369, 57.1069999983514], [30.8502500003374, 57.1057500000626], [30.843500000225, 57.1132499996879]], [[30.8497499997628, 57.110749999513], [30.8485000005747, 57.1100000008995], [30.8492500018862, 57.109249999588], [30.8497499997628, 57.110749999513]], [[30.8547500019112, 57.109249999588], [30.8534999991258, 57.1084999991758], [30.8547500010119, 57.1087499999127], [30.8547500019112, 57.109249999588]], [[30.8532500001875, 57.1084999991758], [30.8530000003499, 57.108750000812], [30.8530000021485, 57.1084999982764], [30.8532500001875, 57.1084999991758]], [[30.8519999983014, 57.1069999983514], [30.8517500002625, 57.1067499994131], [30.8520000009994, 57.1067499994131], [30.8519999983014, 57.1069999983514]], [[30.8587500011118, 57.1074999998253], [30.8592500007871, 57.1072499999877], [30.8592499998878, 57.1074999989259], [30.8587500011118, 57.1074999998253]]], [[[30.9802500013367, 57.1684999997754], [30.9825000007746, 57.1697500007621], [30.9825000025732, 57.1692499992882], [30.9802500013367, 57.1684999997754]]], [[[30.8482499989385, 57.1222499992382], [30.8495000008245, 57.1242499997379], [30.8509999998503, 57.1229999987511], [30.8482499989385, 57.1222499992382]]], [[[30.8700000001001, 57.1329999994506], [30.8732500015865, 57.1332499992882], [30.8734999987261, 57.1324999997753], [30.8700000001001, 57.1329999994506]]], [[[30.9652500002874, 57.1664999992757], [30.9662499996379, 57.1695000000252], [30.9724999991758, 57.170249999538], [30.9670000000501, 57.1662499994381], [30.9652500002874, 57.1664999992757]]], [[[30.8645000009744, 57.1324999997753], [30.8649999997504, 57.1337499998627], [30.8660000000002, 57.1327499996129], [30.8645000009744, 57.1324999997753]]], [[[30.8582499987386, 57.1319999992008], [30.8620000016989, 57.1324999997753], [30.8582499987386, 57.1312499987886], [30.8582499987386, 57.1319999992008]]], [[[30.7887499998128, 57.1064999995755], [30.7910000001501, 57.1054999993257], [30.785749998164, 57.1052499985887], [30.7887499998128, 57.1064999995755]]], [[[30.8612499994881, 57.1335000000251], [30.8590000009494, 57.1327499996129], [30.8587500002125, 57.1332499983889], [30.8612499994881, 57.1335000000251]]], [[[30.7982499999377, 57.1117499997628], [30.7997499998627, 57.1109999984513], [30.7974999995255, 57.1102500007371], [30.7982499999377, 57.1117499997628]]], [[[30.8827499999127, 57.1432499999877], [30.8857500006621, 57.1432499999877], [30.8827499999127, 57.1429999992507], [30.8827499999127, 57.1432499999877]]], [[[30.7934999994256, 57.1114999999252], [30.7937500010619, 57.1102499989385], [30.7925000018738, 57.1114999999252], [30.7934999994256, 57.1114999999252]]], [[[30.8570000013491, 57.1337499998627], [30.8642500002375, 57.1359999993007], [30.8664999996754, 57.1345000002749], [30.8570000013491, 57.1337499998627]], [[30.8640000012992, 57.1349999999502], [30.8642500011368, 57.1347499992133], [30.8642500020362, 57.1349999999502], [30.8640000012992, 57.1349999999502]]], [[[30.8698524977947, 57.1397376347842], [30.8687497751822, 57.1382300607689], [30.867470987796, 57.1385550361861], [30.8698524977947, 57.1397376347842]]], [[[30.9439999988011, 57.1672499996879], [30.9457500003624, 57.1682499999377], [30.9454999987261, 57.166999998951], [30.9439999988011, 57.1672499996879]]], [[[30.8825000000751, 57.1449999988511], [30.8837500001625, 57.1459999991009], [30.8837500010619, 57.1449999997504], [30.8825000000751, 57.1449999988511]]], [[[30.8600000002999, 57.1372499984888], [30.8587500002125, 57.1379999998003], [30.8600000011992, 57.1377499999627], [30.8600000002999, 57.1372499984888]]], [[[30.8570000004498, 57.1374999992257], [30.8582499987386, 57.1364999998752], [30.8575000001251, 57.1365000007746], [30.8570000004498, 57.1374999992257]]], [[[30.8632499990883, 57.1402499992382], [30.8637500005622, 57.1392499989884], [30.8627500003124, 57.1392499998877], [30.8632499990883, 57.1402499992382]]], [[[30.8492500000876, 57.1352499997878], [30.8502500021361, 57.1337499998628], [30.8492500000876, 57.1339999997004], [30.8492500000876, 57.1352499997878]]], [[[30.9550000006496, 57.1727500006122], [30.9555000012243, 57.1739999998003], [30.9564999996754, 57.1729999995505], [30.9550000006496, 57.1727500006122]]], [[[30.7902500006372, 57.1152499992882], [30.7910000010494, 57.1139999992008], [30.7900000007996, 57.1142499999377], [30.7902500006372, 57.1152499992882]]], [[[30.9292500002874, 57.1652499991883], [30.9312499998878, 57.1659999996004], [30.9312500007871, 57.1654999999252], [30.9292500002874, 57.1652499991883]]], [[[30.9492499998877, 57.1732499984888], [30.9502500001375, 57.1739999998004], [30.9509999996504, 57.1732499993881], [30.9492499998877, 57.1732499984888]]], [[[30.9554999985263, 57.1754999997254], [30.9575000008246, 57.1765000008745], [30.9574999999252, 57.1759999994007], [30.9554999985263, 57.1754999997254]]], [[[30.7917499969649, 57.1149999994505], [30.7930000006497, 57.1179999984014], [30.7970000007496, 57.1182499991383], [30.7962499994381, 57.115999998801], [30.7917499969649, 57.1149999994505]]], [[[30.9610000003499, 57.17900000015], [30.9627499983139, 57.1799999995005], [30.9627500001126, 57.1797499996629], [30.9610000003499, 57.17900000015]]], [[[30.9382500007371, 57.1727499997129], [30.9399999987011, 57.1724999989759], [30.9382500007371, 57.1724999989759], [30.9382500007371, 57.1727499997129]]], [[[30.8599999994006, 57.1437499996629], [30.8604999999752, 57.1444999991758], [30.8609999987511, 57.1437499996629], [30.8599999994006, 57.1437499996629]]], [[[30.841749999563, 57.1394999997254], [30.8429999996504, 57.1392499989884], [30.8419999985013, 57.1390000000501], [30.841749999563, 57.1394999997254]]], [[[30.8269999992507, 57.134500000275], [30.8292499986887, 57.1350000008495], [30.8292500004873, 57.1345000002749], [30.8269999992507, 57.134500000275]]], [[[30.8442500006372, 57.1399999994006], [30.8467500017114, 57.1409999996504], [30.847249999588, 57.1394999997254], [30.8442500006372, 57.1399999994006]]], [[[30.8399999998003, 57.1405000008745], [30.8409999991508, 57.1392499998877], [30.8394999992257, 57.1394999997254], [30.8399999998003, 57.1405000008745]]], [[[30.8660000000002, 57.150250000837], [30.86700000025, 57.1494999995255], [30.8659999982015, 57.1497500002625], [30.8660000000002, 57.150250000837]]], [[[30.7865000021735, 57.1214999997253], [30.7897500009619, 57.1229999996504], [30.7902500006372, 57.1224999999752], [30.7865000021735, 57.1214999997253]]], [[[30.8267499994131, 57.1359999993007], [30.8292499986887, 57.1374999992257], [30.828999998851, 57.1354999996254], [30.8267499994131, 57.1359999993007]]], [[[30.8525000006746, 57.1469999993507], [30.8550000008495, 57.1460000000002], [30.8525000006746, 57.1454999994256], [30.8525000006746, 57.1469999993507]]], [[[30.8335000004249, 57.139749999563], [30.8377499994631, 57.1417499991633], [30.8380000002, 57.1404999999752], [30.8335000004249, 57.139749999563]]], [[[30.8480000000002, 57.1472500000876], [30.8510000007496, 57.1464999996754], [30.8484999996754, 57.1462499989385], [30.8480000000002, 57.1472500000876]]], [[[30.9860000011993, 57.1969999992508], [30.9900000003998, 57.1964999995755], [30.9865000008745, 57.1947499998128], [30.9860000011993, 57.1969999992508]]], [[[30.8404999994756, 57.1454999994256], [30.8480000000002, 57.1454999994256], [30.8485000005747, 57.1444999991758], [30.8437499991633, 57.1434999989259], [30.8404999994756, 57.1454999994256]]], [[[30.8924999998753, 57.1644999996754], [30.8942500014366, 57.1654999999252], [30.8950000018488, 57.1644999996754], [30.8924999998753, 57.1644999996754]]], [[[30.9860000003, 57.1974999998253], [30.9879999999002, 57.1994999994256], [30.9884999995755, 57.198999998851], [30.9860000003, 57.1974999998253]]], [[[30.9557500010619, 57.1877499998628], [30.955249999588, 57.1882499986387], [30.9574999999252, 57.1887499992133], [30.9557500010619, 57.1877499998628]]], [[[30.8147499991134, 57.1374999992257], [30.8180000005997, 57.1390000000501], [30.818249999538, 57.1377499999627], [30.8147499991134, 57.1374999992257]]], [[[30.9585000010744, 57.1877499998628], [30.9624999993756, 57.1907499997129], [30.9632499997878, 57.1884999984763], [30.9585000010744, 57.1877499998628]]], [[[30.9144999999752, 57.1747499993132], [30.9162499997379, 57.1729999995505], [30.9119999980017, 57.1722500000377], [30.911999998901, 57.1735000001251], [30.9144999999752, 57.1747499993132]], [[30.913749999563, 57.1732500002875], [30.9147500007121, 57.1729999995505], [30.9147500025108, 57.1734999992258], [30.913749999563, 57.1732500002875]]], [[[30.9649999986512, 57.1914999992258], [30.9667500011118, 57.1930000000501], [30.9667500002125, 57.1919999998003], [30.9649999986512, 57.1914999992258]]], [[[30.8979999981016, 57.1689999994506], [30.8995000016239, 57.1697499998627], [30.9002500011368, 57.1692499992882], [30.8979999981016, 57.1689999994506]]], [[[31.0185000007746, 57.2137499991633], [31.0212500007871, 57.2147499985138], [31.021749999563, 57.2145000004748], [31.0185000007746, 57.2137499991633]]], [[[30.9707500012117, 57.1962500006372], [30.9710000001501, 57.1972499990883], [30.9717500005622, 57.1972499999876], [30.9707500012117, 57.1962500006372]]], [[[30.8465000000751, 57.1529999999502], [30.8475000012243, 57.152500000275], [30.8465000000751, 57.1524999993757], [30.8465000000751, 57.1529999999502]]], [[[30.9045000010744, 57.1734999992257], [30.9060000001001, 57.1744999994756], [30.9052500014865, 57.1732499993881], [30.9045000010744, 57.1734999992257]]], [[[30.8484999996754, 57.1544999998753], [30.8499999996005, 57.1542500000376], [30.8485000014741, 57.1539999993007], [30.8484999996754, 57.1544999998753]]], [[[30.850750000912, 57.1552500002874], [30.8525000006746, 57.1549999995505], [30.850500000175, 57.1544999998753], [30.850750000912, 57.1552500002874]]], [[[30.9584999992757, 57.1942499992383], [30.9594999995255, 57.1939999985013], [30.9582500003374, 57.1934999997253], [30.9584999992757, 57.1942499992383]]], [[[31.0047499998128, 57.2112499989884], [31.0074999998253, 57.2112499989884], [31.0047499998128, 57.2107499993132], [31.0047499998128, 57.2112499989884]]], [[[30.9344999986762, 57.1862499999378], [30.9344999995755, 57.1847500000127], [30.9330000005497, 57.1862499999378], [30.9344999986762, 57.1862499999378]]], [[[30.9720000012992, 57.2000000008995], [30.9617499980641, 57.1930000009494], [30.9595000013242, 57.1934999997254], [30.9622500013367, 57.1982499993381], [30.9720000012992, 57.2000000008995]], [[30.9659999998003, 57.1967499994131], [30.9665000012742, 57.1970000001501], [30.9660000006996, 57.1969999992507], [30.9659999998003, 57.1967499994131]]], [[[30.9212500000876, 57.1830000011493], [30.9222499994381, 57.1837499997628], [30.922750000912, 57.1832499991883], [30.9212500000876, 57.1830000011493]]], [[[30.9104999989759, 57.1797499996629], [30.9114999992257, 57.1804999991758], [30.9120000006997, 57.1794999998253], [30.9104999989759, 57.1797499996629]]], [[[31.0019999998003, 57.2139999999002], [31.0082499984388, 57.2162499993382], [31.0094999994256, 57.2152499990884], [31.0019999998003, 57.2139999999002]]], [[[30.8924999989759, 57.175999997602], [30.8934999992258, 57.1747499993132], [30.8922500000376, 57.1745000003749], [30.8924999989759, 57.175999997602]]], [[[30.9097499994631, 57.1824999996754], [30.9109999977518, 57.181249999588], [30.9094999987261, 57.1809999997504], [30.9097499994631, 57.1824999996754]]], [[[30.9157500000626, 57.1847499991134], [30.9167500012118, 57.1842500003374], [30.9157500018613, 57.1839999996005], [30.9157500000626, 57.1847499991134]]], [[[30.8792500003874, 57.1704999993756], [30.8827499990134, 57.1719999993007], [30.8847499986137, 57.1700000005997], [30.8792500003874, 57.1704999993756]]], [[[30.9015000003249, 57.1809999997504], [30.9024999996754, 57.1804999991758], [30.9015000003249, 57.1804999991758], [30.9015000003249, 57.1809999997504]]], [[[30.947750000862, 57.1977499996629], [30.9485000012742, 57.1974999998253], [30.9494999997254, 57.1957499991633], [30.9490000000501, 57.1949999996504], [30.947750000862, 57.1977499996629]]], [[[30.987500000225, 57.2122499992382], [30.9919999991009, 57.2139999999002], [30.9942500012367, 57.2144999995755], [30.9907500008121, 57.2110000009495], [30.987500000225, 57.2122499992382]]], [[[30.9942500003374, 57.2149999992507], [30.9954999995255, 57.2162499984389], [30.9972500001875, 57.2152499990884], [30.9942500003374, 57.2149999992507]]], [[[31.0057500000626, 57.2199999987012], [31.0047499980142, 57.2189999993507], [31.0042500001376, 57.2199999987012], [31.0057500000626, 57.2199999987012]]], [[[31.0000000010994, 57.2155000007246], [31.0027500002125, 57.2167500017114], [30.9987499992133, 57.2137499991633], [31.0000000010994, 57.2155000007246]]], [[[30.8979999990009, 57.1825000005748], [30.8989999992507, 57.1817499992632], [30.897500000225, 57.1817499992632], [30.8979999990009, 57.1825000005748]]], [[[30.9332499985887, 57.1949999996504], [30.9320000011992, 57.1942499983389], [30.9312499998878, 57.1949999987511], [30.9332499985887, 57.1949999996504]]], [[[31.0080000012992, 57.2222499999378], [31.0099999991008, 57.222749999613], [31.0095000012242, 57.2212499996879], [31.0080000012992, 57.2222499999378]]], [[[30.9072499992882, 57.1862499999378], [30.9092499997879, 57.1870000003499], [30.9092500006872, 57.186749999613], [30.9072499992882, 57.1862499999378]]], [[[30.9227500000127, 57.1932499998878], [30.9240000018987, 57.1942500001376], [30.924250000837, 57.193499998826], [30.9227500000127, 57.1932499998878]]], [[[30.9294999992258, 57.1969999992507], [30.931499998826, 57.1969999983514], [30.9297499999627, 57.1957499991633], [30.9294999992258, 57.1969999992507]]], [[[30.8930000004498, 57.1839999996005], [30.8939999998003, 57.1832499991883], [30.8929999986512, 57.1832499991883], [30.8930000004498, 57.1839999996005]]], [[[30.8715000000251, 57.1752499998878], [30.8844999996754, 57.1767499998128], [30.8787500007121, 57.1719999993007], [30.8715000000251, 57.1752499998878]]], [[[30.9342499979392, 57.1974999998253], [30.9380000000002, 57.2000000000002], [30.9362500011368, 57.1969999983514], [30.9342499979392, 57.1974999998253]]], [[[30.8792500003874, 57.1812500004873], [30.8807499994131, 57.1819999991009], [30.8807499994131, 57.1817499983639], [30.8792500003874, 57.1812500004873]]], [[[30.8619999999003, 57.1774999984264], [30.8635000007246, 57.175749999563], [30.8627499994131, 57.1754999997254], [30.8619999999003, 57.1774999984264]]], [[[30.9267499992133, 57.2002499998378], [30.9297499999627, 57.2022500003374], [30.930249999638, 57.2004999996754], [30.9267499992133, 57.2002499998378]]], [[[30.9820000002, 57.2212500005872], [30.9832500002875, 57.2212499996879], [30.9820000010993, 57.2207500000127], [30.9820000002, 57.2212500005872]]], [[[30.8687499991133, 57.1807499999127], [30.8702499999377, 57.1799999995005], [30.868749998214, 57.1800000003998], [30.8687499991133, 57.1807499999127]]], [[[31.0019999971024, 57.2294999997254], [31.0047500007121, 57.2299999994006], [31.005500000225, 57.227750000862], [31.0019999971024, 57.2294999997254]]], [[[31.0009999986512, 57.2309999987511], [31.0024999994756, 57.2319999999003], [31.0040000011992, 57.2302499992383], [31.0009999986512, 57.2309999987511]]], [[[30.901249999588, 57.1974999998253], [30.9069999994506, 57.1977499996629], [30.9070000021485, 57.1982499984388], [30.9080000005997, 57.1982499993382], [30.9052499987886, 57.1959999999003], [30.901249999588, 57.1974999998253]]], [[[30.8960000011992, 57.1962499997379], [30.8972500003874, 57.1972499990884], [30.8972500003874, 57.1964999995755], [30.8960000011992, 57.1962499997379]]], [[[30.9257500016614, 57.2077499994631], [30.9269999981516, 57.2084999998752], [30.9272499979892, 57.2079999993007], [30.9257500016614, 57.2077499994631]]], [[[30.9274999996255, 57.2134999984264], [30.9260000014991, 57.2152499999877], [30.9274999996255, 57.2139999999003], [30.9274999996255, 57.2134999984264]]], [[[30.9167500003124, 57.2122499992382], [30.9252500019862, 57.2112500007871], [30.9167500012118, 57.2102499987386], [30.9167500003124, 57.2122499992382]]], [[[30.9224999983764, 57.2144999995755], [30.9244999997753, 57.2144999986762], [30.9230000007496, 57.2137500000626], [30.9224999983764, 57.2144999995755]]], [[[30.9037499997628, 57.2087499997129], [30.9057499993631, 57.2094999992257], [30.9059999992008, 57.2087499997129], [30.9037499997628, 57.2087499997129]]], [[[31.0044999999752, 57.2502500006372], [31.0065000004748, 57.2484999999752], [31.0040000002999, 57.2489999996504], [31.0044999999752, 57.2502500006372]]], [[[30.9352499990883, 57.2252499988885], [30.9367499981141, 57.2259999993007], [30.9372499977893, 57.2254999996255], [30.9352499990883, 57.2252499988885]]], [[[30.9767499991133, 57.2417499989634], [30.9777500011618, 57.2412499983889], [30.976750000912, 57.2409999994506], [30.9767499991133, 57.2417499989634]]], [[[31.0067500012117, 57.2549999993507], [31.0052500012867, 57.2540000000002], [31.0045000008745, 57.2549999993507], [31.0067500012117, 57.2549999993507]]], [[[31.0042499992383, 57.2574999986262], [31.007249998189, 57.2572500005873], [31.0042500001376, 57.2564999992757], [31.0042499992383, 57.2574999986262]]], [[[31.0500000001001, 57.2744999992757], [31.0515000000252, 57.2740000004998], [31.0500000001001, 57.2739999996004], [31.0500000001001, 57.2744999992757]]], [[[31.0045000008745, 57.2589999994505], [31.0060000007996, 57.258749999613], [31.0045000008745, 57.2582499999377], [31.0045000008745, 57.2589999994505]]], [[[30.966000001599, 57.247749999563], [30.9672499989884, 57.2470000000501], [30.965999998901, 57.2472499998877], [30.966000001599, 57.247749999563]]], [[[30.9509999996504, 57.2429999999502], [30.9530000010494, 57.2424999993756], [30.9502500010369, 57.2419999997004], [30.9509999996504, 57.2429999999502]]], [[[31.0450000006497, 57.2767499996129], [31.0442500002375, 57.2759999992008], [31.0439999995006, 57.2767499987136], [31.0450000006497, 57.2767499996129]]], [[[31.0375000010244, 57.2755000004249], [31.0390000009494, 57.2744999992757], [31.0375000010244, 57.2742499994381], [31.0375000010244, 57.2755000004249]]], [[[30.9574999999252, 57.2472499998877], [30.9630000017489, 57.2467499993132], [30.9575000017239, 57.2467499993132], [30.9574999999252, 57.2472499998877]]], [[[30.9632499997878, 57.249249999488], [30.9617499998628, 57.2497499991633], [30.9632500015865, 57.2497499991633], [30.9632499997878, 57.249249999488]]], [[[31.0090000006497, 57.2647500002125], [31.0039999994006, 57.2619999993007], [31.0017499990633, 57.2635000001251], [31.0077500023609, 57.2662499992382], [31.0090000006497, 57.2647500002125]], [[31.0062499979392, 57.2642499987386], [31.0067500003124, 57.2639999998003], [31.0067500012117, 57.264249999638], [31.0062499979392, 57.2642499987386]]], [[[31.0422499988385, 57.2784999993757], [31.0454999994256, 57.2792499997879], [31.0455000003249, 57.2787499983139], [31.0422499988385, 57.2784999993757]]], [[[30.9632500006871, 57.2499999990009], [30.9642500018363, 57.2507499994131], [30.9642499991383, 57.2499999999002], [30.9632500006871, 57.2499999990009]]], [[[30.9542500002375, 57.2487499998128], [30.9562499989385, 57.2494999993257], [30.9574999999252, 57.2482499992383], [30.9542500002375, 57.2487499998128]]], [[[31.048500000175, 57.2865000004748], [31.0499999992008, 57.2859999999002], [31.0484999992757, 57.2859999999002], [31.048500000175, 57.2865000004748]]], [[[31.0625000009744, 57.2912499991883], [31.0639999973022, 57.2919999996005], [31.0639999982015, 57.2915000008246], [31.0625000009744, 57.2912499991883]]], [[[30.9667499993132, 57.2595000009244], [30.9702499988385, 57.2584999997753], [30.9659999998003, 57.2567500000127], [30.9667499993132, 57.2595000009244]]], [[[31.0242499997379, 57.2807499988136], [31.030500000175, 57.2794999996255], [31.0320000001001, 57.2769999985513], [31.0255000007246, 57.2769999994506], [31.0242499997379, 57.2807499988136]]], [[[31.0479999996004, 57.289249999588], [31.0492500005872, 57.289249999588], [31.0472500009869, 57.2890000006496], [31.0479999996004, 57.289249999588]]], [[[31.0524999993756, 57.2927500000126], [31.0550000004498, 57.2924999992757], [31.0552500011868, 57.2917499997628], [31.052500000275, 57.2917499979642], [31.0524999993756, 57.2927500000126]], [[31.0529999990509, 57.2922499994381], [31.0532499979892, 57.2919999996005], [31.0532499997879, 57.2922499994381], [31.0529999990509, 57.2922499994381]]], [[[31.0462500016364, 57.2904999996754], [31.0472500009869, 57.2917499997628], [31.0479999996004, 57.290749999513], [31.0462500016364, 57.2904999996754]]], [[[31.0494999995256, 57.2924999983764], [31.0515000009245, 57.2909999993507], [31.048750000912, 57.2904999996754], [31.0494999995256, 57.2924999983764]]], [[[31.0417500009619, 57.2904999996754], [31.0379999998003, 57.283749999563], [31.030999998951, 57.2849999987511], [31.0357500003624, 57.2902499998378], [31.0417500009619, 57.2904999996754]], [[31.0387500011118, 57.289249999588], [31.0392499989885, 57.2897499992632], [31.0387500002125, 57.2897499992632], [31.0387500011118, 57.289249999588]]], [[[31.0379999998003, 57.2934999995255], [31.0445000009744, 57.2940000001001], [31.0407500007121, 57.2924999992757], [31.0379999998003, 57.2934999995255]]], [[[31.0367499997129, 57.2944999997753], [31.0400000002999, 57.2952499992882], [31.039500001524, 57.2945000006747], [31.0367499997129, 57.2944999997753]]], [[[31.0294999999252, 57.2929999998503], [31.0315000013242, 57.2942499999377], [31.0319999983014, 57.2934999995255], [31.0294999999252, 57.2929999998503]]], [[[31.0077499996629, 57.2867500003125], [31.0124999983764, 57.2869999992507], [31.0130000007496, 57.285249999488], [31.0077499996629, 57.2867500003125]]], [[[31.0549999986512, 57.2952499992882], [31.0535000005248, 57.2939999992007], [31.0437499987636, 57.294749999613], [31.0385000003749, 57.2974999996255], [31.0479999987011, 57.3007499993132], [31.0549999986512, 57.2952499992882]], [[31.0492499978893, 57.2949999994506], [31.052500000275, 57.2955000000251], [31.0500000001001, 57.2972499997878], [31.0492499978893, 57.2949999994506]], [[31.0452499986886, 57.2992499993881], [31.0435000007246, 57.2984999998753], [31.0459999991008, 57.2982500000376], [31.0452499986886, 57.2992499993881]], [[31.0427499994131, 57.2979999984014], [31.0417500009619, 57.2982499991383], [31.0417499991633, 57.2979999993007], [31.0427499994131, 57.2979999984014]]], [[[31.0267499999127, 57.2914999990259], [31.0292500018862, 57.2937499993632], [31.0297499988635, 57.2907500004123], [31.0267499999127, 57.2914999990259]]], [[[31.0682499981391, 57.3342500000376], [31.0677500002625, 57.3327499992133], [31.0665000010744, 57.3337499994631], [31.0682499981391, 57.3342500000376]]], [[[31.066749998214, 57.3352499993881], [31.0687499987137, 57.3362499996379], [31.068749999613, 57.3357499999627], [31.066749998214, 57.3352499993881]]], [[[31.0855000013242, 57.3679999997004], [31.086749999613, 57.366749999613], [31.0862499999377, 57.366749999613], [31.0855000013242, 57.3679999997004]]], [[[31.0794999998253, 57.3672500001875], [31.08300000025, 57.3675000000251], [31.0790000001501, 57.366749999613], [31.0794999998253, 57.3672500001875]]], [[[31.0662500003374, 57.3609999997503], [31.0682500008371, 57.3622499998378], [31.0682499999377, 57.3617499983639], [31.0662500003374, 57.3609999997503]]], [[[31.0637500001625, 57.3647500000126], [31.0650000020486, 57.3657499993632], [31.0657499997628, 57.3649999998503], [31.0637500001625, 57.3647500000126]]], [[[31.0455000003249, 57.3592499999877], [31.0475000017239, 57.3602499993382], [31.0475000008245, 57.3592499999877], [31.0455000003249, 57.3592499999877]]], [[[31.0607500012118, 57.364750000912], [31.059500000225, 57.3652499978892], [31.06100000015, 57.3655000004249], [31.0607500012118, 57.364750000912]]], [[[31.0592500012867, 57.3652499996879], [31.0584999990759, 57.3639999996005], [31.0579999985013, 57.364999998951], [31.0592500012867, 57.3652499996879]]], [[[31.066500000175, 57.3687499992133], [31.0695000009245, 57.3692499988885], [31.0695000027231, 57.3689999999502], [31.066500000175, 57.3687499992133]]], [[[31.0617499996629, 57.3677499998628], [31.0644999987761, 57.3679999997004], [31.0614999998253, 57.3669999994506], [31.0617499996629, 57.3677499998628]]], [[[31.0987500008121, 57.3814999999252], [31.1019999996005, 57.3835000013242], [31.1010000011493, 57.380749999513], [31.0987500008121, 57.3814999999252]]], [[[31.062999998851, 57.3699999984014], [31.0625000000751, 57.3702500000376], [31.0642500007371, 57.3707499997129], [31.062999998851, 57.3699999984014]]], [[[31.0837500006622, 57.377499998926], [31.0824999987761, 57.3780000003999], [31.0840000004998, 57.3779999995006], [31.0837500006622, 57.377499998926]]], [[[31.0652499991883, 57.3709999986512], [31.0687499987137, 57.3719999998003], [31.0694999982265, 57.3712499993881], [31.0652499991883, 57.3709999986512]]], [[[31.0805000009744, 57.3774999998253], [31.0817500010619, 57.3762499997379], [31.0804999991758, 57.3767499994131], [31.0805000009744, 57.3774999998253]]], [[[31.0727499997129, 57.3752499985887], [31.073999998901, 57.3759999999002], [31.0739999998003, 57.3752499994881], [31.0727499997129, 57.3752499985887]]], [[[31.0637500010619, 57.3714999992258], [31.0652500009869, 57.3727499993132], [31.0652500000876, 57.3724999985763], [31.0637500010619, 57.3714999992258]]], [[[31.0677499993632, 57.3750000005497], [31.0677499993632, 57.373749999563], [31.066750000912, 57.3739999994006], [31.0677499993632, 57.3750000005497]]], [[[31.0692499992882, 57.3742499992383], [31.0704999993756, 57.3762499997379], [31.0712500006871, 57.3747499998128], [31.0692499992882, 57.3742499992383]]], [[[31.0720000019987, 57.3769999992507], [31.0739999998003, 57.3764999995755], [31.0720000019987, 57.3762499997379], [31.0720000019987, 57.3769999992507]]], [[[31.0802499993381, 57.3792499986886], [31.0807499999127, 57.3802499998378], [31.081249999588, 57.380749999513], [31.0802499993381, 57.3792499986886]]], [[[31.122297431981, 57.3986230620049], [31.1237387088745, 57.3959204868411], [31.1215000004248, 57.3967499999128], [31.122297431981, 57.3986230620049]]], [[[31.1355794464345, 57.4093077066855], [31.1388646500837, 57.4015070879819], [31.1347500008121, 57.4022499999377], [31.1355794464345, 57.4093077066855]]], [[[31.1511414859909, 57.4140626687573], [31.151499998926, 57.4157499992632], [31.1530506387761, 57.4147229770839], [31.1511414859909, 57.4140626687573]]], [[[31.1467500011119, 57.4189999998503], [31.1480000011992, 57.4182500003374], [31.1467500002125, 57.4177499988635], [31.1467500011119, 57.4189999998503]]], [[[31.1604999993756, 57.4257499999627], [31.1609999990509, 57.4249999995505], [31.1599999997004, 57.4252499993881], [31.1604999993756, 57.4257499999627]]], [[[31.1312879517777, 57.4163119838112], [31.1304912882425, 57.4139397808963], [31.1291567177085, 57.4161820920301], [31.1312879517777, 57.4163119838112]]], [[[31.1839329612374, 57.4374047199521], [31.1846867693791, 57.4359710540211], [31.1827479884291, 57.4363020054334], [31.1839329612374, 57.4374047199521]]], [[[31.1811851492754, 57.4385334635486], [31.1777888955413, 57.4370758657587], [31.1771145820725, 57.4381261462049], [31.1811851492754, 57.4385334635486]]]]}, "properties": {"id": 583, "storm_id": 423, "type": "squall", "certainty": "High", "year": 2015, "month": 7, "date": "26.07.2015", "date_1": "2015/07/25", "date_2": "2015/08/05", "n_polygons": 306, "area_km2": 8.41, "length_km": 58.6, "mean_width_m": 238.8, "max_width_m": 1253.9, "wind_gust": 16, "direction": "SW-NE", "near_watershed": "26378.0", "ws_dist_km": 11.0, "lon": 30.9253, "lat": 57.1786, "status": "processed", "metrics": {"note": "DiD-расширение"}, "hyp3": {"control": {"granules": ["S1A_IW_SLC__1SDV_20150728T041724_20150728T041758_007006_009835_C1CF", "S1A_IW_SLC__1SDV_20150809T041725_20150809T041759_007181_009CED_A634"], "job_id": "a23dd94b-199d-4eea-94a0-512330a9acb5", "status": "SUCCEEDED"}, "prepost": {"granules": ["S1A_IW_SLC__1SDV_20150716T041723_20150716T041758_006831_009338_C5AF", "S1A_IW_SLC__1SDV_20150728T041724_20150728T041758_007006_009835_C1CF"], "job_id": "e8f1f9e1-738c-45b7-999b-1e6e90e9925d", "status": "SUCCEEDED"}}, "metrics_note": "детальные метрики — отчёт изд.4 (гл. валидации); DiD 7 событий: средний AUC 0.642 -> 0.690", "result_summary": {"coh_delta": "AUC 0.908 на ID694; DiD-среднее 0.690", "lband": "ID694 dHV invAUC 0.905; ID666 не сработал (годовые мозаики)", "wind_index": "контр-пример: PA 0.059 / UA 0.024 на ID666"}}}, {"type": "Feature", "geometry": {"type": "MultiPolygon", "coordinates": [[[[33.4370148857286, 56.6361338643865], [33.4380112284356, 56.6366112164347], [33.4382565931674, 56.6360860600238], [33.4370148857286, 56.6361338643865]]], [[[33.4941350835674, 56.6583345491003], [33.4962870757881, 56.6580790624989], [33.4940474806069, 56.6576503889544], [33.4941350835674, 56.6583345491003]]], [[[33.438575171707, 56.6410589269281], [33.4390225394588, 56.6396665075035], [33.4375353548729, 56.6402394610824], [33.438575171707, 56.6410589269281]]], [[[33.4252909206397, 56.6346938015779], [33.4255073415907, 56.6364045081617], [33.4272400330013, 56.6353065150838], [33.4252909206397, 56.6346938015779]]], [[[33.4696161031009, 56.6520655477869], [33.469528867963, 56.6513813498696], [33.4689514429549, 56.6517474746664], [33.4696161031009, 56.6520655477869]]], [[[33.4361348649322, 56.6414966539476], [33.4357159904008, 56.640653281424], [33.4354272153938, 56.6408362916617], [33.4361348649322, 56.6414966539476]]], [[[33.3077735429148, 56.5975637908364], [33.3083515506837, 56.5971981534722], [33.3067793298024, 56.5970855034934], [33.3077735429148, 56.5975637908364]]], [[[33.2766433088418, 56.587731296962], [33.2775526727178, 56.5875252568853], [33.276312074143, 56.5875717941031], [33.2766433088418, 56.587731296962]]], [[[33.3062860948276, 56.5981356247594], [33.3082321647827, 56.5987499489511], [33.3088101851421, 56.5983843124862], [33.3062860948276, 56.5981356247594]]], [[[33.2933276663389, 56.5941535463493], [33.2942370769797, 56.593947418139], [33.2923336717617, 56.5936751600807], [33.2933276663389, 56.5941535463493]]], [[[33.4244095994237, 56.6400565695552], [33.4217388935353, 56.6362054441261], [33.4199627954468, 56.6369612289777], [33.4214208231127, 56.638624254406], [33.4244095994237, 56.6400565695552]]], [[[33.4704719330334, 56.6563297030535], [33.470629779341, 56.6551203721077], [33.4691424913331, 56.6556935774968], [33.4704719330334, 56.6563297030535]]], [[[33.413710829991, 56.6368572781411], [33.4135812295902, 56.6358308486149], [33.4130467606996, 56.6365389406198], [33.413710829991, 56.6368572781411]]], [[[33.2706451176782, 56.587096541972], [33.2719699728361, 56.5877345983732], [33.2725481343891, 56.5873690734242], [33.2706451176782, 56.587096541972]]], [[[33.4588130105122, 56.652998787764], [33.4581048753399, 56.652338570269], [33.4578161156214, 56.6525216101843], [33.4588130105122, 56.652998787764]]], [[[33.2769384978136, 56.5901271871202], [33.2769806724203, 56.5904694529031], [33.2776010085798, 56.5904461847438], [33.2769384978136, 56.5901271871202]]], [[[33.2789682388933, 56.5914264340828], [33.2785947846218, 56.5909246744343], [33.2780588048701, 56.5916324777568], [33.2789682388933, 56.5914264340828]]], [[[33.4153710495345, 56.6376531062061], [33.4174066119257, 56.6389502100843], [33.4179842788516, 56.638584251662], [33.4153710495345, 56.6376531062061]]], [[[33.463509044507, 56.6555676049612], [33.4651707524284, 56.6563628214872], [33.4663693616569, 56.6559727099727], [33.463509044507, 56.6555676049612]]], [[[33.4080366115006, 56.6363871485482], [33.4093646916274, 56.6370238631609], [33.4099423963247, 56.6366579299197], [33.4080366115006, 56.6363871485482]]], [[[33.4464912534688, 56.6493487669322], [33.4472426397362, 56.6503511557814], [33.4481090016293, 56.6498020836994], [33.4464912534688, 56.6493487669322]]], [[[33.3187195962325, 56.6054028798392], [33.319425087398, 56.6060639004288], [33.319671608658, 56.6055388429434], [33.3187195962325, 56.6054028798392]]], [[[33.3582054278384, 56.6195510052749], [33.3595323676248, 56.6201882028234], [33.3597357178293, 56.6193209326151], [33.3582054278384, 56.6195510052749]]], [[[33.2768602765807, 56.592021284355], [33.2757399974032, 56.590515984725], [33.2751618223604, 56.59088151507], [33.2768602765807, 56.592021284355]]], [[[33.2769446248947, 56.5927058105249], [33.2785588153372, 56.5931610248616], [33.2775228107293, 56.592340277482], [33.2769446248947, 56.5927058105249]]], [[[33.4092485100109, 56.6385753942392], [33.4102446260888, 56.6390529198565], [33.4107791678245, 56.6383448449388], [33.4092485100109, 56.6385753942392]]], [[[33.3779844550187, 56.6280810443049], [33.3792689548985, 56.6283758762459], [33.3795578728977, 56.6281929568397], [33.3779844550187, 56.6280810443049]]], [[[33.2753304659284, 56.5922505764032], [33.2740054381006, 56.5916125658674], [33.2734272342796, 56.5919780863198], [33.2753304659284, 56.5922505764032]]], [[[33.4265030781547, 56.6442735490852], [33.4284959137556, 56.6452283368185], [33.4286547960821, 56.6440189725977], [33.4265030781547, 56.6442735490852]]], [[[33.3877261047761, 56.6311474177193], [33.3887218476353, 56.6316250980201], [33.388967731276, 56.6311000054611], [33.3877261047761, 56.6311474177193]]], [[[33.3633421035554, 56.6207309742553], [33.3643482623626, 56.6237870144593], [33.3654611949783, 56.6227132428221], [33.3633421035554, 56.6207309742553]]], [[[33.2874618877561, 56.5971247912763], [33.2900703758473, 56.5980582830635], [33.2903594503285, 56.5978754976563], [33.2886604610117, 56.596735914531], [33.2874618877561, 56.5971247912763]]], [[[33.3106104758929, 56.6053650687431], [33.3099051160285, 56.6047040058853], [33.3096160712249, 56.6048868209702], [33.3106104758929, 56.6053650687431]]], [[[33.4015389800401, 56.6368078172272], [33.402694496454, 56.6360760038047], [33.4008749916877, 56.6364894275452], [33.4015389800401, 56.6368078172272]]], [[[33.4882125757499, 56.6583925706608], [33.4812490954695, 56.6576312720657], [33.4759210683029, 56.6599003218425], [33.4791750115177, 56.6633838799623], [33.4882125757499, 56.6583925706608]], [[33.4822900535433, 56.6584503673907], [33.4830423409314, 56.659452533208], [33.4809776288147, 56.660391994695], [33.4822900535433, 56.6584503673907]]], [[[33.3728895168379, 56.627243778178], [33.3717653588844, 56.6257394642051], [33.3712303782795, 56.6264474509892], [33.3728895168379, 56.627243778178]]], [[[33.4041950251805, 56.638081339982], [33.4061008567693, 56.6383521654202], [33.4034878738664, 56.6374208212141], [33.4041950251805, 56.638081339982]]], [[[33.2923898874835, 56.5991745143925], [33.2917694425059, 56.5991978428063], [33.2930949217934, 56.599835677075], [33.2923898874835, 56.5991745143925]]], [[[33.2845644187131, 56.5963740264403], [33.284937977306, 56.5968757546126], [33.2852270661763, 56.5966929790979], [33.2845644187131, 56.5963740264403]]], [[[33.3862815660416, 56.632062069609], [33.3865274775612, 56.631536979748], [33.384996924069, 56.6317672997213], [33.3862815660416, 56.632062069609]]], [[[33.4332762376084, 56.6484824077371], [33.4345616323137, 56.6487767513462], [33.434850458582, 56.648593751001], [33.4332762376084, 56.6484824077371]]], [[[33.383829293787, 56.6299209474939], [33.3837122973848, 56.6314725208403], [33.3849539337772, 56.6314251400584], [33.383829293787, 56.6299209474939]]], [[[33.3608700336253, 56.6234035696192], [33.3625288942932, 56.6242000209144], [33.3640593146858, 56.6239699113825], [33.3608700336253, 56.6234035696192]]], [[[33.2700784458638, 56.5926193452068], [33.2699941991731, 56.5919348145402], [33.2694159611779, 56.5923003188049], [33.2700784458638, 56.5926193452068]]], [[[33.2899503900986, 56.5996100569587], [33.2905285579467, 56.5992444915402], [33.2892876697903, 56.5992911276836], [33.2899503900986, 56.5996100569587]]], [[[33.4722814751102, 56.6607287449358], [33.4756492769927, 56.6626610022037], [33.4758506846615, 56.6617937850553], [33.4722814751102, 56.6607287449358]]], [[[33.2411511056392, 56.5828692768958], [33.2416875386492, 56.5821615662035], [33.2419767021632, 56.58197885544], [33.2404470452951, 56.5822078192356], [33.2411511056392, 56.5828692768958]]], [[[33.3016690321003, 56.6036390314163], [33.3016266704346, 56.6032967971097], [33.3003856869501, 56.6033435213866], [33.3016690321003, 56.6036390314163]]], [[[33.4666910239717, 56.6609449716333], [33.4684236605237, 56.6598466718866], [33.4668053799645, 56.6593935907418], [33.4666910239717, 56.6609449716333]]], [[[33.2332894994111, 56.5797236660146], [33.2346136495005, 56.5803620650575], [33.2349028319003, 56.5801793659851], [33.2332894994111, 56.5797236660146]]], [[[33.2834925005786, 56.5977896276893], [33.2840284668404, 56.5970818288635], [33.2831611732497, 56.5976301482129], [33.2834925005786, 56.5977896276893]]], [[[33.4231526718585, 56.6449179088346], [33.4242356291711, 56.6460795712154], [33.4244811953511, 56.6455544642673], [33.4231526718585, 56.6449179088346]]], [[[33.291896309867, 56.6002245790013], [33.2919808884075, 56.6009090691983], [33.2922699763785, 56.6007262819925], [33.291896309867, 56.6002245790013]]], [[[33.3506392156274, 56.6213855188268], [33.3511744471432, 56.6206775815053], [33.3503074979928, 56.621226203027], [33.3506392156274, 56.6213855188268]]], [[[33.3316923311364, 56.6119609502379], [33.3297969865419, 56.6142674909521], [33.333274293474, 56.6146516480553], [33.3316923311364, 56.6119609502379]]], [[[33.2705360784774, 56.593805647213], [33.2704518218943, 56.5931211219424], [33.2698735722078, 56.593486626207], [33.2705360784774, 56.593805647213]]], [[[33.325486401976, 56.612195659802], [33.3261920909924, 56.612856625533], [33.3267701446267, 56.6124909512965], [33.325486401976, 56.612195659802]]], [[[33.3955759829454, 56.6365201870571], [33.3994305401874, 56.6374041747631], [33.3996763374931, 56.6368790804054], [33.3955759829454, 56.6365201870571]]], [[[33.468151432143, 56.6626073396571], [33.4687289947475, 56.6622412400413], [33.4674866326022, 56.6622892782278], [33.468151432143, 56.6626073396571]]], [[[33.2907822396089, 56.6012979603328], [33.2909867670259, 56.6004306892251], [33.2894990230616, 56.6010023558742], [33.2907822396089, 56.6012979603328]]], [[[33.2429742238815, 56.5850363282641], [33.2445458943777, 56.5851496284528], [33.24450395989, 56.5848073410861], [33.2429742238815, 56.5850363282641]]], [[[33.4204664175913, 56.6458804864954], [33.4211739322313, 56.6465408982441], [33.4223726556737, 56.646151100593], [33.4204664175913, 56.6458804864954]]], [[[33.4110948802247, 56.6433177073465], [33.4119615281022, 56.6427688151289], [33.4107196219132, 56.6428164072516], [33.4110948802247, 56.6433177073465]]], [[[33.304983438535, 56.6052333414457], [33.3068103303327, 56.6073993783788], [33.3080090016143, 56.6070103766277], [33.304983438535, 56.6052333414457]]], [[[33.2573347125272, 56.5903455083387], [33.2586174362459, 56.5906413960838], [33.2589065898674, 56.5904586619379], [33.2573347125272, 56.5903455083387]]], [[[33.4640592884056, 56.6574371048387], [33.4659390603395, 56.6599427356689], [33.4670505423488, 56.658868454116], [33.4640592884056, 56.6574371048387]]], [[[33.2482301829767, 56.5872471586296], [33.2495127664012, 56.5875431246156], [33.2497599621527, 56.5870181237876], [33.2482301829767, 56.5872471586296]]], [[[33.3987362204004, 56.6393215842239], [33.4000211537534, 56.6396162273072], [33.4003100591621, 56.6394332809214], [33.3987362204004, 56.6393215842239]]], [[[33.4293912500063, 56.6498349943897], [33.4335363665103, 56.6505350842269], [33.4340706870128, 56.6498269778329], [33.4293912500063, 56.6498349943897]]], [[[33.4196430621777, 56.6467715392753], [33.4195565590881, 56.6460872936938], [33.4192676851557, 56.6462702697573], [33.4196430621777, 56.6467715392753]]], [[[33.288878555601, 56.6010256716976], [33.288963093672, 56.6017101582974], [33.2892521960322, 56.6015273791854], [33.288878555601, 56.6010256716976]]], [[[33.2273347068314, 56.579429516659], [33.2284113742857, 56.5805929543016], [33.2292789889344, 56.5800448894602], [33.2273347068314, 56.579429516659]]], [[[33.2191853688099, 56.5764658251379], [33.2192688582713, 56.5771504421394], [33.2198890478414, 56.5771273997099], [33.2191853688099, 56.5764658251379]]], [[[33.2974525453988, 56.6048292337823], [33.2976569657965, 56.6039619707685], [33.2967897036821, 56.604510345876], [33.2974525453988, 56.6048292337823]]], [[[33.3719482144387, 56.6296862505202], [33.372654810871, 56.6303469410586], [33.3726119141087, 56.6300047751005], [33.3719482144387, 56.6296862505202]]], [[[33.2306030913597, 56.5806833208787], [33.2319690707162, 56.5816640351673], [33.2327948192257, 56.5807736559796], [33.2306030913597, 56.5806833208787]]], [[[33.2554736752701, 56.5904150699997], [33.2560519996003, 56.5900496124998], [33.2544801411458, 56.5899364310217], [33.2554736752701, 56.5904150699997]]], [[[33.3202750690394, 56.6129082915846], [33.3257328827665, 56.6116706113098], [33.3208021464021, 56.6096220806946], [33.3202750690394, 56.6129082915846]]], [[[33.4139540093702, 56.643723798015], [33.4165675471547, 56.6446549344778], [33.4220990072635, 56.641520472492], [33.4118184819375, 56.6391644987428], [33.4139540093702, 56.643723798015]], [[33.4150662881788, 56.6426497889568], [33.4156007966396, 56.6419417131397], [33.4162649630578, 56.6422600308759], [33.4150662881788, 56.6426497889568]]], [[[33.3241688385212, 56.6141364633273], [33.3232166435334, 56.6140005352966], [33.3238797928183, 56.6143192945999], [33.3241688385212, 56.6141364633273]]], [[[33.374774723375, 56.6323289784998], [33.3756415906871, 56.6317802553547], [33.3737791064208, 56.6318512109648], [33.374774723375, 56.6323289784998]]], [[[33.4645550864482, 56.6637776472208], [33.4644679025718, 56.6630934906722], [33.4638902967999, 56.6634595732009], [33.4645550864482, 56.6637776472208]]], [[[33.3477065309318, 56.6228720280218], [33.3484126893943, 56.6235328534586], [33.3486589741325, 56.6230077995705], [33.3477065309318, 56.6228720280218]]], [[[33.4006118212787, 56.6418282519724], [33.4011465356842, 56.6411202238194], [33.3999046600722, 56.6411677287079], [33.4006118212787, 56.6418282519724]]], [[[33.4175344091858, 56.6473681072525], [33.4160330225062, 56.6453630013016], [33.4146750282301, 56.6469620903284], [33.4175344091858, 56.6473681072525]]], [[[33.3693904076414, 56.6316745238603], [33.3722055824219, 56.6317392408735], [33.3695507531649, 56.6304651317606], [33.3693904076414, 56.6316745238603]]], [[[33.3325015869788, 56.6184628534781], [33.3329184290424, 56.6193066055156], [33.3338281508487, 56.6191002722599], [33.3325015869788, 56.6184628534781]]], [[[33.2869815670459, 56.6033318328979], [33.2866079392052, 56.6028301245108], [33.286029695814, 56.6031956692449], [33.2869815670459, 56.6033318328979]]], [[[33.4518542561692, 56.6596271419792], [33.4548452780873, 56.6610587079932], [33.4556246953236, 56.6598254541815], [33.4518542561692, 56.6596271419792]]], [[[33.3472139308784, 56.6239221304021], [33.3462187671825, 56.6234441650164], [33.3463041722, 56.6241285356036], [33.3472139308784, 56.6239221304021]]], [[[33.4467546199299, 56.6587924335242], [33.4495715124155, 56.6588557457962], [33.4498168618588, 56.6583306352508], [33.4467546199299, 56.6587924335242]]], [[[33.4247118049061, 56.6498428715515], [33.4220978228564, 56.6489118969667], [33.4197002122951, 56.6496914643897], [33.4224007441991, 56.6513067007438], [33.4247118049061, 56.6498428715515]], [[33.4226030799683, 56.6504394979846], [33.4226463562445, 56.6507816117821], [33.4223141934455, 56.6506224749475], [33.4226030799683, 56.6504394979846]]], [[[33.2184458679826, 56.5806195643416], [33.2191495964769, 56.5812811263231], [33.2194388427286, 56.5810984560291], [33.2184458679826, 56.5806195643416]]], [[[33.3258780927, 56.617853814602], [33.328403337744, 56.6181021578884], [33.3286072482261, 56.6172349191564], [33.3258780927, 56.617853814602]]], [[[33.4408603661132, 56.6566130839268], [33.4439941706946, 56.6542578880912], [33.438230780826, 56.6531046982234], [33.4352988821379, 56.6545925914751], [33.4408603661132, 56.6566130839268]], [[33.4379134397536, 56.655523315149], [33.4378266560755, 56.654839112735], [33.4384911489475, 56.6551573117607], [33.4379134397536, 56.655523315149]], [[33.4368299311566, 56.6543618074516], [33.4365844567075, 56.6548869081045], [33.4362522183653, 56.6547278045447], [33.4368299311566, 56.6543618074516]]], [[[33.2992017195838, 56.608889295105], [33.2989549582049, 56.6094143103223], [33.2998646386423, 56.609208165025], [33.2992017195838, 56.608889295105]]], [[[33.3388883778965, 56.6221748582833], [33.3393480168976, 56.6233607654871], [33.3398834390696, 56.6226528740311], [33.3388883778965, 56.6221748582833]]], [[[33.3846579974688, 56.6389998949294], [33.3898712279749, 56.6382852171892], [33.3840251229612, 56.6364456251657], [33.3846579974688, 56.6389998949294]]], [[[33.3179625874037, 56.6143708725179], [33.3200369942121, 56.6160116199405], [33.3217713790461, 56.6149146763714], [33.3179625874037, 56.6143708725179]]], [[[33.2475769738984, 56.5920853331718], [33.2475350133304, 56.5917430610935], [33.2462942780587, 56.5917893590918], [33.2475769738984, 56.5920853331718]]], [[[33.2111255142312, 56.5793439560589], [33.2165017009929, 56.58000405934], [33.2200560510461, 56.5784966238203], [33.2154642727581, 56.5766040230574], [33.2111255142312, 56.5793439560589]]], [[[33.3867357875267, 56.6406395325885], [33.3866927801478, 56.6402973891134], [33.3860718450398, 56.6403210880479], [33.3867357875267, 56.6406395325885]]], [[[33.3988048368739, 56.6448195131102], [33.3990075755394, 56.643952310351], [33.398472794584, 56.6446603205176], [33.3988048368739, 56.6448195131102]]], [[[33.3776131528249, 56.6375495960372], [33.3775272747641, 56.6368652946978], [33.3772382965103, 56.6370482006141], [33.3776131528249, 56.6375495960372]]], [[[33.2678187760159, 56.5995806967919], [33.2689754480587, 56.5988497251349], [33.267445379301, 56.5990789326468], [33.2678187760159, 56.5995806967919]]], [[[33.3975197704212, 56.6445248700269], [33.3971015577908, 56.6436814066718], [33.3965236678332, 56.6440472787591], [33.3975197704212, 56.6445248700269]]], [[[33.4262712662061, 56.6547676849809], [33.4331467208447, 56.6548472426063], [33.4369886291221, 56.6531524962908], [33.4298100876656, 56.6506783408329], [33.4316877812662, 56.6531844779814], [33.4262712662061, 56.6547676849809]], [[33.4293334433839, 56.6543062797112], [33.4292901140477, 56.6539641740076], [33.4296223245108, 56.6541232928559], [33.4293334433839, 56.6543062797112]]], [[[33.256808485923, 56.5962104289683], [33.2576760574043, 56.595662252611], [33.2570136104899, 56.595343178545], [33.256808485923, 56.5962104289683]]], [[[33.3671213893408, 56.6334798436201], [33.3687807041663, 56.6342761825], [33.3690268216307, 56.6337511277125], [33.3671213893408, 56.6334798436201]]], [[[33.201199862284, 56.5771329593188], [33.2014475400721, 56.5766080043561], [33.2008689612338, 56.5769732864882], [33.201199862284, 56.5771329593188]]], [[[33.4419006020313, 56.6574324535451], [33.4382172037611, 56.6579180002157], [33.4374373638435, 56.6591511802829], [33.4419006020313, 56.6574324535451]]], [[[33.3350028516005, 56.6235252919588], [33.3359126480505, 56.6233189533072], [33.3337187600129, 56.6232300876986], [33.3350028516005, 56.6235252919588]]], [[[33.3163130886783, 56.6161521956674], [33.3161514355405, 56.6173616300354], [33.3196288584852, 56.6177460848141], [33.3163130886783, 56.6161521956674]]], [[[33.2035973892083, 56.5763564387988], [33.2025235078538, 56.5777716380508], [33.2043008488053, 56.5770180835179], [33.2035973892083, 56.5763564387988]]], [[[33.3745086337666, 56.6376678802686], [33.3754614546826, 56.6378034764495], [33.3757075181876, 56.6372784225614], [33.3745086337666, 56.6376678802686]]], [[[33.3305298935399, 56.6226631254031], [33.3305543919718, 56.6178488989077], [33.327536171857, 56.6186506598003], [33.3305298935399, 56.6226631254031]]], [[[33.230240999123, 56.5879176041143], [33.2484865473165, 56.5918794684629], [33.2541489676009, 56.5897768840961], [33.2400404177313, 56.5865211107608], [33.2386281961345, 56.5826194740097], [33.2329240913739, 56.5843792862753], [33.2380538396132, 56.5855636079743], [33.2390511868629, 56.5886210448255], [33.2332970087501, 56.5848811736274], [33.2315198350725, 56.5856350276346], [33.2291187693159, 56.5838332224254], [33.2266794787751, 56.5842678126096], [33.230240999123, 56.5879176041143]], [[33.2316453570477, 56.5866618906339], [33.2307358142066, 56.5868676636119], [33.2300736703638, 56.5865484609429], [33.2316453570477, 56.5866618906339]], [[33.2292442355332, 56.5848600980153], [33.2288713640224, 56.5843581998712], [33.2295334682951, 56.5846774124328], [33.2292442355332, 56.5848600980153]], [[33.2404175664177, 56.5896016422022], [33.2400864432349, 56.5894420646997], [33.2407067856898, 56.5894189413312], [33.2404175664177, 56.5896016422022]], [[33.2416582504281, 56.5895553909687], [33.2406648745845, 56.5890766620585], [33.2425258785666, 56.5890072784633], [33.2416582504281, 56.5895553909687]], [[33.2424839548708, 56.5886649982912], [33.2426473859683, 56.5874554497094], [33.2433515524324, 56.5881168785912], [33.2424839548708, 56.5886649982912]], [[33.2443449390678, 56.5885955931123], [33.2439718760015, 56.5880937426323], [33.2446341340582, 56.5884128832481], [33.2443449390678, 56.5885955931123]], [[33.2462478676451, 56.5888684438238], [33.2471573844059, 56.5886625818128], [33.2474885255751, 56.5888221449262], [33.2471993413766, 56.5890048601863], [33.2462478676451, 56.5888684438238]], [[33.2438880106234, 56.5874091804894], [33.2442610673945, 56.5879110345668], [33.2435988201296, 56.5875918894543], [33.2438880106234, 56.5874091804894]], [[33.237307902338, 56.5845598557529], [33.2372660227089, 56.5842175665876], [33.237597099127, 56.5843771557813], [33.237307902338, 56.5845598557529]], [[33.2378444090924, 56.583852165745], [33.2378025249667, 56.583509874781], [33.2381336022841, 56.5836694630754], [33.2378444090924, 56.583852165745]]], [[[33.189066630121, 56.5737355985192], [33.1951192023894, 56.5732317677321], [33.1887292476568, 56.5720810177249], [33.189066630121, 56.5737355985192]]], [[[33.217786805217, 56.5828790615196], [33.2191108312001, 56.5835175828704], [33.2193583399156, 56.5829926171157], [33.217786805217, 56.5828790615196]]], [[[33.3797765529457, 56.6398736330619], [33.3805575745725, 56.638640610376], [33.3789838104547, 56.6385287149284], [33.3797765529457, 56.6398736330619]]], [[[33.2963105269095, 56.6107171635664], [33.2970157869491, 56.6113782641957], [33.297304918987, 56.6111954823858], [33.2963105269095, 56.6107171635664]]], [[[33.394420345123, 56.637251945621], [33.3869078305321, 56.6420080965966], [33.3920907053219, 56.6435291091812], [33.3982876754361, 56.6407138921326], [33.394420345123, 56.637251945621]]], [[[33.3807294323176, 56.6400091959678], [33.3804834128794, 56.6405342525539], [33.3813933343351, 56.6403276656894], [33.3807294323176, 56.6400091959678]]], [[[33.4049977249652, 56.6493954552362], [33.4049114251224, 56.6487112114534], [33.404333533366, 56.6490771024265], [33.4049977249652, 56.6493954552362]]], [[[33.3263036231139, 56.6212758033358], [33.3267203788426, 56.6221195589706], [33.3272985394962, 56.6217539009219], [33.3263036231139, 56.6212758033358]]], [[[33.3334723080008, 56.623755117305], [33.3326477016303, 56.62464581845], [33.3338039842666, 56.6239144663797], [33.3334723080008, 56.623755117305]]], [[[33.2014871291279, 56.5743714686685], [33.1933434415467, 56.5765640868633], [33.2025214277219, 56.5751928015068], [33.2014871291279, 56.5743714686685]]], [[[33.3899818490833, 56.6441253147316], [33.3906889140623, 56.6447858712711], [33.391844792903, 56.6440541729619], [33.3899818490833, 56.6441253147316]]], [[[33.3510441434726, 56.6296214165953], [33.3480055294318, 56.6252673192316], [33.3443565662027, 56.6235147725889], [33.3467967947365, 56.6230784377199], [33.3419919670558, 56.6220572737244], [33.3471384615709, 56.625815909277], [33.3449969599419, 56.6286474957855], [33.3496416759228, 56.6308779097879], [33.3510441434726, 56.6296214165953]]], [[[33.2249055192744, 56.5876002900216], [33.2233723856273, 56.5852503857968], [33.222960984462, 56.5869848893414], [33.2249055192744, 56.5876002900216]]], [[[33.3317378656102, 56.6248521391151], [33.3309893292943, 56.6238490541906], [33.3307002512158, 56.6240318872619], [33.3317378656102, 56.6248521391151]]], [[[33.2690653937531, 56.6021127209255], [33.2691917763796, 56.6031394598184], [33.2697701483738, 56.6027739771375], [33.2690653937531, 56.6021127209255]]], [[[33.4215480582964, 56.6544333620102], [33.4223422810716, 56.6557779464952], [33.4249857581864, 56.6544732829158], [33.4215480582964, 56.6544333620102]]], [[[33.38592395063, 56.6441083184443], [33.3858379358722, 56.6434240449839], [33.3852599631769, 56.6437898766017], [33.38592395063, 56.6441083184443]]], [[[33.2814034222303, 56.6061199254943], [33.280993961802, 56.6078543831734], [33.2834339655053, 56.6074190006865], [33.2814034222303, 56.6061199254943]]], [[[33.3147826907687, 56.6163818447465], [33.3120453684991, 56.6144222256054], [33.3170104023084, 56.6142349067158], [33.3200965796935, 56.6089610798901], [33.3140445209381, 56.6054074420999], [33.3047443969365, 56.6083367777203], [33.3154636223484, 56.6093079052358], [33.3107192273106, 56.6137846053754], [33.3091809972054, 56.6114358846585], [33.3043009996915, 56.6123073960697], [33.3096556018247, 56.6177785179644], [33.3147826907687, 56.6163818447465]], [[33.3108889797428, 56.6151534553678], [33.3108465389368, 56.6148112444435], [33.3115096207725, 56.6151300541089], [33.3108889797428, 56.6151534553678]], [[33.3120029204986, 56.6140800137818], [33.3128277301158, 56.6131893692941], [33.3135332572542, 56.6138503880851], [33.3120029204986, 56.6140800137818]]], [[[33.2855913743426, 56.6097447275373], [33.2848862977646, 56.6090835684521], [33.2845971315525, 56.6092663322756], [33.2855913743426, 56.6097447275373]]], [[[33.2747823066583, 56.6055086787827], [33.2754871898821, 56.6061698945252], [33.2760655537825, 56.6058043956565], [33.2747823066583, 56.6055086787827]]], [[[33.4062098168297, 56.6515835687269], [33.4061234972018, 56.650899333038], [33.4058345450284, 56.6510822794238], [33.4062098168297, 56.6515835687269]]], [[[33.3367559333398, 56.6275845133148], [33.3356329130287, 56.6260799439344], [33.334476604312, 56.626811299602], [33.3367559333398, 56.6275845133148]]], [[[33.2790900718495, 56.6075819857202], [33.2792948393855, 56.606714760478], [33.2781381349671, 56.6074457771011], [33.2790900718495, 56.6075819857202]]], [[[33.3550360029093, 56.6341110777642], [33.3549504548997, 56.6334267494451], [33.3546614118948, 56.63360961759], [33.3550360029093, 56.6341110777642]]], [[[33.2130331876317, 56.5847747388633], [33.220023394864, 56.5858905933763], [33.220518414993, 56.584840675357], [33.2130331876317, 56.5847747388633]]], [[[33.3747661582318, 56.6397207770923], [33.3752268647282, 56.640906463063], [33.3758048805909, 56.6405406638207], [33.3747661582318, 56.6397207770923]]], [[[33.2729628621465, 56.6059206797957], [33.274119608833, 56.6051896946489], [33.2725472053894, 56.6050767047263], [33.2729628621465, 56.6059206797957]]], [[[33.4144269655322, 56.6548783591491], [33.4189044903501, 56.655737968033], [33.4199165001465, 56.6514020378739], [33.4171000941942, 56.6513381878073], [33.4144269655322, 56.6548783591491]]], [[[33.3317378656102, 56.6248521391151], [33.3285063406952, 56.6239429506069], [33.3296200907947, 56.6228694352764], [33.3262273219335, 56.6231695992977], [33.3332350398654, 56.6268582792863], [33.3349695164302, 56.6257612538789], [33.3365427562434, 56.6258736016855], [33.3317378656102, 56.6248521391151]]], [[[33.2836451470061, 56.60913015873], [33.283398212058, 56.6096551505649], [33.2843079653405, 56.6094490934011], [33.2836451470061, 56.60913015873]]], [[[33.1756871102721, 56.5722302431314], [33.1780433628111, 56.5711117643966], [33.1756042584299, 56.5715455838618], [33.1756871102721, 56.5722302431314]]], [[[33.1951641343175, 56.578731770455], [33.195536608328, 56.5792337648265], [33.1958259346193, 56.5790511359014], [33.1951641343175, 56.578731770455]]], [[[33.3162021788876, 56.6202820659647], [33.3207596840124, 56.6218290473728], [33.3233701847864, 56.6227618565746], [33.3242800145112, 56.6225555844728], [33.3162021788876, 56.6202820659647]]], [[[33.282488448883, 56.6098611987355], [33.281741188705, 56.6088577954511], [33.2814520126005, 56.6090405529793], [33.282488448883, 56.6098611987355]]], [[[33.3459594000064, 56.6313613502463], [33.3485281911233, 56.6319515195472], [33.3468265847793, 56.6308127835833], [33.3459594000064, 56.6313613502463]]], [[[33.3502726213845, 56.6334323953889], [33.3521352045762, 56.6333617203672], [33.3530451143407, 56.6331552917834], [33.3502726213845, 56.6334323953889]]], [[[33.404579334269, 56.6485520359479], [33.4087837178944, 56.6447813881507], [33.4028929480513, 56.6426004359615], [33.3998009772335, 56.6452970872909], [33.3949622397158, 56.6465133996738], [33.3961737928864, 56.6487016255797], [33.3989900153771, 56.6487658533616], [33.3988734686358, 56.6503172765213], [33.4002752068355, 56.6490604784585], [33.3971142274398, 56.6462592629548], [33.4001761393175, 56.6457984062716], [33.4015604135824, 56.6493550936628], [33.3998697241087, 56.6507948354135], [33.404579334269, 56.6485520359479]], [[33.3963765981017, 56.6478344435049], [33.3967517430986, 56.6483357642842], [33.3960876243445, 56.6480173746023], [33.3963765981017, 56.6478344435049]], [[33.4017933191066, 56.6462522122699], [33.4017501984131, 56.6459100849826], [33.4020822586895, 56.646069268582], [33.4017933191066, 56.6462522122699]], [[33.4057219553042, 56.6452424148057], [33.4030223344134, 56.6436268367093], [33.4060108715047, 56.6450594621247], [33.4057219553042, 56.6452424148057]], [[33.4062566319382, 56.6445343812568], [33.4062134788691, 56.6441922521708], [33.4065455436421, 56.6443514294751], [33.4062566319382, 56.6445343812568]]], [[[33.3050988458352, 56.6162311777268], [33.3069261684081, 56.6183970797616], [33.3083718223019, 56.6174830951689], [33.3050988458352, 56.6162311777268]]], [[[33.3477037268457, 56.6328422602623], [33.3486991018822, 56.6333201914739], [33.3492344979739, 56.6326123081117], [33.3477037268457, 56.6328422602623]]], [[[33.3862989571313, 56.6446096742972], [33.3871780444314, 56.6466387741603], [33.3894469323302, 56.6448332961199], [33.3862989571313, 56.6446096742972]]], [[[33.3434333572638, 56.6311133100314], [33.344921394407, 56.6305412242982], [33.3401158526646, 56.6295200450143], [33.3434333572638, 56.6311133100314]]], [[[33.2802108582447, 56.6090871162776], [33.2796746986286, 56.6097948557481], [33.2808736531967, 56.6094060662371], [33.2802108582447, 56.6090871162776]]], [[[33.281994540316, 56.6109111707141], [33.2819100867812, 56.6102267146913], [33.2813317183843, 56.6105922270498], [33.281994540316, 56.6109111707141]]], [[[33.3690173625614, 56.6411428678492], [33.3683106519152, 56.6404822015925], [33.3680216188029, 56.6406650877238], [33.3690173625614, 56.6411428678492]]], [[[33.3494481652008, 56.634323138802], [33.3507326524901, 56.6346181964727], [33.3509789741005, 56.634093171363], [33.3494481652008, 56.634323138802]]], [[[33.2829887911999, 56.6113895794657], [33.2838563419967, 56.6108412996864], [33.2872907584619, 56.6108842629985], [33.2828620920121, 56.6103628972301], [33.2829887911999, 56.6113895794657]]], [[[33.2576441764377, 56.6004770528739], [33.2590475657927, 56.6029097738671], [33.2592584433227, 56.6009324479743], [33.2576441764377, 56.6004770528739]]], [[[33.2724687836076, 56.6069706436804], [33.2731736569389, 56.6076318657182], [33.2737520532148, 56.6072663776414], [33.2724687836076, 56.6069706436804]]], [[[33.3465474397128, 56.6335736797816], [33.3464620131116, 56.632889344268], [33.3461729422277, 56.6330721980237], [33.3465474397128, 56.6335736797816]]], [[[33.3862680240503, 56.6468453871051], [33.3858930022604, 56.6463440375475], [33.3853579973738, 56.647051994654], [33.3862680240503, 56.6468453871051]]], [[[33.2787227149815, 56.6096586525249], [33.2776441553536, 56.6084957481804], [33.2761981830998, 56.6094094935535], [33.2787227149815, 56.6096586525249]]], [[[33.189066630121, 56.5737355985192], [33.18275654328, 56.5714536083975], [33.182546279987, 56.5748632620301], [33.1798225401782, 56.575516235486], [33.1794863879866, 56.5741098369995], [33.1812131276839, 56.5736573700917], [33.1815162756558, 56.5714993946815], [33.1811854762289, 56.5713396759854], [33.1785821655347, 56.5755619983877], [33.1831308851824, 56.5771133801785], [33.189066630121, 56.5737355985192]], [[33.1832957902687, 56.5759038172076], [33.183337274196, 56.5762461360505], [33.183006435199, 56.5760864254483], [33.1832957902687, 56.5759038172076]]], [[[33.1766387215999, 56.5749459798732], [33.1783749194671, 56.5738503834885], [33.1754805989506, 56.5730974953533], [33.1766387215999, 56.5749459798732]]], [[[33.2940467849314, 56.6150999331156], [33.2944205908378, 56.615601589342], [33.2947097579491, 56.6154188138274], [33.2940467849314, 56.6150999331156]]], [[[33.3698098667321, 56.6424878192576], [33.3696383138573, 56.6411192381625], [33.3687712064262, 56.6416679019523], [33.3698098667321, 56.6424878192576]]], [[[33.3773589504554, 56.6454662182915], [33.3822410173092, 56.644592580883], [33.3783745449495, 56.6411303115148], [33.3773589504554, 56.6454662182915]]], [[[33.3805499105501, 56.6460321517625], [33.3789759009173, 56.6459202608116], [33.3805928828554, 56.6463742862445], [33.3805499105501, 56.6460321517625]]], [[[33.2954925854146, 56.6141860501463], [33.3023924062847, 56.616860705857], [33.2987155038176, 56.6125176674565], [33.3006197031369, 56.6127898166969], [33.3038423454481, 56.611121313498], [33.2973895946542, 56.6118799249187], [33.2957322601359, 56.6110827289849], [33.295894414196, 56.6098732748319], [33.2912119950377, 56.6072987721208], [33.2992017195838, 56.608889295105], [33.3012179762288, 56.6050313330298], [33.2991446998682, 56.6033902366702], [33.2990673437831, 56.6052842062013], [33.2945192167886, 56.6063148787288], [33.291035943754, 56.603351405743], [33.2943076584718, 56.6046037080948], [33.2965780689229, 56.6027991608528], [33.2914449967893, 56.6016168788161], [33.2883493630329, 56.6043119302515], [33.2867346995469, 56.6038568454172], [33.2850355825263, 56.6027172586947], [33.2887585248862, 56.6025774186131], [33.2841973891983, 56.5984508335393], [33.2815595427389, 56.6023320017207], [33.2739390231675, 56.5986637606242], [33.2781555566338, 56.5974741536095], [33.2752943410612, 56.5944869115419], [33.2504735966793, 56.5928368039755], [33.2577970899639, 56.5941104670246], [33.2589589313098, 56.5959581250676], [33.2580072849084, 56.5958217869461], [33.2571397125279, 56.596369965102], [33.256808485923, 56.5962104289683], [33.2562721230602, 56.5969181369626], [33.2610304899653, 56.5975998230736], [33.2694216772688, 56.5948789134313], [33.2744329838953, 56.5976137436795], [33.2690232686091, 56.601770473129], [33.2916280016311, 56.608142685137], [33.2935674031133, 56.613654899754], [33.2881582463062, 56.6103359607362], [33.2867613446605, 56.6141703389901], [33.2954925854146, 56.6141860501463]], [[33.2946955693452, 56.6102621767582], [33.294653250847, 56.6099199514448], [33.294984701383, 56.6100793958476], [33.2946955693452, 56.6102621767582]], [[33.2939903560703, 56.6096010599411], [33.2939480447666, 56.6092588337283], [33.2942794872087, 56.6094182799299], [33.2939903560703, 56.6096010599411]], [[33.2911697026199, 56.6069565396128], [33.290464590069, 56.6062953967154], [33.2914588283624, 56.6067737614001], [33.2911697026199, 56.6069565396128]], [[33.284830939996, 56.6035845100173], [33.283836831205, 56.6031060922725], [33.2854091950784, 56.6032189706791], [33.284830939996, 56.6035845100173]], [[33.2960493898676, 56.6060854131115], [33.2970860141084, 56.6069059761301], [33.2952243877954, 56.6069760027405], [33.2960493898676, 56.6060854131115]], [[33.2892589940075, 56.6041058407121], [33.2893435410717, 56.6047903147214], [33.2889698736609, 56.6042886180255], [33.2892589940075, 56.6041058407121]], [[33.2750172698313, 56.5998267531023], [33.2749751042178, 56.5994845026079], [33.275306415359, 56.5996439973728], [33.2750172698313, 56.5998267531023]], [[33.2736860852448, 56.596610234275], [33.2742221873042, 56.5959024651268], [33.2748847592244, 56.5962214636498], [33.2736860852448, 56.596610234275]], [[33.265325941639, 56.5945165145257], [33.2663196826074, 56.5949950716654], [33.2650367925141, 56.5946992558661], [33.265325941639, 56.5945165145257]], [[33.2596582648172, 56.594040881082], [33.2597003153174, 56.5943831477642], [33.25936909231, 56.5942236125298], [33.2596582648172, 56.594040881082]], [[33.2849933404705, 56.6023750171935], [33.2852402205599, 56.6018500028755], [33.2855715829623, 56.602009474258], [33.2849933404705, 56.6023750171935]], [[33.2945544450318, 56.6040786865823], [33.2945121346275, 56.6037364486783], [33.2948435401974, 56.6038958984771], [33.2945544450318, 56.6040786865823]], [[33.3005349789063, 56.6121053786605], [33.3007817357886, 56.6115803670404], [33.3011132187003, 56.6117397979535], [33.3005349789063, 56.6121053786605]]], [[[33.3088809464987, 56.6215895390262], [33.3083026464502, 56.6219551287264], [33.309544108374, 56.6219083450942], [33.3088809464987, 56.6215895390262]]], [[[33.4022504867707, 56.6548289593891], [33.4021642184041, 56.6541447344921], [33.4015862403129, 56.6545106056801], [33.4022504867707, 56.6548289593891]]], [[[33.2760355308152, 56.6106189315186], [33.2764091100925, 56.611120643503], [33.276698319472, 56.6109378967667], [33.2760355308152, 56.6106189315186]]], [[[33.3061088744252, 56.6218658764092], [33.3100375214146, 56.6208583515319], [33.304944560843, 56.6200188335025], [33.3061088744252, 56.6218658764092]], [[33.3072230813802, 56.6207925085676], [33.3072654979046, 56.6211347095993], [33.3069339286581, 56.6209753020687], [33.3072230813802, 56.6207925085676]]], [[[33.3677436518482, 56.6434258706076], [33.3693175517637, 56.6435378775711], [33.3679040747135, 56.6422165585475], [33.3677436518482, 56.6434258706076]]], [[[33.1727110476769, 56.5759503984922], [33.1748604399575, 56.5731203615156], [33.1741160342278, 56.5721162396729], [33.1727110476769, 56.5759503984922]]], [[[33.2898713756636, 56.616632067616], [33.2894553232048, 56.6157881869754], [33.28953989545, 56.6164726196159], [33.2898713756636, 56.616632067616]]], [[[33.3042042767062, 56.6215938063093], [33.3050717654498, 56.6210454410944], [33.3032095968456, 56.6211155594357], [33.3042042767062, 56.6215938063093]]], [[[33.2833158737288, 56.6141342015324], [33.2839895774572, 56.6144462941613], [33.2846102229836, 56.6144229990223], [33.2833158737288, 56.6141342015324]]], [[[33.401672498787, 56.6551948278792], [33.400922001949, 56.6541922465751], [33.3997228998921, 56.6545818616638], [33.401672498787, 56.6551948278792]]], [[[33.3719618076914, 56.6422340233817], [33.3727228463824, 56.6458146723094], [33.3760740018139, 56.6451713980418], [33.3719618076914, 56.6422340233817]]], [[[33.1597698897688, 56.5719567395121], [33.1589845163226, 56.5706102025989], [33.1588190122878, 56.5718197763617], [33.1597698897688, 56.5719567395121]]], [[[33.3914761356153, 56.6535219215996], [33.3913900255294, 56.6528376868099], [33.3911010041082, 56.6530206035182], [33.3914761356153, 56.6535219215996]]], [[[33.1631600443008, 56.5716601107257], [33.1612581247628, 56.5739651109013], [33.1646897587256, 56.5740107811728], [33.1631600443008, 56.5716601107257]]], [[[33.3692000454459, 56.6450893232139], [33.3699068361317, 56.6457499687862], [33.3708598036372, 56.6458855892487], [33.3692000454459, 56.6450893232139]]], [[[33.2896667583144, 56.6174992604826], [33.2897090462357, 56.6178414723063], [33.2925232893185, 56.6179076318319], [33.2896667583144, 56.6174992604826]]], [[[33.3738904343962, 56.6476609471951], [33.3754644898945, 56.6477728885081], [33.371941501899, 56.6470476086604], [33.3738904343962, 56.6476609471951]]], [[[33.2852305015866, 56.6169823688414], [33.2868525431106, 56.6174330487963], [33.2867680077375, 56.6167486215518], [33.2852305015866, 56.6169823688414]]], [[[33.3575938186999, 56.6420927893509], [33.3583432075731, 56.6430956449482], [33.3585894860161, 56.6425706324289], [33.3575938186999, 56.6420927893509]]], [[[33.3401872273588, 56.6375962789453], [33.3410545910967, 56.637047761745], [33.3391918460271, 56.637118303667], [33.3401872273588, 56.6375962789453]]], [[[33.142778464155, 56.57051753016], [33.1431503194319, 56.5710196729198], [33.1434397968093, 56.5708371312288], [33.142778464155, 56.57051753016]]], [[[33.1450921292985, 56.5742150091156], [33.1464973739548, 56.5755388381471], [33.1479035790871, 56.5742837928629], [33.1450921292985, 56.5742150091156]]]]}, "properties": {"id": 674, "storm_id": 482, "type": "tornado", "certainty": "High", "year": 2017, "month": 8, "date": "02.08.2017", "date_1": "2017/07/31", "date_2": "2017/08/16", "n_polygons": 198, "area_km2": 6.63, "length_km": 22.4, "mean_width_m": 308.5, "max_width_m": 1004.3, "wind_gust": -9999, "direction": "SW-NE", "near_watershed": "-9999.0", "ws_dist_km": -9999.0, "lon": 33.3253, "lat": 56.6176, "status": "processed", "metrics": {"note": "DiD-расширение; v1-джобы S1A rel108 не покрывали трек, довыполнены v2 на S1B rel62"}, "hyp3": {"control": {"granules": ["S1A_IW_SLC__1SDV_20170805T041008_20170805T041038_017783_01DCC1_56AA", "S1A_IW_SLC__1SDV_20170817T041009_20170817T041039_017958_01E20D_E432"], "job_id": "2f8e8e5d-56a0-4740-a822-2bd80570be07", "status": "SUCCEEDED"}, "prepost": {"granules": ["S1A_IW_SLC__1SDV_20170724T041008_20170724T041037_017608_01D766_3758", "S1A_IW_SLC__1SDV_20170805T041008_20170805T041038_017783_01DCC1_56AA"], "job_id": "180e2f35-05d0-437f-b65f-1a024cc5ad73", "status": "SUCCEEDED"}}, "metrics_note": "детальные метрики — отчёт изд.4 (гл. валидации); DiD 7 событий: средний AUC 0.642 -> 0.690", "result_summary": {"coh_delta": "AUC 0.908 на ID694; DiD-среднее 0.690", "lband": "ID694 dHV invAUC 0.905; ID666 не сработал (годовые мозаики)", "wind_index": "контр-пример: PA 0.059 / UA 0.024 на ID666"}}}, {"type": "Feature", "geometry": {"type": "MultiPolygon", "coordinates": [[[[36.6059906906181, 55.6672010822643], [36.6069328437759, 55.667317462631], [36.6071387408604, 55.6667849515644], [36.6059906906181, 55.6672010822643]]], [[[36.6046480010046, 55.6665888552916], [36.6050485455541, 55.6670846983004], [36.6053193431134, 55.6668949710262], [36.6046480010046, 55.6665888552916]]], [[[36.5998496304562, 55.6687857497627], [36.5997199500159, 55.6681001839765], [36.5994491236783, 55.6682898986601], [36.5998496304562, 55.6687857497627]]], [[[36.6007917980032, 55.6689021670016], [36.6049610756933, 55.669863612416], [36.6116975086333, 55.669802897386], [36.6127806395151, 55.6690439505181], [36.6028934614642, 55.6670416288682], [36.6007917980032, 55.6689021670016]]], [[[36.5913703320753, 55.6677377302123], [36.597087977928, 55.6687792485636], [36.5991134625165, 55.6681368304505], [36.5913703320753, 55.6677377302123]]], [[[36.5869953848293, 55.6673083893708], [36.5885969155154, 55.6692919196865], [36.590763841878, 55.6677743434114], [36.5869953848293, 55.6673083893708]], [[36.5880670025903, 55.6681104641268], [36.588002248705, 55.6677676758378], [36.5883378720953, 55.6679207692283], [36.5880670025903, 55.6681104641268]]], [[[36.56521327877, 55.6705279218263], [36.5807889826256, 55.6685494978612], [36.5627351671944, 55.6687703084032], [36.56521327877, 55.6705279218263]]], [[[36.5557020640991, 55.6721401463508], [36.5562440962882, 55.6717608788616], [36.55503096121, 55.6718338201748], [36.5557020640991, 55.6721401463508]]], [[[36.5534822809826, 55.6717535853599], [36.5610320203116, 55.6711262218978], [36.5638064198306, 55.6695725495337], [36.5546888618017, 55.6685442188408], [36.5534822809826, 55.6717535853599]], [[36.5597543489842, 55.6708564063982], [36.5596252279221, 55.6701708136323], [36.5602963344085, 55.6704771227212], [36.5597543489842, 55.6708564063982]]], [[[36.5096363454412, 55.6636362820889], [36.5109135491211, 55.6639065283638], [36.5118554099993, 55.664023499585], [36.5096363454412, 55.6636362820889]]], [[[36.5005039171222, 55.6607157355429], [36.5010316213124, 55.6618975400396], [36.501302793889, 55.6617079944286], [36.5005039171222, 55.6607157355429]]], [[[36.49927628857, 55.6623491301085], [36.4994192214201, 55.6614739134905], [36.4989409817411, 55.6621958352698], [36.49927628857, 55.6623491301085]]], [[[36.4992615981444, 55.6639100105387], [36.5006028893121, 55.6645231764036], [36.5008740780764, 55.6643336334906], [36.4992615981444, 55.6639100105387]]], [[[36.5060325641517, 55.6673185247303], [36.5053618416758, 55.6670119719251], [36.5047552966198, 55.6670482415832], [36.5061112116633, 55.6661004964409], [36.5112988132898, 55.6659634901231], [36.5013376875844, 55.6651725831484], [36.5045482735841, 55.6675806132549], [36.5060325641517, 55.6673185247303]]], [[[36.4976344080017, 55.6650472410375], [36.4986403815485, 55.6655071246543], [36.4988474567449, 55.6649747547813], [36.4976344080017, 55.6650472410375]]], [[[36.4864268084506, 55.6608632270564], [36.4940444681778, 55.667168330754], [36.4957507222182, 55.6648131196299], [36.4864268084506, 55.6608632270564]]], [[[36.4692532224584, 55.6608472371105], [36.4705301302615, 55.6611178269263], [36.4708014179512, 55.6609283343753], [36.4692532224584, 55.6608472371105]]], [[[36.4730045168452, 55.6628770096664], [36.4738183736192, 55.6623085230201], [36.4726692882572, 55.6627236572712], [36.4730045168452, 55.6628770096664]]], [[[36.4670346426348, 55.6604593936862], [36.4677689336895, 55.6611089775974], [36.4680402312718, 55.6609194904423], [36.4670346426348, 55.6604593936862]]], [[[36.4744733462681, 55.6641760974491], [36.4770274073891, 55.6647171673636], [36.4777133005285, 55.6634629791333], [36.4744733462681, 55.6641760974491]]], [[[36.4594215109941, 55.6607392725995], [36.4598843695682, 55.6615783652495], [36.4604270303833, 55.661199417919], [36.4594215109941, 55.6607392725995]]], [[[36.4730045168452, 55.6628770096664], [36.468886693866, 55.6638156446764], [36.4681680357264, 55.6616051920262], [36.4666837172799, 55.6618669199226], [36.4678014378862, 55.6645735861023], [36.4730045168452, 55.6628770096664]]], [[[36.4585276793091, 55.6625257182874], [36.4578733415816, 55.6606580611208], [36.4567241581935, 55.6610730775607], [36.4585276793091, 55.6625257182874]]], [[[36.4588628611323, 55.6626791030583], [36.4589905432791, 55.6633648073401], [36.4595332292753, 55.6629858672042], [36.4588628611323, 55.6626791030583]]], [[[36.4562930411911, 55.6636986015094], [36.456053833218, 55.6607662981263], [36.4529575123794, 55.660603788834], [36.4562930411911, 55.6636986015094]]], [[[36.4473076745097, 55.6598996799265], [36.450243862964, 55.6624983681054], [36.4508666317898, 55.6609014266597], [36.4473076745097, 55.6598996799265]]], [[[36.4405087135065, 55.6596102547097], [36.4443224469235, 55.6619836078574], [36.444801497791, 55.6612618569493], [36.4405087135065, 55.6596102547097]]], [[[36.4344268970838, 55.6615311679292], [36.4342995683705, 55.660845437567], [36.4337567061073, 55.6612242913681], [36.4344268970838, 55.6615311679292]]], [[[36.4273733254188, 55.6598696920328], [36.4285693940624, 55.6613586581757], [36.4318734771794, 55.6609893740605], [36.4273733254188, 55.6598696920328]]], [[[36.3936515365893, 55.6582257196414], [36.3885728689429, 55.6606053959225], [36.4103271014147, 55.6605327936537], [36.3936515365893, 55.6582257196414]]], [[[36.3741979695608, 55.65746716218], [36.3754742604289, 55.6577385523925], [36.3757458961563, 55.657549226216], [36.3741979695608, 55.65746716218]]], [[[36.3832588918845, 55.6600524459638], [36.3868542303386, 55.6613868231435], [36.3878396453835, 55.6599554271015], [36.3871697709683, 55.659648342797], [36.3832588918845, 55.6600524459638]]], [[[36.3616444059647, 55.6542204288299], [36.3623962688729, 55.6533096044549], [36.3599703467543, 55.653452400608], [36.3600334764639, 55.6537953103055], [36.3616444059647, 55.6542204288299]]], [[[36.3586119369915, 55.6543989037866], [36.3584856946592, 55.6537130834922], [36.3579423233797, 55.6540916809865], [36.3586119369915, 55.6543989037866]]], [[[36.3694533110216, 55.6599997789668], [36.3705399987221, 55.6592425237237], [36.3687203527622, 55.6593497184149], [36.3694533110216, 55.6599997789668]]], [[[36.3690486268928, 55.6544776556195], [36.3584664923349, 55.6552740169824], [36.3721699668706, 55.6581066188256], [36.3690486268928, 55.6544776556195]]], [[[36.3629455684834, 55.6579566748608], [36.363678429616, 55.6586067695869], [36.3639501193027, 55.6584174649942], [36.3629455684834, 55.6579566748608]]], [[[36.3611259539998, 55.6580637796199], [36.3619410356504, 55.6574958784322], [36.3604562747374, 55.6577565748062], [36.3611259539998, 55.6580637796199]]], [[[36.3460840310534, 55.6546156403996], [36.3465644641789, 55.6538941718787], [36.3457492629183, 55.6544620029193], [36.3460840310534, 55.6546156403996]]], [[[36.3560597392657, 55.6538558166927], [36.3412121831959, 55.6564615942274], [36.3575251737479, 55.6551560933792], [36.3560597392657, 55.6538558166927]]], [[[36.3037103162782, 55.6458348155245], [36.3049859047758, 55.6461068136787], [36.3051950205339, 55.6455746551464], [36.3037103162782, 55.6458348155245]]], [[[36.3267786704994, 55.6529758966205], [36.3294991079976, 55.6561091634073], [36.3307322781723, 55.6544770908453], [36.3267786704994, 55.6529758966205]]], [[[36.2747320249632, 55.6381685555346], [36.2762791709471, 55.6382516420998], [36.2752758674874, 55.6377902251389], [36.2747320249632, 55.6381685555346]]], [[[36.2619805484637, 55.6354454272648], [36.2627117188709, 55.6360960813692], [36.2632556315423, 55.6357177905438], [36.2619805484637, 55.6354454272648]]], [[[36.2820058280067, 55.642770170607], [36.2835531295734, 55.6428531807299], [36.2816087791221, 55.6422734201824], [36.2820058280067, 55.642770170607]]], [[[36.3124314495519, 55.6532965391042], [36.3137907262612, 55.6523504442178], [36.3120340022676, 55.6527998965981], [36.3124314495519, 55.6532965391042]]], [[[36.2592208564575, 55.6354327926894], [36.2599519908918, 55.636083458485], [36.2604959233483, 55.6357051784514], [36.2592208564575, 55.6354327926894]]], [[[36.3143344203974, 55.6519720014069], [36.3215715580811, 55.6546675564628], [36.3168860560468, 55.6525157926699], [36.3207544403653, 55.6502094947725], [36.3143344203974, 55.6519720014069]]], [[[36.2917068347028, 55.647229655924], [36.2934635425086, 55.6467804274749], [36.291644190627, 55.6468867066563], [36.2917068347028, 55.647229655924]]], [[[36.3067426125817, 55.6506833016932], [36.3102772458984, 55.6532493255961], [36.3127446501456, 55.6499854196915], [36.3067426125817, 55.6506833016932]]], [[[36.2487488312937, 55.6334424293248], [36.2512364217237, 55.6336443828822], [36.2511740843167, 55.6333013922456], [36.2487488312937, 55.6334424293248]]], [[[36.2718437523874, 55.6424962874739], [36.2733910314711, 55.6425794001194], [36.2717812593978, 55.6421533211191], [36.2718437523874, 55.6424962874739]]], [[[36.2451109261285, 55.6336539138971], [36.2457795459894, 55.6339616628007], [36.2463858680136, 55.6339264183697], [36.2451109261285, 55.6336539138971]]], [[[36.2498764516371, 55.6345900083224], [36.2475134451895, 55.6350740126557], [36.2515481213489, 55.6353593216755], [36.253055362615, 55.6335385776434], [36.2498764516371, 55.6345900083224]]], [[[36.2751883877341, 55.6440343476072], [36.2764637693876, 55.6443065867797], [36.2766731900159, 55.643774463321], [36.2751883877341, 55.6440343476072]]], [[[36.2987743854297, 55.6523623791207], [36.3006566358952, 55.6525989520802], [36.3009285360233, 55.652409755406], [36.2987743854297, 55.6523623791207]]], [[[36.2661402339848, 55.6364163101647], [36.2676613221125, 55.6430866078608], [36.2712998334208, 55.6428745953864], [36.2661402339848, 55.6364163101647]]], [[[36.253049978374, 55.6385647599559], [36.2565634533408, 55.6376671331319], [36.2585297283645, 55.6366861706304], [36.2571298778417, 55.6357278044948], [36.253049978374, 55.6385647599559]], [[36.2567730601288, 55.6371350195657], [36.2567106786551, 55.6367920388217], [36.2570450465918, 55.6369458867434], [36.2567730601288, 55.6371350195657]]], [[[36.2884223433167, 55.6510608002159], [36.2892381579148, 55.6504932677503], [36.2877532189361, 55.6507532644517], [36.2884223433167, 55.6510608002159]]], [[[36.2763168759233, 55.6451816693987], [36.2779267891901, 55.6456076926411], [36.2793898818377, 55.6469087742207], [36.2844508814032, 55.6460935765575], [36.2852666609278, 55.6455260494878], [36.2763168759233, 55.6451816693987]]], [[[36.2422432147527, 55.6364201250889], [36.2452126880153, 55.6359009662568], [36.2410534638465, 55.63492950869], [36.2422432147527, 55.6364201250889]]], [[[36.2789085206119, 55.647630056582], [36.2838012399354, 55.64925092539], [36.2894276711503, 55.6464962462049], [36.2789085206119, 55.647630056582]]], [[[36.2323780125354, 55.6343934156238], [36.2329221401448, 55.6340152291197], [36.2317094718148, 55.6340856064658], [36.2323780125354, 55.6343934156238]]], [[[36.2179972531708, 55.632801103888], [36.2212152639734, 55.6336544229135], [36.2223658017405, 55.6332411259773], [36.2179972531708, 55.632801103888]]], [[[36.2356586089578, 55.6355894150196], [36.2317251460988, 55.6375507293828], [36.2383952558366, 55.6371635388664], [36.2356586089578, 55.6355894150196]]], [[[36.2373070060137, 55.637919935257], [36.2421973601203, 55.6395422222959], [36.243285570373, 55.638785797127], [36.2373070060137, 55.637919935257]]], [[[36.2432397777937, 55.6419078574618], [36.244203429245, 55.6404654744023], [36.2418400819544, 55.6409493753136], [36.2432397777937, 55.6419078574618]]], [[[36.2498026793504, 55.6442992177349], [36.2527725546099, 55.6437799329977], [36.2490715593052, 55.6436485294562], [36.2498026793504, 55.6442992177349]]], [[[36.2475470483578, 55.6420041577658], [36.2426104367224, 55.6435040983357], [36.2475866131318, 55.6439081421472], [36.2475470483578, 55.6420041577658]]], [[[36.2259955968195, 55.6380563821965], [36.2271461993378, 55.6376430582807], [36.2247206603304, 55.6377837086514], [36.2259955968195, 55.6380563821965]]], [[[36.2199553065923, 55.6368468390106], [36.222505091437, 55.6373922553485], [36.2209816749645, 55.6357475661974], [36.2199553065923, 55.6368468390106]]], [[[36.2123922474045, 55.6339922622333], [36.2128505913819, 55.6348322164338], [36.2133948754733, 55.6344541009761], [36.2123922474045, 55.6339922622333]]], [[[36.2307222815082, 55.637089016545], [36.2265163834245, 55.6392392676782], [36.2387619229246, 55.6442474941267], [36.2412729838613, 55.642888596032], [36.2307222815082, 55.637089016545]], [[36.2339176024156, 55.639503090995], [36.2322228192279, 55.6402946337905], [36.2302791819388, 55.6397142113419], [36.2339176024156, 55.639503090995]], [[36.2355038095533, 55.6414905999114], [36.2354415737698, 55.6411476173688], [36.235775901237, 55.6413015093573], [36.2355038095533, 55.6414905999114]], [[36.2371132407836, 55.6419170647209], [36.2373230804959, 55.6413849898256], [36.2376574169564, 55.6415388755188], [36.2371132407836, 55.6419170647209]]], [[[36.2238186385195, 55.6395689789254], [36.2260343144322, 55.639960408846], [36.2247828169736, 55.6381267019859], [36.2238186385195, 55.6395689789254]]], [[[36.223522978303, 55.6413190767142], [36.2177545009696, 55.6399203971088], [36.216938028967, 55.6404875761409], [36.223522978303, 55.6413190767142]]], [[[36.1770385964542, 55.6265039483987], [36.1781643641942, 55.627652099365], [36.1790428930153, 55.6274281205115], [36.1770385964542, 55.6265039483987]]], [[[36.1560083604976, 55.6202637208942], [36.1552788547355, 55.6196125002169], [36.1544003573907, 55.6198363513667], [36.1560083604976, 55.6202637208942]]], [[[36.1890655161608, 55.6320485197236], [36.1889417226825, 55.6313624826926], [36.1886695050937, 55.631551498603], [36.1890655161608, 55.6320485197236]]], [[[36.1319527314336, 55.6141943735716], [36.1338941797728, 55.6147761297148], [36.1347726789162, 55.6145523909802], [36.1319527314336, 55.6141943735716]]], [[[36.1218242427947, 55.611090305973], [36.122913733682, 55.6115935315165], [36.1228523288721, 55.6112504509477], [36.1218242427947, 55.611090305973]]], [[[36.1731652901462, 55.6288068666437], [36.1730417250957, 55.6281208062304], [36.1724971990866, 55.6284987885884], [36.1731652901462, 55.6288068666437]]], [[[36.2096608579624, 55.6409089193114], [36.2114801630792, 55.6408036140957], [36.2129890707891, 55.6389833206239], [36.207345243988, 55.6382702238919], [36.2096608579624, 55.6409089193114]], [[36.2088062304234, 55.6395720330231], [36.2087441816988, 55.6392290360913], [36.2090784165359, 55.6393829883344], [36.2088062304234, 55.6395720330231]]], [[[36.2155565893653, 55.6426055497065], [36.2160356699104, 55.6422727753684], [36.2141567352453, 55.6424195195453], [36.2155565893653, 55.6426055497065]]], [[[36.2090544208251, 55.6409440135556], [36.209512774695, 55.6417839488703], [36.2100571631078, 55.6414058603923], [36.2090544208251, 55.6409440135556]]], [[[36.1173162606371, 55.6104623183815], [36.1178805285637, 55.6108422585635], [36.1187053471742, 55.6106558425932], [36.1173162606371, 55.6104623183815]]], [[[36.1727443121005, 55.6298709058178], [36.1740187503652, 55.6301440245273], [36.1739569615447, 55.6298009961192], [36.1727443121005, 55.6298709058178]]], [[[36.1110291110048, 55.6101949544338], [36.1115125856375, 55.6094740677742], [36.110695387882, 55.6100407647696], [36.1110291110048, 55.6101949544338]]], [[[36.1094831422334, 55.6101101771432], [36.1099666429464, 55.6093892949801], [36.1091494272044, 55.6099559838817], [36.1094831422334, 55.6101101771432]]], [[[36.1202513788982, 55.6138257576528], [36.1216132843258, 55.6128811925132], [36.1191886797139, 55.6130201782388], [36.1202513788982, 55.6138257576528]]], [[[36.1848953211623, 55.6361017470981], [36.1847715762474, 55.6354157217583], [36.1842270574329, 55.6357937319953], [36.1848953211623, 55.6361017470981]]], [[[36.0730072470869, 55.5995435316088], [36.0728851713138, 55.5988572877338], [36.072340193845, 55.5992349679196], [36.0730072470869, 55.5995435316088]]], [[[36.0599437310186, 55.5966486490161], [36.0604887759364, 55.5962710066019], [36.0592768009838, 55.5963400223743], [36.0599437310186, 55.5966486490161]]], [[[36.0987227476568, 55.6098593805062], [36.0982053811736, 55.6086758816867], [36.0977217149853, 55.6093967287762], [36.0987227476568, 55.6098593805062]]], [[[36.0999962479287, 55.6101331476268], [36.1003911807086, 55.6106304520339], [36.1006636276245, 55.6104415728205], [36.0999962479287, 55.6101331476268]]], [[[36.0386688362979, 55.5905800688153], [36.0388806239418, 55.5900481306169], [36.038002123899, 55.5902713405501], [36.0386688362979, 55.5905800688153]]], [[[36.0600046753756, 55.5969917799468], [36.061611096575, 55.5974201962852], [36.0614891862771, 55.5967339362223], [36.0600046753756, 55.5969917799468]]], [[[36.0537619693396, 55.5963073392125], [36.0539127128016, 55.5954322592915], [36.0534285241073, 55.5961530128514], [36.0537619693396, 55.5963073392125]]], [[[36.0390629866677, 55.5910775809658], [36.0382452538156, 55.5916439416148], [36.039396350961, 55.5912319415011], [36.0390629866677, 55.5910775809658]]], [[[36.0964818790357, 55.611027281484], [36.0959645548205, 55.609843780866], [36.0954808454648, 55.6105646171635], [36.0964818790357, 55.611027281484]]], [[[36.0379118904216, 55.5914895774822], [36.0377295510781, 55.5904601253347], [36.0366392301165, 55.591215264473], [36.0379118904216, 55.5914895774822]]], [[[36.1108592848283, 55.6160967679517], [36.1116765815092, 55.6155300880433], [36.1104642018616, 55.6155995058127], [36.1108592848283, 55.6160967679517]]], [[[36.0324272535151, 55.5898947296582], [36.0328213319391, 55.5903922597951], [36.0330939245451, 55.5902034822051], [36.0324272535151, 55.5898947296582]]], [[[36.1077669794627, 55.6159271980819], [36.1087069310802, 55.6160466928008], [36.1089180613196, 55.6155147240254], [36.1077669794627, 55.6159271980819]]], [[[36.1290713755437, 55.6134932306283], [36.1170708887107, 55.6148745155466], [36.1147885325649, 55.6106728244914], [36.1110633095243, 55.6120992805575], [36.1038715291479, 55.6078318760404], [36.100608711423, 55.6135640351523], [36.1105526636746, 55.6143813750006], [36.1149259399803, 55.6182899958868], [36.1173777436881, 55.6165898905112], [36.1165949171219, 55.6190608560738], [36.1229295842331, 55.6185245228886], [36.1290713755437, 55.6134932306283]], [[36.1229830705125, 55.6154021325026], [36.1231058909243, 55.6160882765529], [36.1227106838512, 55.6155910458902], [36.1229830705125, 55.6154021325026]], [[36.1192845843163, 55.6152675489584], [36.1200135468878, 55.6159189557953], [36.1197411449381, 55.6161078655857], [36.1192845843163, 55.6152675489584]], [[36.118712905976, 55.6172065637321], [36.1197142983763, 55.6176690607787], [36.1191080878681, 55.6177038015894], [36.118712905976, 55.6172065637321]], [[36.1179570410848, 55.6181163484908], [36.1180184207137, 55.6184594182677], [36.1176846211485, 55.6183052510866], [36.1179570410848, 55.6181163484908]], [[36.1139443236718, 55.6128007706392], [36.1143664375612, 55.6117368016123], [36.1147001831671, 55.6118909831825], [36.1139443236718, 55.6128007706392]]], [[[36.0362155972722, 55.59227912738], [36.0383060389927, 55.5919870896327], [36.0364274163923, 55.5917471981748], [36.0362155972722, 55.59227912738]]], [[[36.1312491899983, 55.6239393112504], [36.1420297096036, 55.6191612464945], [36.1649999414943, 55.6259847679828], [36.1620450021753, 55.6214759017916], [36.156984517022, 55.6222871280487], [36.1373203404615, 55.6150992965954], [36.1333845735394, 55.6170582700233], [36.1312491899983, 55.6239393112504]], [[36.1333932430039, 55.6205236987099], [36.1333317554563, 55.6201806388256], [36.1336656170747, 55.6203347700338], [36.1333932430039, 55.6205236987099]], [[36.1368461036649, 55.6192856964779], [36.136784592735, 55.6189426347949], [36.137118456152, 55.6190967588086], [36.1368461036649, 55.6192856964779]], [[36.1363277119545, 55.6181023829188], [36.1390510866385, 55.6162129891383], [36.1399033894301, 55.6175504231137], [36.1363277119545, 55.6181023829188]], [[36.1400879923671, 55.6185796090619], [36.1396925892417, 55.6180824278619], [36.1406326586704, 55.6182017238307], [36.1400879923671, 55.6185796090619]], [[36.1372940577747, 55.6166605025803], [36.137355572302, 55.6170035687599], [36.1370217214754, 55.6168494420483], [36.1372940577747, 55.6166605025803]], [[36.1608070125338, 55.6231068780801], [36.1601390806542, 55.6227987370722], [36.1610792912765, 55.6229179035386], [36.1608070125338, 55.6231068780801]], [[36.1620195081939, 55.6230370628103], [36.1619578129029, 55.6226940182145], [36.1622917842386, 55.6228480846715], [36.1620195081939, 55.6230370628103]]], [[[36.0438834931289, 55.5958293477464], [36.0503667444299, 55.5944209015036], [36.0504566712386, 55.593202677162], [36.0450322646275, 55.5919514414061], [36.0438834931289, 55.5958293477464]], [[36.0467309023094, 55.594627678125], [36.0448521349182, 55.5943878936865], [36.0463366467191, 55.5941301947528], [36.0467309023094, 55.594627678125]]], [[[36.1276995380035, 55.6229299067899], [36.124633432587, 55.621199529335], [36.1215697013808, 55.6217814626445], [36.1276995380035, 55.6229299067899]]], [[[36.1116223712756, 55.6186524757313], [36.1121672615101, 55.6182746903249], [36.1109548117154, 55.6183441107922], [36.1116223712756, 55.6186524757313]]], [[[36.003433430009, 55.5868589286968], [36.0048268764593, 55.5878198632962], [36.0053722496298, 55.5874424043437], [36.003433430009, 55.5868589286968]]], [[[35.9990105318108, 55.5860693401281], [35.9994042388147, 55.5865669673918], [35.9996769384401, 55.5863782446604], [35.9990105318108, 55.5860693401281]]], [[[35.9971323291938, 55.5858289549425], [35.9975865075115, 55.5866697590023], [35.9981319211514, 55.5862923243315], [35.9971323291938, 55.5858289549425]]], [[[35.9934364420383, 55.5856912912203], [35.9951023785721, 55.5864636092084], [35.9956478128964, 55.5860861826314], [35.9934364420383, 55.5856912912203]]], [[[35.9912855559838, 55.5856395415318], [35.9920123601825, 55.5862916588331], [35.9922246370575, 55.5857597745941], [35.9912855559838, 55.5856395415318]]], [[[35.9336391414334, 55.5831672152949], [35.9335190711484, 55.5824808023473], [35.9329731970556, 55.5828580148856], [35.9336391414334, 55.5831672152949]]], [[[35.9307624836019, 55.5824622025688], [35.9318814227896, 55.5836124291704], [35.9327602870578, 55.583389824481], [35.9307624836019, 55.5824622025688]]], [[[35.9254292493605, 55.5834544776422], [35.9296706850542, 55.5832166024644], [35.9253092932894, 55.582768060198], [35.9254292493605, 55.5834544776422]]], [[[35.9207948872744, 55.5831943964045], [35.9209147821916, 55.5838808156473], [35.9214607588071, 55.5835036498737], [35.9207948872744, 55.5831943964045]]], [[[35.9117323443724, 55.5856080733541], [35.9175188791931, 55.5854573406839], [35.9099480156885, 55.5841484107207], [35.9117323443724, 55.5856080733541]]], [[[35.8977094405384, 55.5841397268671], [35.9040419582699, 55.5836124255732], [35.9095815491493, 55.5855551680368], [35.908163796722, 55.5826887166111], [35.8977094405384, 55.5841397268671]]], [[[35.8905063242076, 55.5814230710181], [35.8915304118992, 55.5837917944559], [35.8929556574778, 55.5831923612387], [35.8905063242076, 55.5814230710181]]], [[[35.8779105824076, 55.5793534297172], [35.8779702236471, 55.5796966631706], [35.8792416887531, 55.5799723215655], [35.8779105824076, 55.5793534297172]]], [[[35.8655049518922, 55.5748462767344], [35.8660758577148, 55.5763740099528], [35.866895333453, 55.5758085351359], [35.8655049518922, 55.5748462767344]]], [[[35.8857186232161, 55.5820368969854], [35.8886885560322, 55.5815245640076], [35.8829964922945, 55.5804559976464], [35.8857186232161, 55.5820368969854]], [[35.8855992292212, 55.5813504435683], [35.8855395331231, 55.5810072164101], [35.8858723407361, 55.5811619231844], [35.8855992292212, 55.5813504435683]]], [[[35.8618697941558, 55.5750486475772], [35.8614180682894, 55.5742073893597], [35.8608717301464, 55.5745843572824], [35.8618697941558, 55.5750486475772]]], [[[35.8720054566866, 55.5788161855187], [35.8714939268035, 55.5776317325186], [35.8706148880668, 55.5778539882711], [35.8720054566866, 55.5788161855187]]], [[[35.8635928142571, 55.5761656972892], [35.863081516399, 55.5749812011217], [35.8622620109832, 55.5755466579521], [35.8635928142571, 55.5761656972892]]]]}, "properties": {"id": 608, "storm_id": 440, "type": "tornado", "certainty": "High", "year": 2016, "month": 7, "date": "13.07.2016", "date_1": "2016/06/29", "date_2": "2016/07/15", "n_polygons": 127, "area_km2": 5.1, "length_km": 45.2, "mean_width_m": 186.0, "max_width_m": 872.7, "wind_gust": -9999, "direction": "W-E", "near_watershed": "27509.0", "ws_dist_km": 7.0, "lon": 36.2426, "lat": 55.6292, "status": "processed", "metrics": {"note": "DiD-расширение; v1-джобы на южном кадре, v2 на северной цепочке T034515"}, "hyp3": {"prepost": {"granules": ["S1A_IW_SLC__1SDV_20160702T034543_20160702T034611_011964_01272B_77AD", "S1A_IW_SLC__1SDV_20160714T034543_20160714T034611_012139_012CF1_DD1E"], "job_id": "c39b67a1-31fa-49ab-889a-61ccd420ffa8", "status": "SUCCEEDED"}, "control": {"granules": ["S1A_IW_SLC__1SDV_20160714T034543_20160714T034611_012139_012CF1_DD1E", "S1A_IW_SLC__1SDV_20160726T034544_20160726T034612_012314_013299_3244"], "job_id": "6560a619-cf70-4813-8bd7-81e35d0b0fa8", "status": "SUCCEEDED"}}, "metrics_note": "детальные метрики — отчёт изд.4 (гл. валидации); DiD 7 событий: средний AUC 0.642 -> 0.690", "result_summary": {"coh_delta": "AUC 0.908 на ID694; DiD-среднее 0.690", "lband": "ID694 dHV invAUC 0.905; ID666 не сработал (годовые мозаики)", "wind_index": "контр-пример: PA 0.059 / UA 0.024 на ID666"}}}, {"type": "Feature", "geometry": {"type": "MultiPolygon", "coordinates": [[[[38.5311409535923, 55.8491503430141], [38.5360768124951, 55.8491374827088], [38.5389549011479, 55.8482327854149], [38.5363688700275, 55.8477269482402], [38.5311409535923, 55.8491503430141]]], [[[38.5292408066181, 55.8489416526353], [38.5293982473314, 55.8496247668697], [38.5301908774072, 55.8490460009724], [38.5292408066181, 55.8489416526353]]], [[[38.4945495387304, 55.8403547593648], [38.4973990352374, 55.8406684473911], [38.4982703874686, 55.8404314112807], [38.4945495387304, 55.8403547593648]]], [[[38.5381851129528, 55.8743351572419], [38.5389780443015, 55.8737564192235], [38.5374988438967, 55.874037960084], [38.5381851129528, 55.8743351572419]]], [[[38.5361772442845, 55.8750025054615], [38.5362839470467, 55.8741265792784], [38.5354909770271, 55.8747053011089], [38.5361772442845, 55.8750025054615]]], [[[38.5128922775567, 55.8785917096399], [38.5192927894308, 55.8775518154641], [38.5190642564104, 55.8763337179269], [38.5128922775567, 55.8785917096399]]], [[[38.5061717095569, 55.8807225570006], [38.5075432125494, 55.8798265588488], [38.5057542559543, 55.8800247937094], [38.5061717095569, 55.8807225570006]]], [[[38.4182439642877, 55.8724469739489], [38.4194282023498, 55.8735767139943], [38.4204873168364, 55.8728058816862], [38.4182439642877, 55.8724469739489]]], [[[38.4540999900227, 55.8833965346225], [38.4522170362874, 55.8859631709637], [38.4591176449635, 55.8837276955769], [38.4540999900227, 55.8833965346225]]], [[[38.4028528678657, 55.8713000172821], [38.4050181754486, 55.8713175702499], [38.4052051238176, 55.8707833037067], [38.4028528678657, 55.8713000172821]]], [[[38.4036627802133, 55.8734984037285], [38.4057502982378, 55.8731743690021], [38.4067784742473, 55.8736210487726], [38.4069654100258, 55.8730867858267], [38.4056724106534, 55.8728327885025], [38.4036627802133, 55.8734984037285]]], [[[38.3948141005905, 55.8739621769131], [38.3962941292708, 55.8736820147134], [38.3946584855009, 55.8732790105181], [38.3948141005905, 55.8739621769131]]], [[[38.4303094496216, 55.8887618701643], [38.4319459153718, 55.8891644579735], [38.4326622604551, 55.8882447806723], [38.4303094496216, 55.8887618701643]]], [[[38.4042697065819, 55.8869946339954], [38.405220254911, 55.8870997368635], [38.4054072599372, 55.8865655125885], [38.4042697065819, 55.8869946339954]]], [[[38.4036619744207, 55.8870384111939], [38.40350618846, 55.8863552996575], [38.4032412715676, 55.8865479668154], [38.4036619744207, 55.8870384111939]]], [[[38.3784983365292, 55.8797357965699], [38.3791738353044, 55.8787502196471], [38.377878842135, 55.8793332699146], [38.3784983365292, 55.8797357965699]]], [[[38.4059526259131, 55.8889563827311], [38.4106276751273, 55.8891402410295], [38.4117652203888, 55.8887110782538], [38.4059526259131, 55.8889563827311]]], [[[38.3787071483164, 55.8815721681212], [38.3796747918583, 55.8810379276584], [38.3787114551697, 55.8813026314115], [38.3787071483164, 55.8815721681212]]], [[[38.3772426860013, 55.8831821254549], [38.3782103915964, 55.8826478975826], [38.3772470009485, 55.8829125896445], [38.3772426860013, 55.8831821254549]]], [[[38.3715099459274, 55.8818051986512], [38.3729441811292, 55.8820820720302], [38.3743740986858, 55.8826284641325], [38.3734280514636, 55.8818149760805], [38.3715099459274, 55.8818051986512]]], [[[38.407230530165, 55.8932038169028], [38.4067318111244, 55.8923718531786], [38.4062798568301, 55.8930987275244], [38.407230530165, 55.8932038169028]]], [[[38.3648009926719, 55.8815012098132], [38.3662439477002, 55.881239086215], [38.3648053939539, 55.8812316722041], [38.3648009926719, 55.8815012098132]]], [[[38.3686021688551, 55.8836772382141], [38.3700451778428, 55.8834150696499], [38.3686065422583, 55.8834077006051], [38.3686021688551, 55.8836772382141]]], [[[38.405313500218, 55.8969870183364], [38.4065292109545, 55.8968994486508], [38.4067162402624, 55.8963652513555], [38.405313500218, 55.8969870183364]]], [[[38.391910902866, 55.892397428099], [38.3936250052899, 55.893141971425], [38.3940771511398, 55.8924151348508], [38.391910902866, 55.892397428099]]], [[[38.4082282506334, 55.9016370987733], [38.4080723531567, 55.9009540438942], [38.4075423934668, 55.9013393629214], [38.4082282506334, 55.9016370987733]]], [[[38.3467916271321, 55.8814041963468], [38.3494875751916, 55.8810373871659], [38.3459514822753, 55.8804229622501], [38.3467916271321, 55.8814041963468]]], [[[38.3447808275733, 55.8820690084781], [38.345498726685, 55.8811497043955], [38.3437530490641, 55.8816219312073], [38.3447808275733, 55.8820690084781]]], [[[38.3415545043371, 55.8828208596951], [38.3429248885729, 55.8834169771119], [38.3431125707887, 55.8828828193868], [38.3415545043371, 55.8828208596951]]], [[[38.3399964432814, 55.8827588838156], [38.3404939122644, 55.8835911065445], [38.3410242136967, 55.8832059835694], [38.3399964432814, 55.8827588838156]]], [[[38.3454780998346, 55.8851433256041], [38.3467711108982, 55.8853978130588], [38.3469587553424, 55.8848636562329], [38.3454780998346, 55.8851433256041]]], [[[38.3383280821754, 55.8835726389663], [38.3390461224807, 55.8826533717559], [38.3379854935359, 55.8834236015182], [38.3383280821754, 55.8835726389663]]], [[[38.3425167393562, 55.8857026175819], [38.3441523705357, 55.8861061532765], [38.3448703388952, 55.8851868707777], [38.3425167393562, 55.8857026175819]]], [[[38.3641364098676, 55.8928192775878], [38.3665171518452, 55.8939097829103], [38.3684621183323, 55.8923024183221], [38.3641364098676, 55.8928192775878]]], [[[38.3386706690163, 55.8837216773137], [38.3379197126248, 55.8858582668457], [38.3432347346954, 55.8847833395796], [38.3386706690163, 55.8837216773137]]], [[[38.3293995715331, 55.8836910113313], [38.3373777469856, 55.8834671179133], [38.334294578732, 55.8821257233237], [38.3293995715331, 55.8836910113313]]], [[[38.3412355759612, 55.8882243201964], [38.3404728744238, 55.8875846764918], [38.3402076958287, 55.8877772339324], [38.3412355759612, 55.8882243201964]]], [[[38.3631329409326, 55.8955096813269], [38.3641099626049, 55.8944364951483], [38.3626665003589, 55.8946985899681], [38.3631329409326, 55.8955096813269]]], [[[38.3301620635286, 55.8843307215857], [38.3316097328031, 55.8852685319174], [38.3321401214696, 55.8848834440159], [38.3301620635286, 55.8843307215857]]], [[[38.3235098386083, 55.8835915921784], [38.3248026913913, 55.8838462684907], [38.3247253586885, 55.8835046664074], [38.3235098386083, 55.8835915921784]]], [[[38.3616850081568, 55.8960413020646], [38.3621823953015, 55.8949656436497], [38.3602636476494, 55.8949556917519], [38.3616850081568, 55.8960413020646]]], [[[38.3545672464814, 55.8952529977278], [38.3562033012415, 55.8956563859336], [38.3564684564543, 55.8954638096073], [38.3545672464814, 55.8952529977278]]], [[[38.3167909712265, 55.885286833121], [38.3166364182363, 55.8846036271559], [38.3163711631988, 55.8847961450263], [38.3167909712265, 55.885286833121]]], [[[38.3580397474366, 55.8983016931688], [38.3589904198722, 55.8984070766255], [38.3591779788808, 55.8978729413833], [38.3580397474366, 55.8983016931688]]], [[[38.3177412956244, 55.8853924818777], [38.317707893005, 55.886609800602], [38.3190341645952, 55.8856472049547], [38.3177412956244, 55.8853924818777]]], [[[38.3155419325143, 55.8865910128651], [38.3153435879364, 55.8843488833944], [38.308966845144, 55.8861928605123], [38.3108339231472, 55.8876215603869], [38.3155419325143, 55.8865910128651]], [[38.3115525453139, 55.8867024406653], [38.3116297916817, 55.8870440427485], [38.3112872614981, 55.8868949477438], [38.3115525453139, 55.8867024406653]]], [[[38.3662475009216, 55.9058702049462], [38.3678840134367, 55.9062734447638], [38.3681491794412, 55.9060808603436], [38.3662475009216, 55.9058702049462]]], [[[38.343415471447, 55.898371283608], [38.3506068920946, 55.8986789749549], [38.3530537989938, 55.8967499885213], [38.3477827672611, 55.8954293376939], [38.343913395487, 55.8972956989375], [38.343415471447, 55.898371283608]], [[38.344379473634, 55.8981068595441], [38.3448682821457, 55.8975703419978], [38.3458271330159, 55.8976102359238], [38.344379473634, 55.8981068595441]], [[38.3472578230902, 55.8981221507169], [38.3467826276163, 55.8978500707244], [38.3472623457808, 55.8978526167051], [38.3472578230902, 55.8981221507169]], [[38.3477465893338, 55.8975856205801], [38.3472759228457, 55.8970440074751], [38.3477556356142, 55.8970465507579], [38.3477465893338, 55.8975856205801]], [[38.349179407204, 55.8979719108751], [38.3491816609051, 55.8978372670764], [38.3492962363324, 55.8978870805245], [38.349179407204, 55.8979719108751]], [[38.3505920056167, 55.898139777429], [38.3506161946818, 55.8981222145687], [38.3506158979055, 55.898139903334], [38.3505920056167, 55.898139777429]]], [[[38.3503367717248, 55.9011101212353], [38.3507570662857, 55.9016006744317], [38.3510222736592, 55.9014081142932], [38.3503367717248, 55.9011101212353]]], [[[38.3519729892622, 55.901513540018], [38.3531563936528, 55.9026436245038], [38.3538744339581, 55.9017243788771], [38.3519729892622, 55.901513540018]]], [[[38.1243107041758, 55.8305447008774], [38.1256769308458, 55.8311429227079], [38.1257909621833, 55.8302670945509], [38.1243107041758, 55.8305447008774]]], [[[38.1218816047524, 55.8307154029936], [38.1227546081388, 55.8304804964779], [38.1220715199848, 55.8301813729722], [38.1218816047524, 55.8307154029936]]], [[[38.2983686199161, 55.8871228233598], [38.3003464305435, 55.8876759486863], [38.3012534103168, 55.8862227800574], [38.2983686199161, 55.8871228233598]]], [[[38.3385084349165, 55.8993538873722], [38.3400341815324, 55.9006331073322], [38.3404097348215, 55.8995648926059], [38.3385084349165, 55.8993538873722]]], [[[38.1222231501784, 55.8308649656458], [38.1172891070069, 55.8308644683207], [38.1166807579108, 55.8336841370135], [38.1241584129805, 55.8326381409376], [38.1222231501784, 55.8308649656458]], [[38.1227163419858, 55.8316981155758], [38.1227921647268, 55.8320399101139], [38.1224506067103, 55.8318903501597], [38.1227163419858, 55.8316981155758]], [[38.1217675014692, 55.8315912275533], [38.1219191298641, 55.8322748157303], [38.1212360228243, 55.831975690426], [38.1217675014692, 55.8315912275533]], [[38.118389502174, 55.8316549786945], [38.1184652934387, 55.8319967750313], [38.1181237498114, 55.8318472051845], [38.118389502174, 55.8316549786945]]], [[[38.3230441201902, 55.9006335417047], [38.3251333505239, 55.900310650916], [38.3229667739976, 55.9002919692991], [38.3230441201902, 55.9006335417047]]], [[[38.3230108416772, 55.9018507660002], [38.3247242165495, 55.9025960440724], [38.3260507849159, 55.9016334655122], [38.3230108416772, 55.9018507660002]]], [[[38.2962643394279, 55.894214996625], [38.2968383254286, 55.8953889059734], [38.29763448984, 55.8948114845625], [38.2962643394279, 55.894214996625]]], [[[38.3214855078501, 55.9005713832629], [38.3222922087186, 55.9027698677354], [38.3227788030994, 55.9008260541792], [38.3214855078501, 55.9005713832629]]], [[[38.2961192922717, 55.8963079141791], [38.2976777355393, 55.896370332525], [38.297600574607, 55.8960287394349], [38.2961192922717, 55.8963079141791]]], [[[38.3154495046911, 55.9025645354251], [38.3203908629482, 55.9025586403691], [38.3205015362171, 55.9016829902779], [38.3154495046911, 55.9025645354251]], [[38.3194401932105, 55.9024530176928], [38.3193628712996, 55.9021114452871], [38.3197055327843, 55.9022605115136], [38.3194401932105, 55.9024530176928]]], [[[38.2874966815268, 55.8977901992585], [38.2873425017552, 55.8971070085818], [38.2868116211595, 55.8974919166188], [38.2874966815268, 55.8977901992585]]], [[[38.2893976972461, 55.8980018403129], [38.2939960333904, 55.8978476587426], [38.2914099204316, 55.8973378123903], [38.2893976972461, 55.8980018403129]]], [[[38.3048478179726, 55.9034948687933], [38.3054221223333, 55.9046686882095], [38.3061411024301, 55.9037496755073], [38.3048478179726, 55.9034948687933]]], [[[38.2535905055975, 55.8898432563614], [38.2550259719712, 55.8891102045724], [38.2535694416766, 55.889177461271], [38.2535905055975, 55.8898432563614]]], [[[38.2991872700766, 55.9044192468509], [38.2990329041453, 55.9037360939457], [38.2985020442341, 55.9041210271639], [38.2991872700766, 55.9044192468509]]], [[[38.2872828874955, 55.9023175060482], [38.2877025507323, 55.9028082283173], [38.2884989453702, 55.9022308761542], [38.2872828874955, 55.9023175060482]]], [[[38.279780136844, 55.9001690328747], [38.2770893059269, 55.8977796906804], [38.2743904881307, 55.8987375936652], [38.2766654995133, 55.9001812087959], [38.279780136844, 55.9001690328747]]], [[[38.2570817969875, 55.8938108341029], [38.2579543642027, 55.8924277010777], [38.2556611208642, 55.8937642150466], [38.2570817969875, 55.8938108341029]]], [[[38.2905292026608, 55.9071188272723], [38.2918225114, 55.9073737499987], [38.2920108510201, 55.9068397208766], [38.2905292026608, 55.9071188272723]]], [[[38.2866151642586, 55.9075711691743], [38.2866493627781, 55.9063539889456], [38.2858528782079, 55.906931319525], [38.2866151642586, 55.9075711691743]]], [[[38.294229990222, 55.9111934908871], [38.2954462576388, 55.911106810631], [38.29563456938, 55.9105727878041], [38.294229990222, 55.9111934908871]]], [[[38.2967150319733, 55.915354675578], [38.2978202843788, 55.916143547387], [38.2980857867298, 55.9159510915698], [38.2967150319733, 55.915354675578]]], [[[38.1123419562165, 55.8586322011154], [38.1121518260461, 55.8591661412046], [38.1130253888108, 55.8589313246211], [38.1123419562165, 55.8586322011154]]], [[[38.2350478294939, 55.8980469404141], [38.2366062484797, 55.8981099792923], [38.2365295174234, 55.8977683592226], [38.2350478294939, 55.8980469404141]]], [[[38.1083915321437, 55.8602975360026], [38.1101030031513, 55.8554920859912], [38.1061157185657, 55.8555981754157], [38.1083915321437, 55.8602975360026]]], [[[38.2088530055619, 55.8927871762873], [38.2103346818003, 55.8925088406107], [38.2087764777524, 55.8924455328353], [38.2088530055619, 55.8927871762873]]], [[[38.2795395807872, 55.9186600833963], [38.2796937182906, 55.9193432057245], [38.2802248938639, 55.918958366036], [38.2795395807872, 55.9186600833963]]], [[[38.2170004972753, 55.9015810943922], [38.2168473022613, 55.9008978461588], [38.2163158191199, 55.9012825023858], [38.2170004972753, 55.9015810943922]]], [[[38.210041443458, 55.8994705959914], [38.2090145399892, 55.8990226544721], [38.2091676180913, 55.8997059170946], [38.210041443458, 55.8994705959914]]], [[[38.0980958046778, 55.8653573052956], [38.100717015478, 55.8646531028586], [38.1010975770917, 55.8635852793373], [38.0980958046778, 55.8653573052956]]], [[[38.20742408985, 55.9029525650091], [38.2076133422821, 55.9024186276177], [38.2063971369185, 55.9025046144965], [38.2064736638287, 55.9028462390629], [38.20742408985, 55.9029525650091]]], [[[38.2237454764727, 55.9109942334973], [38.2241645677408, 55.911485108651], [38.2244303371905, 55.9112927769403], [38.2237454764727, 55.9109942334973]]], [[[38.2199430151582, 55.9105693254142], [38.220740345091, 55.9099923500671], [38.2189157843362, 55.9101214765251], [38.2199430151582, 55.9105693254142]]], [[[38.211874438055, 55.9048935924655], [38.2074685856069, 55.9072873287474], [38.2139691191797, 55.907348182273], [38.211874438055, 55.9048935924655]]], [[[38.1934007543415, 55.9051579742613], [38.1932478803855, 55.9044747161354], [38.1929820272989, 55.9046669992828], [38.1934007543415, 55.9051579742613]]], [[[38.199562369408, 55.9078460442597], [38.200855214097, 55.9081017350072], [38.2011210563918, 55.9079094401687], [38.199562369408, 55.9078460442597]]], [[[38.1940156621932, 55.910666892863], [38.1954979733529, 55.9103887280575], [38.1933309975277, 55.9103682118237], [38.1940156621932, 55.910666892863]]], [[[38.2128427623837, 55.9161034430197], [38.2138700651515, 55.9165513188884], [38.2143251328988, 55.9158251019471], [38.2128427623837, 55.9161034430197]]], [[[38.1958038210896, 55.9117551948465], [38.1934473392235, 55.9122685791318], [38.1974391060301, 55.9121602449995], [38.1958038210896, 55.9117551948465]]], [[[38.1773619517928, 55.9080245965581], [38.1793392318203, 55.9085792219537], [38.1801370150114, 55.9080024525513], [38.1773619517928, 55.9080245965581]]], [[[38.1967614767609, 55.9174132453252], [38.1972168071101, 55.9166870841418], [38.1960767005795, 55.9171145867689], [38.1967614767609, 55.9174132453252]]], [[[38.202538344769, 55.9156172164616], [38.2000324738198, 55.9182232781819], [38.2030337875794, 55.9164497404633], [38.202538344769, 55.9156172164616]]], [[[38.1989688492332, 55.9189924026774], [38.2002619924971, 55.9192480826331], [38.2005278968451, 55.9190558012843], [38.1989688492332, 55.9189924026774]]], [[[38.1828043655292, 55.9144075284848], [38.1826516129817, 55.913724292842], [38.1821197179508, 55.9141088033787], [38.1828043655292, 55.9144075284848]]], [[[38.1782410345962, 55.9133412482002], [38.1800658255776, 55.9132126064767], [38.1815482968166, 55.9129345801669], [38.1782410345962, 55.9133412482002]]], [[[38.1990089329161, 55.920551080668], [38.2003786264726, 55.9211483564117], [38.2004915192684, 55.9202728816883], [38.1990089329161, 55.920551080668]]], [[[38.1637713160935, 55.9105613574209], [38.1668254344464, 55.9096234886333], [38.163624193302, 55.9098452371682], [38.1637713160935, 55.9105613574209]]], [[[38.18619392471, 55.9198939739279], [38.1866494403196, 55.919167853214], [38.1858515510085, 55.9197446235157], [38.18619392471, 55.9198939739279]]], [[[38.192020678112, 55.9228417078787], [38.1943358406267, 55.921454211343], [38.1913591592979, 55.9220766033527], [38.192020678112, 55.9228417078787]]], [[[37.9445003226319, 55.8458488490453], [37.9457474224058, 55.8473242480158], [37.9468880964087, 55.8468984549999], [37.9445003226319, 55.8458488490453]]], [[[37.9403214950411, 55.8464843846468], [37.9417287254005, 55.8458667266682], [37.94017238205, 55.845800668766], [37.9403214950411, 55.8464843846468]]], [[[37.9391062240732, 55.8465682716086], [37.9391491235334, 55.845350795503], [37.9380084171549, 55.845776532761], [37.9391062240732, 55.8465682716086]]], [[[37.9431994820706, 55.8483677116008], [37.9442656139671, 55.8476000862751], [37.9432422781088, 55.8471502426897], [37.9431994820706, 55.8483677116008]]], [[[37.9412273803395, 55.8478098621356], [37.9407371508989, 55.8469761977935], [37.9395964220374, 55.8474019440446], [37.9412273803395, 55.8478098621356]]], [[[38.19833498727, 55.9285795093371], [38.197879557096, 55.929305630051], [38.1986774616957, 55.928728825575], [38.19833498727, 55.9285795093371]]], [[[38.1972711081752, 55.9293485789739], [38.1971181047169, 55.9286654098809], [38.1963201830302, 55.9292422071623], [38.1972711081752, 55.9293485789739]]], [[[37.9291722992623, 55.8434366020177], [37.9296622939798, 55.8442703194199], [37.9302699065311, 55.8442284146098], [37.9291722992623, 55.8434366020177]]], [[[37.9232139210857, 55.8429798858132], [37.9254642325884, 55.8405692305857], [37.9233005087117, 55.8405448868372], [37.9232139210857, 55.8429798858132]]], [[[37.9472503460268, 55.8513844730152], [37.9473995759299, 55.8520681637149], [37.948199188342, 55.8514924339289], [37.9472503460268, 55.8513844730152]]], [[[38.178669681161, 55.9249352945284], [38.1867317777495, 55.9250609037379], [38.1875297444024, 55.9244841433287], [38.178669681161, 55.9249352945284]]], [[[38.1891318218762, 55.9288819405493], [38.189893172632, 55.9295221993901], [38.1904251764809, 55.9291376906521], [38.1891318218762, 55.9288819405493]]], [[[37.9395964220374, 55.8474019440446], [37.9329238571505, 55.8450863624458], [37.9299602132934, 55.8456377808591], [37.9305561031818, 55.8483726740598], [37.9395964220374, 55.8474019440446]], [[37.9328063013699, 55.8459619783628], [37.9332218762887, 55.8464538121938], [37.9325397324229, 55.8461538676071], [37.9328063013699, 55.8459619783628]], [[37.9312068688021, 55.847113301238], [37.9312813623451, 55.8474551632254], [37.9309402890632, 55.8473051877843], [37.9312068688021, 55.847113301238]]], [[[37.9325281059874, 55.8489306584233], [37.9332848000536, 55.8495724551049], [37.9335513797925, 55.8493805685586], [37.9325281059874, 55.8489306584233]]], [[[37.9192148805624, 55.8458579438891], [37.9205602591488, 55.8421217599114], [37.9145586136892, 55.8428822005533], [37.9145150999921, 55.8440996865515], [37.917286600996, 55.844082299059], [37.9192148805624, 55.8458579438891]], [[37.9189172598238, 55.8444904626649], [37.918842858911, 55.844148590785], [37.9191838701396, 55.8442985950043], [37.9189172598238, 55.8444904626649]]], [[[37.9172431556473, 55.8452997796613], [37.9177763978626, 55.844916052434], [37.9162201165653, 55.8448497508155], [37.9172431556473, 55.8452997796613]]], [[[38.1900460762656, 55.9302053720804], [38.1905414507276, 55.9310378744985], [38.191339472239, 55.9304611122907], [38.1900460762656, 55.9302053720804]]], [[[37.9013967333727, 55.8404916002074], [37.9023452609252, 55.8405998507027], [37.9025376349041, 55.8400661219541], [37.9013967333727, 55.8404916002074]]], [[[38.2606161712994, 55.9526236369715], [38.2574957585226, 55.9524980682314], [38.2564672848375, 55.9520505691786], [38.2560125102693, 55.9527767735294], [38.2606161712994, 55.9526236369715]]], [[[37.9034423645736, 55.8413918683402], [37.912394793585, 55.8428577012221], [37.9160095457041, 55.8410472679172], [37.9070573442212, 55.8395816319869], [37.9035604428603, 55.8405162542219], [37.9034423645736, 55.8413918683402]], [[37.9043166207156, 55.8411582217747], [37.9042423259228, 55.8408163373043], [37.9045832715009, 55.8409663774965], [37.9043166207156, 55.8411582217747]]], [[[37.8973359957598, 55.840250366961], [37.9014710056825, 55.8408334864764], [37.8994254356355, 55.8399331895652], [37.8973359957598, 55.840250366961]]], [[[37.9320263607281, 55.8508737336361], [37.9342650709764, 55.8512398053729], [37.9357470484877, 55.8509640705356], [37.9320263607281, 55.8508737336361]]], [[[37.9177329633058, 55.8461335258417], [37.9189792581864, 55.8476091451461], [37.9203123799126, 55.8466498185344], [37.9177329633058, 55.8461335258417]]], [[[37.9344141147198, 55.8519235086632], [37.9345631638591, 55.8526072092555], [37.935778594007, 55.8525233609645], [37.9344141147198, 55.8519235086632]]], [[[37.9450752196458, 55.8541371566047], [37.9469838067574, 55.8515763820446], [37.9358215807015, 55.8513059217311], [37.9385392860594, 55.8552822903456], [37.9450752196458, 55.8541371566047]], [[37.9409385468766, 55.8535552547714], [37.9423031511697, 55.8541550432208], [37.9416954226058, 55.8541969947956], [37.9409385468766, 55.8535552547714]], [[37.9432520366523, 55.8542630356108], [37.9431774495798, 55.8539211916099], [37.9435186055993, 55.8540711346753], [37.9432520366523, 55.8542630356108]], [[37.9441263323645, 55.8540291768052], [37.9440517380974, 55.8536873337036], [37.9443928986136, 55.8538372749704], [37.9441263323645, 55.8540291768052]], [[37.9404482652754, 55.8527216138116], [37.9403736979879, 55.8523797671127], [37.9410559767521, 55.8526796676327], [37.9404482652754, 55.8527216138116]], [[37.9385505698531, 55.8525055903609], [37.93862512455, 55.8528474388584], [37.9382839901142, 55.8526974832025], [37.9385505698531, 55.8525055903609]], [[37.9403308237087, 55.8535972009502], [37.9404053918955, 55.8539390458504], [37.9400642448692, 55.8537890955905], [37.9403308237087, 55.8535972009502]], [[37.9402991307005, 55.8520379195145], [37.9402245679096, 55.8516960701177], [37.9405657014461, 55.8518460230757], [37.9402991307005, 55.8520379195145]], [[37.9412479730157, 55.852145924495], [37.9421222390503, 55.851912075582], [37.9424633779827, 55.8520620222447], [37.9415891110488, 55.8522958729563], [37.9412479730157, 55.852145924495]], [[37.9456510798336, 55.8525359155003], [37.9427299379365, 55.8518701213092], [37.9461841754595, 55.8521521037368], [37.9456510798336, 55.8525359155003]]], [[[38.1830500036549, 55.932086581131], [38.1838113229344, 55.9327268588576], [38.184077365778, 55.9325346197771], [38.1830500036549, 55.932086581131]]], [[[37.9063929268922, 55.843617818108], [37.9027776225894, 55.8454279996027], [37.9047929448387, 55.8447688792805], [37.9054311514267, 55.8462864195828], [37.9066464718574, 55.8462027997196], [37.9063929268922, 55.843617818108]]], [[[37.9044825042643, 55.8461781897718], [37.9043339011887, 55.8454944370188], [37.9040672243231, 55.8456862776997], [37.9044825042643, 55.8461781897718]]], [[[37.9002727310019, 55.8452532892081], [37.9011166440181, 55.8434603072475], [37.8993680130235, 55.8439275500166], [37.9002727310019, 55.8452532892081]]], [[[38.1796281471214, 55.9333686447473], [38.1806555074459, 55.9338167040778], [38.1808451771633, 55.933282885397], [38.1796281471214, 55.9333686447473]]], [[[37.8990574222624, 55.8453368578099], [37.8991755886826, 55.844461264376], [37.8987164640937, 55.8451868077252], [37.8990574222624, 55.8453368578099]]], [[[37.9042901284868, 55.8467119032319], [37.9033414777272, 55.8466036671257], [37.9034157734194, 55.8469455435022], [37.9042901284868, 55.8467119032319]]], [[[37.8992802167088, 55.8463624950333], [37.8996954552812, 55.8468544187966], [37.8999621546299, 55.8466625871089], [37.8992802167088, 55.8463624950333]]], [[[38.1587078865599, 55.931024717417], [38.1590114536158, 55.9296155175423], [38.1580231535459, 55.9307259113719], [38.1587078865599, 55.931024717417]]], [[[37.893024875198, 55.8445370889157], [37.8901650814535, 55.8469889636699], [37.8926700278996, 55.8471638386404], [37.893024875198, 55.8445370889157]]], [[[37.8841767585507, 55.8449713877195], [37.8849327466491, 55.8456134362113], [37.8851994981585, 55.8454216297046], [37.8841767585507, 55.8449713877195]]], [[[37.8878827154152, 55.8478396944465], [37.8877343389688, 55.8471559300023], [37.887467589258, 55.8473477401063], [37.8878827154152, 55.8478396944465]]], [[[37.8890239074275, 55.8474143340045], [37.8895132501365, 55.8482481638219], [37.8897799998473, 55.84805635102], [37.8890239074275, 55.8474143340045]]], [[[37.8842365176014, 55.8480900746974], [37.8855260941541, 55.8483485047798], [37.8863263819571, 55.8477730888571], [37.8842365176014, 55.8480900746974]]], [[[38.2372369259435, 55.962781178209], [38.2367404183358, 55.9619489644733], [38.2364744231563, 55.9621412656071], [38.2372369259435, 55.962781178209]]], [[[38.2269580373837, 55.9610798893256], [38.2268045141172, 55.9603968632248], [38.226538486562, 55.9605891481708], [38.2269580373837, 55.9610798893256]]], [[[38.1066147541677, 55.9362310815993], [38.1078620041284, 55.9350381039255], [38.1057100748602, 55.9354941807121], [38.1066147541677, 55.9362310815993]]], [[[38.1200833662545, 55.939312116661], [38.118693884915, 55.935213059835], [38.1345371316834, 55.935087627792], [38.1119118689378, 55.9335952739029], [38.1200833662545, 55.939312116661]]], [[[38.169011026238, 55.9799097477368], [38.1698101116475, 55.9793332454331], [38.1679827917726, 55.979461718084], [38.169011026238, 55.9799097477368]]], [[[38.1583533810039, 55.9848210803287], [38.1584671803163, 55.9839459275627], [38.1580106295871, 55.9846717182254], [38.1583533810039, 55.9848210803287]]], [[[38.1667327440211, 55.9890884857452], [38.1678782293969, 55.9892792805146], [38.1684092287031, 55.9884209288829], [38.1667327440211, 55.9890884857452]]], [[[38.1701237115402, 55.9917984551348], [38.1709993985036, 55.9915634694787], [38.1697044727833, 55.9913076375376], [38.1701237115402, 55.9917984551348]]], [[[38.1846642903249, 55.9963072871518], [38.1853565578591, 55.9948569163138], [38.1803003669685, 55.9956507316961], [38.1846642903249, 55.9963072871518]]], [[[38.1728271698382, 55.9914349671502], [38.1695908569326, 55.9921827651227], [38.1709622205302, 55.9927800804365], [38.1728271698382, 55.9914349671502]]], [[[38.1790850519338, 55.9953497564862], [38.1761634846573, 55.9935805319162], [38.1739977373059, 55.9945702430225], [38.1790850519338, 55.9953497564862]]], [[[38.1615549971656, 55.9908396861028], [38.162011556888, 55.9901139071313], [38.1612121971853, 55.9906903365899], [38.1615549971656, 55.9908396861028]]], [[[38.1446845573466, 55.9859538034254], [38.1448369978294, 55.9866368214323], [38.1451034966292, 55.9864447037602], [38.1446845573466, 55.9859538034254]]], [[[38.1583182552834, 55.9909706444798], [38.1591942893851, 55.9913523293467], [38.1594607558094, 55.9911601918895], [38.1583182552834, 55.9909706444798]]], [[[38.1523783617722, 55.9926979138778], [38.1541299290532, 55.9922281413158], [38.1550056978548, 55.9919932491892], [38.1523783617722, 55.9926979138778]]], [[[38.1130869932703, 55.9869170843562], [38.1110952431511, 55.985000833222], [38.1107559082587, 55.986481874539], [38.1130869932703, 55.9869170843562]]], [[[38.1129830316418, 55.9951381370156], [38.1152292773095, 55.991882999501], [38.1116564578794, 55.9949764344151], [38.1129830316418, 55.9951381370156]]], [[[38.0616348895387, 55.9806621016748], [38.0601619115432, 55.9798520760127], [38.0590558128756, 55.9806995008814], [38.0616348895387, 55.9806621016748]]], [[[38.0559296624241, 55.9875272644719], [38.0561845311913, 55.9857699415297], [38.0550879653375, 55.987259302475], [38.0559296624241, 55.9875272644719]]], [[[38.0250295118027, 55.977824778391], [38.024878794421, 55.9771416110967], [38.0243449424653, 55.9775254480411], [38.0250295118027, 55.977824778391]]], [[[38.0610654271279, 55.9900846171116], [38.0625410392377, 55.9885590980241], [38.0600573518655, 55.9891183711161], [38.0610654271279, 55.9900846171116]]], [[[38.0717420750369, 55.9938331056135], [38.0718602603429, 55.9931493060957], [38.0680392774908, 55.993995366693], [38.0717420750369, 55.9938331056135]]], [[[38.0630067873335, 55.9944136890407], [38.0648252282019, 55.9935906510879], [38.0622351636221, 55.9940464571784], [38.0630067873335, 55.9944136890407]]], [[[38.0571418801938, 55.9924900122045], [38.0578063883543, 55.9916772669924], [38.056274594697, 55.9918747653084], [38.0571418801938, 55.9924900122045]]], [[[38.050777063311, 55.9918896230079], [38.0556669839443, 55.9889601794688], [38.0490116248868, 55.9905446769954], [38.050777063311, 55.9918896230079]]], [[[38.0295426596662, 55.9856616046995], [38.0300765610846, 55.985277767755], [38.0288579500345, 55.9853623058259], [38.0295426596662, 55.9856616046995]]], [[[38.0661641856288, 55.9995157444562], [38.0620235225677, 55.9981149433501], [38.0661192474055, 55.9999718644102], [38.0661641856288, 55.9995157444562]]], [[[38.0289272356036, 55.9884786545664], [38.0297281385429, 55.9879029103911], [38.0282424917977, 55.9881793583908], [38.0289272356036, 55.9884786545664]]], [[[38.0635350994654, 55.9961342998582], [38.0585453280046, 55.995898506611], [38.0564705983396, 55.9974802576079], [38.0567591916835, 55.9978932784522], [38.0635350994654, 55.9961342998582]]], [[[38.0304415554336, 55.9925350781315], [38.0317357742867, 55.9927920818893], [38.0319273244866, 55.9922586157427], [38.0304415554336, 55.9925350781315]]], [[[38.0631671769239, 56.0033473590935], [38.0605413615947, 56.0014016983299], [38.0589097980489, 56.0021975722603], [38.0631671769239, 56.0033473590935]]], [[[38.0330647888091, 55.994607192568], [38.0343590742121, 55.9948641720441], [38.0345506055262, 55.9943307067969], [38.0330647888091, 55.994607192568]]], [[[38.0241559148637, 55.9934911330096], [38.0255255121928, 55.9940897424478], [38.0259841475506, 55.9933643825604], [38.0241559148637, 55.9934911330096]]], [[[38.0244446898707, 56.0004066056805], [38.0249787963346, 56.0000228155007], [38.0237598039719, 56.0001073059076], [38.0244446898707, 56.0004066056805]]], [[[38.0326639870535, 56.00399790438], [38.0347596295534, 56.0036791513719], [38.0313694624309, 56.0037409249039], [38.0326639870535, 56.00399790438]]], [[[37.9955955519933, 55.9930409404872], [37.9966224725492, 55.9934900915946], [37.997348654417, 55.9925729593747], [37.9955955519933, 55.9930409404872]]], [[[38.0280547124552, 56.0041441557284], [38.0283564089213, 56.0055102888689], [38.0296917195973, 56.0045508003793], [38.0280547124552, 56.0041441557284]]], [[[38.0205139978229, 56.0036264879722], [38.0209318255435, 56.0041176796873], [38.0214660030538, 56.003733907494], [38.0205139978229, 56.0036264879722]]], [[[37.9884325427278, 55.994229511483], [37.9876728458253, 55.9935884720305], [37.9874056842251, 55.9937803073155], [37.9884325427278, 55.994229511483]]], [[[37.982154654314, 55.9924091559579], [37.9820044999079, 55.9917259985561], [37.9814701443319, 55.9921096574349], [37.982154654314, 55.9924091559579]]], [[[37.9775463320977, 55.9925539000426], [37.9786151062024, 55.9917866110634], [37.9765196111913, 55.9921046194328], [37.9775463320977, 55.9925539000426]]], [[[37.9823048150154, 55.9930923106618], [37.9844335255869, 55.9943323543548], [37.985961459354, 55.9928397819306], [37.9823048150154, 55.9930923106618]]], [[[38.0212677313209, 56.0070418433066], [38.0211169761677, 56.0063587785349], [38.0205827716777, 56.0067425408358], [38.0212677313209, 56.0070418433066]]], [[[38.0268231466711, 56.0097776547152], [38.0280423764547, 56.0096931436238], [38.0286519917962, 56.0096508835816], [38.0268231466711, 56.0097776547152]]], [[[37.9808849266982, 55.9964845309365], [37.9797079551582, 55.995352137891], [37.979665946926, 55.9965686742051], [37.9808849266982, 55.9964845309365]]], [[[38.0234670251832, 56.011397232996], [38.0239258574925, 56.0106719441551], [38.0231245066908, 56.0112475912035], [38.0234670251832, 56.011397232996]]], [[[38.0172609332457, 56.0099200039052], [38.0177952006881, 56.0095362577922], [38.0165759565153, 56.0096206888439], [38.0172609332457, 56.0099200039052]]], [[[38.0069045141322, 56.0078628631808], [38.0090345080363, 56.009102468904], [38.0105209120106, 56.0088262376409], [38.0069045141322, 56.0078628631808]]], [[[38.0000067796893, 56.0088600251702], [38.0019109043649, 56.009075110628], [38.0021028484679, 56.0085417245211], [38.0000067796893, 56.0088600251702]]], [[[37.9966577943219, 56.0077045645142], [37.9972258367032, 56.008878893846], [37.9974930468668, 56.0086870558631], [37.9966577943219, 56.0077045645142]]], [[[37.9418229518679, 55.9932814335914], [37.9394280365748, 55.9922325461952], [37.9402936322455, 55.99477356265], [37.9418229518679, 55.9932814335914]]], [[[37.7668644829097, 55.9894395073276], [37.7684725498684, 55.9882907565134], [37.765326876934, 55.9888860141784], [37.7668644829097, 55.9894395073276]]], [[[37.7704483936786, 55.9888504226091], [37.7673531547245, 55.9902731105158], [37.7682569868706, 55.9915986176822], [37.7704483936786, 55.9888504226091]]], [[[37.7669903924928, 55.9928975741639], [37.7668432858891, 55.9922142108173], [37.7665752501479, 55.9924056638905], [37.7669903924928, 55.9928975741639]]], [[[37.7625759254388, 55.9925027277189], [37.7629910291129, 55.9929946478849], [37.7632590801426, 55.992803201107], [37.7625759254388, 55.9925027277189]]], [[[37.759112716279, 55.9922168080594], [37.7600379477932, 55.9907676665947], [37.7585506732751, 55.9910415011645], [37.759112716279, 55.9922168080594]]], [[[37.7366246568026, 55.9854151877609], [37.7375023258718, 55.9851826698445], [37.7365513296803, 55.9850734786583], [37.7366246568026, 55.9854151877609]]], [[[37.7387947793558, 55.9854421539324], [37.7389414650767, 55.9861255685403], [37.7394776831487, 55.9857427451317], [37.7387947793558, 55.9854421539324]]], [[[37.9317307014109, 56.0475380902109], [37.9313566796672, 56.0458305645291], [37.9304788442234, 56.0460641157665], [37.9317307014109, 56.0475380902109]]], [[[37.7588446517594, 55.992408248542], [37.7593332156555, 55.9932418625221], [37.7596012828731, 55.9930504229388], [37.7588446517594, 55.992408248542]]], [[[37.9319551272275, 56.0485625978857], [37.9330258717467, 56.0477958520971], [37.9315378211137, 56.0480712784669], [37.9319551272275, 56.0485625978857]]], [[[37.7360402755385, 55.9870145312958], [37.7356254992176, 55.9865225211976], [37.7335768471939, 55.985620690043], [37.7360402755385, 55.9870145312958]]], [[[37.7621914220966, 55.9979017707503], [37.7620443667543, 55.9972184199943], [37.7615082026416, 55.9976013000601], [37.7621914220966, 55.9979017707503]]], [[[37.7896018596383, 56.0082825228204], [37.7847572288632, 56.0058371969292], [37.783861156967, 56.006265818313], [37.7896018596383, 56.0082825228204]]], [[[37.7464826815307, 55.9953229027299], [37.74706681728, 55.9937235915706], [37.7457995960747, 55.9950223573961], [37.7464826815307, 55.9953229027299]]], [[[37.7574608181624, 55.9989146879627], [37.7593634598559, 55.9991327915453], [37.759558048865, 55.9985996833289], [37.7574608181624, 55.9989146879627]]], [[[37.9087363317165, 56.048594156895], [37.9095396727179, 56.0480192212103], [37.907709057727, 56.0481445489319], [37.9087363317165, 56.048594156895]]], [[[37.7753491322568, 56.0171521827272], [37.7761424943808, 56.0152580827944], [37.7732045720335, 56.0162483541783], [37.7753491322568, 56.0171521827272]]], [[[37.8977417716656, 56.0592247721057], [37.8988437811158, 56.0600159191995], [37.8993049516624, 56.0592911888374], [37.8977417716656, 56.0592247721057]]], [[[37.8974297410899, 56.0606324934949], [37.8966702141592, 56.0599912247154], [37.8964023151149, 56.0601828378678], [37.8974297410899, 56.0606324934949]]], [[[37.7085070409673, 56.0476139669112], [37.7106799496202, 56.0476413215899], [37.7112170751081, 56.0472587194145], [37.7085070409673, 56.0476139669112]]], [[[37.6947622515768, 56.045590753111], [37.6955188665027, 56.0462330642047], [37.695787480508, 56.0460417900967], [37.6947622515768, 56.045590753111]]], [[[37.6624892031144, 56.0437664756425], [37.6623434221114, 56.0430831950336], [37.6618059566797, 56.0434656335323], [37.6624892031144, 56.0437664756425]]], [[[37.6793278366105, 56.0530353239212], [37.6791817894082, 56.052352092775], [37.6786443509562, 56.0527345717433], [37.6793278366105, 56.0530353239212]]]]}, "properties": {"id": 646, "storm_id": 464, "type": "squall", "certainty": "High", "year": 2017, "month": 5, "date": "29.05.2017", "date_1": "2017/05/27", "date_2": "2017/06/09", "n_polygons": 213, "area_km2": 3.7, "length_km": 55.4, "mean_width_m": 162.2, "max_width_m": 1177.1, "wind_gust": 24, "direction": "WNW-ESE", "near_watershed": "27523.0", "ws_dist_km": 13.0, "lon": 38.0679, "lat": 55.932, "status": "processed", "metrics": {"note": "DiD-расширение"}, "hyp3": {"prepost": {"granules": ["S1B_IW_SLC__1SDV_20170523T033624_20170523T033649_005720_00A057_B2FD", "S1B_IW_SLC__1SDV_20170604T033625_20170604T033650_005895_00A56A_C193"], "job_id": "b26ec122-327f-423e-906b-385d9ee1ebac", "status": "SUCCEEDED"}, "control": {"granules": ["S1B_IW_SLC__1SDV_20170604T033625_20170604T033650_005895_00A56A_C193", "S1B_IW_SLC__1SDV_20170616T033625_20170616T033651_006070_00AA91_4175"], "job_id": "38093168-3f93-4c0b-9e64-c6c8a478eb03", "status": "SUCCEEDED"}}, "metrics_note": "детальные метрики — отчёт изд.4 (гл. валидации); DiD 7 событий: средний AUC 0.642 -> 0.690", "result_summary": {"coh_delta": "AUC 0.908 на ID694; DiD-среднее 0.690", "lband": "ID694 dHV invAUC 0.905; ID666 не сработал (годовые мозаики)", "wind_index": "контр-пример: PA 0.059 / UA 0.024 на ID666"}}}, {"type": "Feature", "geometry": {"type": "MultiPolygon", "coordinates": [[[[34.5314242750105, 62.5779410556354], [34.5326742777959, 62.5761910558727], [34.5311742751728, 62.575941056035], [34.5314242750105, 62.5779410556354]]], [[[34.5279242754851, 62.5781910563723], [34.5296742752478, 62.5776910557977], [34.5279242736864, 62.5769410553856], [34.5279242754851, 62.5781910563723]]], [[[34.5291742746732, 62.5786910551482], [34.530174274923, 62.5781910563723], [34.5291742755725, 62.5784410553106], [34.5291742746732, 62.5786910551482]]], [[[34.5261742748231, 62.5791910557228], [34.5286742740986, 62.5804410549109], [34.528674274998, 62.5796910562974], [34.5261742748231, 62.5791910557228]]], [[[34.5311742751728, 62.5849410555854], [34.5326742777959, 62.5846910566471], [34.5324242752603, 62.5841910542739], [34.5311742751728, 62.5849410555854]]], [[[34.5241742743235, 62.5839410553356], [34.524674274898, 62.5824410554105], [34.5291742746732, 62.5819410557353], [34.5239242753852, 62.5809410554855], [34.5231742767716, 62.5826910552482], [34.5241742743235, 62.5839410553356]], [[34.5239242762845, 62.5829410541864], [34.5236742764469, 62.5826910552482], [34.5239242753852, 62.5826910552482], [34.5239242762845, 62.5829410541864]]], [[[34.5329242731369, 62.5864410546112], [34.5306742745983, 62.5854410543613], [34.5306742745983, 62.5861910556728], [34.5329242731369, 62.5864410546112]]], [[[34.5259242758848, 62.585191055423], [34.5279242754851, 62.5846910557478], [34.5259242749855, 62.5846910557478], [34.5259242758848, 62.585191055423]]], [[[34.5196742745483, 62.585191055423], [34.5191742739737, 62.5844410568095], [34.5184242753602, 62.585191055423], [34.5196742745483, 62.585191055423]]], [[[34.5224242763595, 62.5856910559976], [34.5254242753102, 62.5859410558352], [34.5229242742361, 62.5849410555854], [34.5224242763595, 62.5856910559976]]], [[[34.5181742746232, 62.5859410558352], [34.5189242750354, 62.5854410543613], [34.5174242760097, 62.58544105616], [34.5181742746232, 62.5859410558352]]], [[[34.5046742770964, 62.6026910557478], [34.5071742754726, 62.6029410555854], [34.5076742751478, 62.601691055498], [34.5056742755476, 62.6011910567221], [34.5046742770964, 62.6026910557478]]], [[[34.5104242760597, 62.5989410554855], [34.5194242738114, 62.594691055548], [34.5221742756225, 62.5906910545487], [34.5121742740237, 62.5911910551233], [34.5004242753602, 62.6014410556604], [34.5104242760597, 62.5989410554855]], [[34.5076742751478, 62.5986910556479], [34.5074242744109, 62.5989410545862], [34.5074242753102, 62.5986910556479], [34.5076742751478, 62.5986910556479]], [[34.5096742747481, 62.5979410552357], [34.5079242749854, 62.5969410549858], [34.5099242754851, 62.5969410549858], [34.5096742747481, 62.5979410552357]], [[34.5106742749979, 62.598441054911], [34.5111742764718, 62.5981910559726], [34.5111742737739, 62.5984410558103], [34.5106742749979, 62.598441054911]], [[34.5126742745983, 62.5964410562099], [34.5136742748481, 62.5966910569469], [34.5124242747606, 62.5969410540865], [34.5126742745983, 62.5964410562099]], [[34.5141742754226, 62.5959410556354], [34.5136742748481, 62.5956910557978], [34.5141742745233, 62.5956910557978], [34.5141742754226, 62.5959410556354]], [[34.5146742750979, 62.5956910557978], [34.5151742738738, 62.5954410541615], [34.5151742747731, 62.5956910548985], [34.5146742750979, 62.5956910557978]], [[34.5129242744359, 62.5944410557103], [34.5149242749355, 62.5924410552107], [34.5174242742111, 62.5921910553731], [34.5129242744359, 62.5944410557103]], [[34.5154242746107, 62.594691055548], [34.5161742768216, 62.5949410553856], [34.5154242764094, 62.5949410544862], [34.5154242746107, 62.594691055548]]], [[[34.4999242756849, 62.6034410552607], [34.503174276272, 62.6041910565722], [34.5046742752978, 62.6029410555854], [34.4999242756849, 62.6034410552607]]], [[[34.4921742753227, 62.6076910551982], [34.492424274261, 62.6056910555979], [34.4911742759722, 62.6076910551982], [34.4921742753227, 62.6076910551982]]], [[[34.485174276272, 62.6096910556978], [34.4861742747232, 62.6084410565097], [34.4844242740612, 62.6084410556104], [34.485174276272, 62.6096910556978]]]]}, "properties": {"id": 579, "storm_id": 422, "type": "tornado", "certainty": "High", "year": 2015, "month": 7, "date": "03.07.2015", "date_1": "2015/07/02", "date_2": "2015/07/18", "n_polygons": 16, "area_km2": 0.68, "length_km": 4.4, "mean_width_m": 187.8, "max_width_m": 485.8, "wind_gust": -9999, "direction": "NW-SE", "near_watershed": "22721.0", "ws_dist_km": 34.0, "lon": 34.5134, "lat": 62.5928, "status": "processed", "score": 0.873, "score_parts": {"forest": 0.298, "chain": 0.25, "size": 0.026, "water": 0.1, "slope": 0.119, "width": 0.005, "gust": 0.025, "tornado_bonus": 0.05}, "slc_chain": {"platform": "S1A", "direction": null, "rel_orbit": 6, "pre": "2015-06-22", "post": "2015-07-04", "control": "2015-07-16", "pair_interval_days": 11, "control_interval_days": 12, "min_coverage": 1.0, "coverages": [1.0, 1.0, 1.0], "quality": "full", "gap_days_pre": 9, "gap_days_post": 2}, "landscape_proxy_2021": {"id": 579, "key": "579_20150702", "wc_item": "ESA_WorldCover_10m_2021_v200_N60E033", "forest_frac": 0.995, "water_frac": 0.0, "wetland_frac": 0.0, "crop_frac": 0.0, "slope_mean_deg": 2.05, "slope_p90_deg": 3.88}, "cost_credits": 20, "source_db": "Shikhov & Erlikh 2020 (ESSD), doi:10.5194/essd-12-1933-2020", "coh_delta": {"auc": 0.665, "excess_median": 0.1265, "tpr_at_fpr5pct": 0.1776, "ref_pixels": 107, "prepost": "S1AA_20150622T041605_20150704T041604_VVP012_INT80_G_ueF_07A7.zip", "control": "S1AA_20150704T041604_20150716T041605_VVP012_INT80_G_ueF_8A5D.zip", "event_date": "2015-07-02", "event_type": "торнадо"}}}, {"type": "Feature", "geometry": {"type": "MultiPolygon", "coordinates": [[[[33.2304999993756, 57.4740000001001], [33.2315000005248, 57.4734999995255], [33.230499997577, 57.4734999995255], [33.2304999993756, 57.4740000001001]]], [[[33.2184999990758, 57.4697500001626], [33.2180000011992, 57.469249999588], [33.2179999994006, 57.4697500001626], [33.2184999990758, 57.4697500001626]]], [[[33.2455000004248, 57.4772499997878], [33.2495000005248, 57.4789999995505], [33.2502500009369, 57.4782500000376], [33.2455000004248, 57.4772499997878]]], [[[33.2217499996629, 57.4704999996754], [33.2249999993506, 57.4717499997628], [33.2202499997379, 57.4697500010619], [33.2217499996629, 57.4704999996754]]], [[[33.2429999984514, 57.4792499993881], [33.2442499994381, 57.4787499997129], [33.24300000025, 57.4787499997129], [33.2429999984514, 57.4792499993881]]], [[[33.2150000004498, 57.4697500001626], [33.2164999967776, 57.470749999513], [33.2164999994756, 57.47], [33.2150000004498, 57.4697500001626]]], [[[33.2135000005248, 57.4712500000876], [33.2142499991383, 57.470749999513], [33.2135000005248, 57.4707499986137], [33.2135000005248, 57.4712500000876]]], [[[33.2344999994756, 57.4752499992882], [33.2309999999502, 57.4774999996254], [33.2359999994006, 57.4769999999502], [33.2344999994756, 57.4752499992882]]], [[[33.2269999998502, 57.4765000002749], [33.2290000003499, 57.4772499997878], [33.2295000000252, 57.4767500010119], [33.2269999998502, 57.4765000002749]]], [[[33.2034999998253, 57.4695000012242], [33.2050000006496, 57.4689999997504], [33.203499998926, 57.469249999588], [33.2034999998253, 57.4695000012242]]], [[[33.2087500000126, 57.4692499986887], [33.2115000000251, 57.4712500000876], [33.2129999981515, 57.4695000003249], [33.2087500000126, 57.4692499986887]]], [[[33.204999998851, 57.4712499991883], [33.2057499992632, 57.4702499989385], [33.2049999997503, 57.4702499998378], [33.204999998851, 57.4712499991883]]], [[[33.1859999995006, 57.4642500001376], [33.1880000000002, 57.4649999996504], [33.1880000008995, 57.4645000008745], [33.1859999995006, 57.4642500001376]]], [[[33.1845000004748, 57.4654999993257], [33.1884999987761, 57.4667500003124], [33.1889999993506, 57.4657500000626], [33.1845000004748, 57.4654999993257]]], [[[33.1519999991008, 57.4579999997004], [33.151499997627, 57.4575000000252], [33.150999998851, 57.4579999997004], [33.1519999991008, 57.4579999997004]]], [[[33.1484999995755, 57.458249999538], [33.1497499987636, 57.4574999991258], [33.1469999996504, 57.4572500001875], [33.1484999995755, 57.458249999538]]], [[[33.1419999984014, 57.4552499987886], [33.1419999993007, 57.4564999997754], [33.1435000001251, 57.456499998876], [33.1419999984014, 57.4552499987886]]], [[[33.1365000010744, 57.4549999998503], [33.1379999992008, 57.4557500002625], [33.1380000001001, 57.4549999998503], [33.1365000010744, 57.4549999998503]]], [[[33.1564999997753, 57.458249999538], [33.1529999984513, 57.460250000937], [33.1649999987511, 57.4655000011243], [33.1795000010244, 57.4695000012242], [33.1859999986012, 57.4682499993382], [33.179999998901, 57.467250000887], [33.1822499992383, 57.463749999563], [33.1762500004373, 57.4672499999877], [33.1790000004498, 57.4624999985762], [33.1564999997753, 57.458249999538]], [[33.1642499992382, 57.4615000001251], [33.1649999996504, 57.4609999986512], [33.1650000014491, 57.4615000001251], [33.1642499992382, 57.4615000001251]], [[33.1565000006747, 57.4589999999502], [33.1569999994506, 57.4594999996255], [33.1564999997753, 57.4594999996255], [33.1565000006747, 57.4589999999502]], [[33.1647499989135, 57.4604999998753], [33.1639999985013, 57.4607499997129], [33.1639999994006, 57.4604999998753], [33.1647499989135, 57.4604999998753]], [[33.1549999998503, 57.4602500000377], [33.1554999995255, 57.4604999998753], [33.155000001649, 57.4604999998753], [33.1549999998503, 57.4602500000377]]], [[[33.1369999998503, 57.4564999997754], [33.1392500010869, 57.4569999994506], [33.1392500001875, 57.4564999988761], [33.1369999998503, 57.4564999997754]]]]}, "properties": {"id": 683, "storm_id": 480, "type": "tornado", "certainty": "High", "year": 2017, "month": 8, "date": "02.08.2017", "date_1": "2017/08/01", "date_2": "2017/08/11", "n_polygons": 20, "area_km2": 1.12, "length_km": 6.9, "mean_width_m": 205.8, "max_width_m": 594.0, "wind_gust": -9999, "direction": "WSW-ENE", "near_watershed": "26389.0", "ws_dist_km": 34.0, "lon": 33.1923, "lat": 57.4676, "status": "processed", "score": 0.863, "score_parts": {"forest": 0.295, "chain": 0.25, "size": 0.042, "water": 0.1, "slope": 0.093, "width": 0.008, "gust": 0.025, "tornado_bonus": 0.05}, "slc_chain": {"platform": "S1B", "direction": null, "rel_orbit": 62, "pre": "2017-07-30", "post": "2017-08-11", "control": "2017-08-23", "pair_interval_days": 12, "control_interval_days": 12, "min_coverage": 1.0, "coverages": [1.0, 1.0, 1.0], "quality": "full", "gap_days_pre": 1, "gap_days_post": 10}, "landscape_proxy_2021": {"id": 683, "key": "683_20170801", "wc_item": "ESA_WorldCover_10m_2021_v200_N57E033", "forest_frac": 0.983, "water_frac": 0.0, "wetland_frac": 0.0, "crop_frac": 0.0, "slope_mean_deg": 3.35, "slope_p90_deg": 6.19}, "cost_credits": 20, "source_db": "Shikhov & Erlikh 2020 (ESSD), doi:10.5194/essd-12-1933-2020", "coh_delta": {"auc": 0.9276, "excess_median": 0.3748, "tpr_at_fpr5pct": 0.6842, "ref_pixels": 171, "prepost": "S1BB_20170730T040849_20170811T040850_VVP012_INT80_G_ueF_E9F3.zip", "control": "S1BB_20170811T040850_20170823T040850_VVP012_INT80_G_ueF_168D.zip", "event_date": "2017-08-01", "event_type": "торнадо"}}}, {"type": "Feature", "geometry": {"type": "MultiPolygon", "coordinates": [[[[45.0144759643944, 56.2122757731086], [45.0158201100102, 56.2133492704526], [45.0168920524264, 56.2119967485513], [45.0144759643944, 56.2122757731086]]], [[[45.0107699616646, 56.2158631894348], [45.012342727535, 56.2158571459906], [45.0122175697852, 56.2155205405407], [45.0107699616646, 56.2158631894348]]], [[[44.9355483463792, 56.1964468021783], [44.9366316481322, 56.1959711993115], [44.9338516512329, 56.1961153615349], [44.9355483463792, 56.1964468021783]]], [[[44.9359993312044, 56.1934111918732], [44.9316662015341, 56.1953135583742], [44.9330080161072, 56.196387873202], [44.9359993312044, 56.1934111918732]]], [[[44.9873555914875, 56.2104904048085], [44.9882095823065, 56.2110940243699], [44.9884491185322, 56.2108908846068], [44.9873555914875, 56.2104904048085]]], [[[44.9913548037813, 56.2110823808474], [44.9911257518521, 56.2121619297295], [44.9919693339178, 56.2118891230847], [44.9913548037813, 56.2110823808474]]], [[[44.9677153890541, 56.2067860595292], [44.9674657498446, 56.2061127434085], [44.9672261497672, 56.2063158588899], [44.9677153890541, 56.2067860595292]]], [[[44.9399290843599, 56.1989267231899], [44.9425941829753, 56.199322228838], [44.942948894476, 56.1985793699421], [44.9399290843599, 56.1989267231899]]], [[[44.9358353200441, 56.2006260731349], [44.9359599031272, 56.2009627649198], [44.9365638977059, 56.2008933165735], [44.9358353200441, 56.2006260731349]]], [[[44.936937672136, 56.2019033919282], [44.9366884879835, 56.201230010157], [44.9362090737899, 56.2016361511876], [44.936937672136, 56.2019033919282]]], [[[44.9684945248026, 56.2114352289528], [44.9682649566626, 56.2125147409627], [44.9692234496027, 56.2117023024195], [44.9684945248026, 56.2114352289528]]], [[[44.9692435944165, 56.2134551044697], [44.9692335229089, 56.2125787052432], [44.9685146417375, 56.2131880328017], [44.9692435944165, 56.2134551044697]]], [[[44.944847362416, 56.2062589848644], [44.9467938388647, 56.2072636346092], [44.9469088531612, 56.2067238795036], [44.944847362416, 56.2062589848644]]], [[[44.9141876815165, 56.2008319945011], [44.9149070663082, 56.200222880082], [44.9134592270618, 56.2005646440433], [44.9141876815165, 56.2008319945011]]], [[[44.9458543423042, 56.2098287915657], [44.9454803178625, 56.2088187800628], [44.9450009054676, 56.2092249318853], [44.9458543423042, 56.2098287915657]]], [[[44.9414914243899, 56.2091020296351], [44.9417407164611, 56.2097753763327], [44.9424598881135, 56.2091661629882], [44.9414914243899, 56.2091020296351]]], [[[44.9375024859511, 56.2093851748861], [44.9372532559332, 56.2087118200946], [44.9367737697938, 56.2091179476353], [44.9375024859511, 56.2093851748861]]], [[[44.9551748548358, 56.2103360083003], [44.9532769723546, 56.2137135138677], [44.9561826899793, 56.21390567111], [44.9589438811553, 56.2120083201281], [44.9589241158554, 56.2102555036887], [44.9551748548358, 56.2103360083003]], [[44.956757287519, 56.211206940548], [44.9576010485497, 56.210934320063], [44.9583299050013, 56.2112014465897], [44.956757287519, 56.211206940548]]], [[[44.9314520064052, 56.2092031512046], [44.9327848016774, 56.2094009714778], [44.9328999760532, 56.20886123256], [44.9314520064052, 56.2092031512046]]], [[[44.9465067132144, 56.2141413330563], [44.9523084043096, 56.2136494497624], [44.952633765536, 56.2102774057778], [44.9463530604456, 56.2111754624778], [44.9465067132144, 56.2141413330563]], [[44.9506109861083, 56.2133182231576], [44.9507259725258, 56.2127784824412], [44.9510903940067, 56.2129120614426], [44.9506109861083, 56.2133182231576]]], [[[44.9071879981278, 56.202337609793], [44.9073213217218, 56.2035507727501], [44.9080408360159, 56.2029416988005], [44.9071879981278, 56.202337609793]]], [[[44.933772100802, 56.2112179869207], [44.9355844829377, 56.211009667962], [44.9336475069271, 56.210881309525], [44.933772100802, 56.2112179869207]]], [[[44.9390940863232, 56.2111327051104], [44.9384709460775, 56.2094493343195], [44.9347500352861, 56.2121585752582], [44.9390940863232, 56.2111327051104]]], [[[44.9285653292267, 56.2107633562441], [44.9287957822997, 56.2096838927976], [44.9280764316821, 56.2102930395923], [44.9285653292267, 56.2107633562441]]], [[[44.9400911979506, 56.2138260622232], [44.9417885648905, 56.2141574039412], [44.9428722038892, 56.2136818019737], [44.9400911979506, 56.2138260622232]]], [[[44.9310005836102, 56.2122384917132], [44.9309912117752, 56.2113620843929], [44.9302718611576, 56.2119712374828], [44.9310005836102, 56.2122384917132]]], [[[44.9320936807789, 56.2126393672132], [44.9331867941354, 56.2130402319214], [44.9337815220997, 56.2120943933418], [44.9320936807789, 56.2126393672132]]], [[[44.9397458636809, 56.2154452457017], [44.9404651459499, 56.2148360593368], [44.9392568123522, 56.2149749758146], [44.9397458636809, 56.2154452457017]]], [[[44.9364567758597, 56.2133663800545], [44.9363416284635, 56.2139061081805], [44.937674572124, 56.214103881689], [44.9364567758597, 56.2133663800545]]], [[[44.9037146086424, 56.2057196227626], [44.9044430846808, 56.2059870109919], [44.9050471898761, 56.205917686752], [44.9037146086424, 56.2057196227626]]], [[[44.9265131293776, 56.2111746369001], [44.9267622217993, 56.2118480006848], [44.927241817656, 56.2114419100163], [44.9265131293776, 56.2111746369001]]], [[[44.9201164926822, 56.2126113461369], [44.9201073177986, 56.2117349406152], [44.9197521602342, 56.2124776942903], [44.9201164926822, 56.2126113461369]]], [[[44.937348134409, 56.2174758249495], [44.9367344523333, 56.2166688884586], [44.9362548834563, 56.2170749989122], [44.937348134409, 56.2174758249495]]], [[[44.9239997652771, 56.213744777], [44.9254479264808, 56.2134029383951], [44.9230312368023, 56.2136805276344], [44.9239997652771, 56.213744777]]], [[[44.9375784220067, 56.2163963875834], [44.944262861542, 56.2191378251507], [44.9458068059395, 56.2165033250686], [44.9375784220067, 56.2163963875834]], [[44.9394005087266, 56.2170644129924], [44.940119817076, 56.2164552347215], [44.9412130878139, 56.2168560355777], [44.9403691271337, 56.2171285571374], [44.9394005087266, 56.2170644129924]]], [[[44.931075576277, 56.2192495991898], [44.931430612433, 56.2185068473133], [44.9307111619907, 56.2191159779202], [44.931075576277, 56.2192495991898]]], [[[44.9335019192783, 56.2198482625874], [44.9360434942121, 56.2199071771747], [44.9365230900687, 56.2195010748149], [44.9335019192783, 56.2198482625874]]], [[[44.948176299197, 56.2228996883701], [44.9483107163666, 56.2241126822547], [44.9490300157228, 56.2235034859972], [44.948176299197, 56.2228996883701]]], [[[44.8635103761031, 56.2008516680702], [44.8637585296326, 56.2015251712498], [44.8642385562645, 56.2011192532511], [44.8635103761031, 56.2008516680702]]], [[[44.9122802356445, 56.2152659002013], [44.9115425559444, 56.2141221685034], [44.910458596787, 56.2145975492377], [44.9122802356445, 56.2152659002013]]], [[[44.9450399225545, 56.223786803918], [44.946248462097, 56.223647850568], [44.9433421940872, 56.22345551526], [44.9450399225545, 56.223786803918]]], [[[44.8511642105601, 56.19980803901], [44.8516443289228, 56.1994021560848], [44.8498320223301, 56.1996095019771], [44.8511642105601, 56.19980803901]]], [[[44.9275840204863, 56.2208791239726], [44.927334870508, 56.2202057943621], [44.9268551874171, 56.2206118661448], [44.9275840204863, 56.2208791239726]]], [[[44.9021062359142, 56.2141520295926], [44.9028259759382, 56.213543014099], [44.9016175658981, 56.2136816373978], [44.9021062359142, 56.2141520295926]]], [[[44.9034301782603, 56.2134736988523], [44.9038033492453, 56.2144837867975], [44.9045230721822, 56.2138747659079], [44.9034301782603, 56.2134736988523]]], [[[44.9442150985481, 56.2258120268037], [44.9433613955122, 56.2252082102908], [44.9434860955071, 56.2255448544117], [44.9442150985481, 56.2258120268037]]], [[[44.8572372648881, 56.2026226004528], [44.8562610463104, 56.2016814725221], [44.8560209965719, 56.2018844171323], [44.8572372648881, 56.2026226004528]]], [[[44.9034479164883, 56.2152264928085], [44.9047807639213, 56.2154245478048], [44.9052605801119, 56.2150185353773], [44.9034479164883, 56.2152264928085]]], [[[44.8395388984016, 56.1981546453208], [44.8412272829129, 56.1976106436165], [44.841947545443, 56.1970018601479], [44.8402514798221, 56.1966693897807], [44.8395388984016, 56.1981546453208]]], [[[44.9319665813928, 56.223358946958], [44.9332903573643, 56.2226803949844], [44.9317173585694, 56.2226856335353], [44.9319665813928, 56.223358946958]]], [[[44.8405224311654, 56.1999723640336], [44.8402669022959, 56.1984223474136], [44.8394303907002, 56.1995708149413], [44.8405224311654, 56.1999723640336]]], [[[44.9006667028062, 56.2153700416943], [44.9016440734154, 56.2163108197886], [44.9022394650794, 56.2153651197047], [44.9006667028062, 56.2153700416943]]], [[[44.9437451101489, 56.2270944753299], [44.9474957012658, 56.2270142558035], [44.9472462401221, 56.2263409801523], [44.9437451101489, 56.2270944753299]]], [[[44.8914527986079, 56.2134434555512], [44.8923056364961, 56.2140475976187], [44.8932654460436, 56.2132356375148], [44.8914527986079, 56.2134434555512]]], [[[44.8522722211862, 56.2019624261252], [44.8533723762343, 56.2032403330751], [44.854092570416, 56.2026315100363], [44.8522722211862, 56.2019624261252]]], [[[44.8944912804484, 56.2148498765208], [44.8949798947065, 56.2153202876013], [44.8952198455196, 56.2151172953271], [44.8944912804484, 56.2148498765208]]], [[[44.8417384116985, 56.2007106759571], [44.842226364955, 56.2011812875865], [44.8437986685739, 56.2011769618475], [44.8417384116985, 56.2007106759571]]], [[[44.8448829847621, 56.2007020154858], [44.8462151855825, 56.2009005929881], [44.8482676309466, 56.200490356445], [44.8448829847621, 56.2007020154858]]], [[[44.8518079299922, 56.204121207328], [44.8520559360328, 56.2047947177022], [44.8529001791002, 56.2045226592934], [44.8518079299922, 56.204121207328]]], [[[44.9349105840564, 56.2270568692792], [44.936723557946, 56.2268485548171], [44.9347859398194, 56.2267202215612], [44.9349105840564, 56.2270568692792]]], [[[44.9372032203525, 56.2264424659472], [44.9385460313744, 56.2275165550452], [44.9397546824328, 56.2273776520572], [44.9372032203525, 56.2264424659472]]], [[[44.847687054714, 56.2031888342974], [44.8496234893327, 56.2033182764175], [44.849739586413, 56.2027785833651], [44.847687054714, 56.2031888342974]]], [[[44.9449922620834, 56.2304608409952], [44.9454718903157, 56.2300547341388], [44.9442631852979, 56.2301936784957], [44.9449922620834, 56.2304608409952]]], [[[44.8875960587113, 56.2149384075816], [44.8886888528085, 56.2153395825559], [44.8888045397978, 56.2147998957987], [44.8875960587113, 56.2149384075816]]], [[[44.8425981527827, 56.2021915904697], [44.8427298432078, 56.2034048091847], [44.8438142214493, 56.2029298763129], [44.8425981527827, 56.2021915904697]]], [[[44.9279950385404, 56.2253945201412], [44.9297020803868, 56.2266023159443], [44.9299419394691, 56.2263992814019], [44.9279950385404, 56.2253945201412]]], [[[44.8490350818038, 56.2051402786012], [44.8480589720441, 56.2041991119996], [44.8473386771384, 56.2048079017634], [44.8490350818038, 56.2051402786012]]], [[[44.9307954923183, 56.2270031689612], [44.9346801849427, 56.2281362418942], [44.9355243668562, 56.2278637670993], [44.9335772887611, 56.226859084979], [44.9307954923183, 56.2270031689612]]], [[[44.8417616312944, 56.2033400481049], [44.8412736618502, 56.2028694382741], [44.8407934238776, 56.2032752807298], [44.8417616312944, 56.2033400481049]]], [[[44.8481908063608, 56.2054123145269], [44.8486788702339, 56.2058828955794], [44.8512195962076, 56.2059432095117], [44.8481908063608, 56.2054123145269]]], [[[44.822484828712, 56.197997985219], [44.8239480652512, 56.1994100215554], [44.8250325388208, 56.1989352091927], [44.822484828712, 56.197997985219]]], [[[44.887008951602, 56.2167604403422], [44.8876046355456, 56.2158148014121], [44.8845833433468, 56.2161610377019], [44.887008951602, 56.2167604403422]]], [[[44.9397928298754, 56.2308829539853], [44.9406465859713, 56.2314867722969], [44.9408864243692, 56.2312837260633], [44.9397928298754, 56.2308829539853]]], [[[44.8694267361551, 56.2126329622416], [44.8690543044128, 56.2116227825655], [44.8686983545456, 56.2123654193288], [44.8694267361551, 56.2126329622416]]], [[[44.8537842108728, 56.2086327795793], [44.8535361598661, 56.2079592862922], [44.8530559767521, 56.2083651557275], [44.8537842108728, 56.2086327795793]]], [[[44.9371259991657, 56.2304874663237], [44.9360229842734, 56.2292103426834], [44.9359172590744, 56.2306263441307], [44.9371259991657, 56.2304874663237]]], [[[44.8275953089765, 56.2016253143569], [44.8296554642284, 56.2020917873063], [44.8308562516149, 56.2010772576095], [44.8275953089765, 56.2016253143569]]], [[[44.8186271805001, 56.1994913382548], [44.817659081002, 56.1994264224916], [44.8177828322121, 56.1997632150005], [44.8186271805001, 56.1994913382548]]], [[[44.8169311886236, 56.1991586151781], [44.8171786784534, 56.1998321992967], [44.8174188828753, 56.1996293122431], [44.8169311886236, 56.1991586151781]]], [[[44.8234751189817, 56.2006922830226], [44.8239628914744, 56.2011629531079], [44.825171210683, 56.201024929657], [44.8234751189817, 56.2006922830226]]], [[[44.8531879459671, 56.2095783258792], [44.8529398994569, 56.2089048352901], [44.8526998002557, 56.2091077673098], [44.8531879459671, 56.2095783258792]]], [[[44.816210575358, 56.1997672772382], [44.8159630972193, 56.199093691321], [44.8154826847783, 56.1994994627302], [44.816210575358, 56.1997672772382]]], [[[44.8341551177646, 56.204911405637], [44.8339932487896, 56.2001923561925], [44.8290588072184, 56.203037274251], [44.8313516467613, 56.2024243637935], [44.8341551177646, 56.204911405637]], [[44.8336520226229, 56.2026878750456], [44.8335281545009, 56.2023511023217], [44.8338921694882, 56.2024849655089], [44.8336520226229, 56.2026878750456]], [[44.8324361158342, 56.2019495082633], [44.8325599785603, 56.2022862827859], [44.8321959653717, 56.2021524160014], [44.8324361158342, 56.2019495082633]]], [[[44.8521035092697, 56.2100533073145], [44.8518554771487, 56.2093798176247], [44.8516153698536, 56.2095827478457], [44.8521035092697, 56.2100533073145]]], [[[44.8087060764245, 56.1990447978793], [44.8100380829913, 56.1992436910436], [44.810154617142, 56.1987040141791], [44.8087060764245, 56.1990447978793]]], [[[44.812090764877, 56.1988339320405], [44.8130732751117, 56.2006518198258], [44.8141506503324, 56.1993006181292], [44.812090764877, 56.1988339320405]]], [[[44.8118649307222, 56.2007897497473], [44.8116175101401, 56.2001161620314], [44.8113772796379, 56.2003190391925], [44.8118649307222, 56.2007897497473]]], [[[44.8830530380674, 56.2205476761345], [44.8828045167152, 56.2198742727796], [44.8825644885605, 56.2200772389735], [44.8830530380674, 56.2205476761345]]], [[[44.8607432889718, 56.2155570332307], [44.860495106664, 56.2148835768158], [44.8600149118589, 56.2152894525464], [44.8607432889718, 56.2155570332307]]], [[[44.8592946016647, 56.2158982611959], [44.859046436444, 56.2152248020831], [44.8585662245518, 56.2156306733171], [44.8592946016647, 56.2158982611959]]], [[[44.8600229859722, 56.2161658454776], [44.86027116828, 56.2168392982952], [44.8607513783736, 56.2164334243632], [44.8600229859722, 56.2161658454776]]], [[[44.874716587101, 56.2218534215983], [44.8754367884771, 56.2212445598887], [44.8739880328216, 56.2215859155577], [44.874716587101, 56.2218534215983]]], [[[44.8112894824238, 56.204364536894], [44.8123886023523, 56.2056427190364], [44.813466108874, 56.2042915578093], [44.8112894824238, 56.204364536894]]], [[[44.8553046101198, 56.2161792723557], [44.8554366602738, 56.2173923903467], [44.8562811056887, 56.2171203328373], [44.8553046101198, 56.2161792723557]]], [[[44.8701135735827, 56.2213276428566], [44.8715706353767, 56.2218626882126], [44.872895220738, 56.2211846479533], [44.8701135735827, 56.2213276428566]]], [[[44.8719432002187, 56.2228728085335], [44.8709745566306, 56.2228082372105], [44.8717031118093, 56.2230757558416], [44.8719432002187, 56.2228728085335]]], [[[44.8725475635194, 56.2228036173932], [44.8730360419799, 56.2232740779365], [44.8732761276913, 56.2230711279304], [44.8725475635194, 56.2228036173932]]], [[[44.8493854855519, 56.2172071569849], [44.8508500989531, 56.218618790425], [44.8527792211843, 56.2178718027417], [44.8493854855519, 56.2172071569849]]], [[[44.8617685232989, 56.2217563226963], [44.8626211345579, 56.2223605996621], [44.8633414987113, 56.2217517964085], [44.8617685232989, 56.2217563226963]]], [[[44.8086608648072, 56.2083489724273], [44.8096219792711, 56.2075375078498], [44.8081731714549, 56.207878271765], [44.8086608648072, 56.2083489724273]]], [[[44.8485567333067, 56.2192319374042], [44.8490370648088, 56.2188261057403], [44.8478283642877, 56.2189643036598], [44.8485567333067, 56.2192319374042]]], [[[44.8176229084706, 56.2096070061586], [44.8164216300544, 56.2106213874672], [44.8181107115403, 56.2100776753446], [44.8176229084706, 56.2096070061586]]], [[[44.8155770713249, 56.2108932345353], [44.8149655233404, 56.2100857881288], [44.814120967309, 56.2103576289016], [44.8155770713249, 56.2108932345353]]], [[[44.8159411016007, 56.2110271336954], [44.8169167194312, 56.2119684684702], [44.8172734687957, 56.2112259504174], [44.8159411016007, 56.2110271336954]]], [[[44.8512380359068, 56.2213817199906], [44.8588707682715, 56.2224387606404], [44.855592701642, 56.2212346187828], [44.8587064072751, 56.2177201770447], [44.8512380359068, 56.2213817199906]]], [[[44.8449305786834, 56.2196464906932], [44.8492929866821, 56.2203759406973], [44.8427455444715, 56.218843530105], [44.8449305786834, 56.2196464906932]]], [[[44.8069859422476, 56.2106454326408], [44.8079542539858, 56.2107104086586], [44.8085585597299, 56.2106414657312], [44.8069859422476, 56.2106454326408]]], [[[44.8004411836139, 56.2091111478613], [44.8022470438661, 56.2080279630202], [44.7996992941872, 56.2070904089953], [44.7989853017305, 56.2085753956381], [44.8004411836139, 56.2091111478613]], [[44.8005578508643, 56.2085715087683], [44.8004341976803, 56.2082347189573], [44.8007981668021, 56.2083686567883], [44.8005578508643, 56.2085715087683]]], [[[44.8357257243629, 56.2185930059626], [44.8370583847368, 56.2187916437196], [44.8377790195863, 56.2181829474852], [44.8357257243629, 56.2185930059626]]], [[[44.7919603869624, 56.2074464344056], [44.7929286123658, 56.2075115075502], [44.7930453596558, 56.2069718693564], [44.7919603869624, 56.2074464344056]]], [[[44.8402272853611, 56.221412198914], [44.841203591173, 56.2223533286434], [44.8420482056603, 56.2220813556702], [44.8402272853611, 56.221412198914]]], [[[44.831393894213, 56.2213686681297], [44.8334549352972, 56.2218350421537], [44.833935422382, 56.2214292635499], [44.831393894213, 56.2213686681297]]], [[[44.7778077784064, 56.2074800456678], [44.7827657039742, 56.2072661617042], [44.7775608002909, 56.2068064273749], [44.7778077784064, 56.2074800456678]]], [[[44.7854500966448, 56.2102936457353], [44.7852029980201, 56.2096200499255], [44.7849626083379, 56.2098228758252], [44.7854500966448, 56.2102936457353]]], [[[44.8358878244637, 56.2233115904577], [44.8355312747487, 56.2240541040139], [44.837220617038, 56.2235102219194], [44.8358878244637, 56.2233115904577]]], [[[44.8361357063979, 56.2239850576644], [44.8369880334711, 56.2245894686292], [44.8372282765639, 56.2243865779784], [44.8361357063979, 56.2239850576644]]], [[[44.7950162275171, 56.2114841232938], [44.7916373954496, 56.2125710142411], [44.7942951502012, 56.2120926414624], [44.7950162275171, 56.2114841232938]]], [[[44.8339582210952, 56.224058346116], [44.8337103715366, 56.2233848771106], [44.8329896053862, 56.2239935382713], [44.8339582210952, 56.224058346116]]], [[[44.8338418946879, 56.2245979672226], [44.8328732672876, 56.2245331575793], [44.833601637206, 56.2248008533768], [44.8338418946879, 56.2245979672226]]], [[[44.8379720149966, 56.2264069490216], [44.8386927514695, 56.2257982734717], [44.8354225907801, 56.2254700766829], [44.8379720149966, 56.2264069490216]]], [[[44.7684833160524, 56.2060856729157], [44.7684961179017, 56.2078385478109], [44.7709069583896, 56.2066869317567], [44.7684833160524, 56.2060856729157]]], [[[44.7691068555971, 56.2086461893703], [44.7710432947125, 56.2087766144494], [44.7695877527727, 56.2082405816377], [44.7691068555971, 56.2086461893703]]], [[[44.8344691655197, 56.2271579656677], [44.8342212907801, 56.2264845083536], [44.8337407551319, 56.2268902779641], [44.8344691655197, 56.2271579656677]]], [[[44.8320361225691, 56.2256814254576], [44.832741768418, 56.223320066568], [44.8276660100785, 56.224075154445], [44.8296182745639, 56.2259575371108], [44.8320361225691, 56.2256814254576]], [[44.8299749321975, 56.2252150424404], [44.8300988344938, 56.2255517782921], [44.8297346531319, 56.2254179231988], [44.8299749321975, 56.2252150424404]]], [[[44.7668065489832, 56.2083817230383], [44.7670533823079, 56.2090553539216], [44.767534302866, 56.2086497533836], [44.7668065489832, 56.2083817230383]]], [[[44.7782045718836, 56.2119961567973], [44.782551949513, 56.2109746924283], [44.7786656623906, 56.2089612632519], [44.7782045718836, 56.2119961567973]]], [[[44.763908252564, 56.2090624288882], [44.7654617783386, 56.2064295961491], [44.7610036051324, 56.2088666491767], [44.763908252564, 56.2090624288882]]], [[[44.7652466892835, 56.2101381214773], [44.7659681047444, 56.2095297319117], [44.7645189246089, 56.2098700830381], [44.7652466892835, 56.2101381214773]]], [[[44.7532396338023, 56.2057149849588], [44.754571592705, 56.2059143475693], [44.7576979086318, 56.2032781162922], [44.7532396338023, 56.2057149849588]]], [[[44.7613737391069, 56.2098771040453], [44.7622185865187, 56.2096055510555], [44.7602821366115, 56.2094750162591], [44.7613737391069, 56.2098771040453]]], [[[44.7934915924632, 56.2176227624807], [44.7944669036249, 56.2185642060734], [44.7949476883853, 56.2181585425828], [44.7934915924632, 56.2176227624807]]], [[[44.7704647113775, 56.2123510958266], [44.7704582731309, 56.2114746813116], [44.7697368837503, 56.2120830834677], [44.7704647113775, 56.2123510958266]]], [[[44.7859846419778, 56.2168992480021], [44.7864654815968, 56.2164936069946], [44.7852566614659, 56.2166313174815], [44.7859846419778, 56.2168992480021]]], [[[44.780765408497, 56.2146868528162], [44.7896043097912, 56.2156096786439], [44.79116345453, 56.21385308775], [44.780765408497, 56.2146868528162]]], [[[44.793505311621, 56.219375528558], [44.7948378182109, 56.219574529641], [44.7949545735949, 56.2190349247222], [44.793505311621, 56.219375528558]]], [[[44.7891438452124, 56.2186444975457], [44.7896246740397, 56.2182388502429], [44.7884158197344, 56.2183765823136], [44.7891438452124, 56.2186444975457]]], [[[44.7542323306577, 56.2092860444156], [44.7542261909861, 56.2084096137129], [44.7535046433248, 56.2090179511177], [44.7542323306577, 56.2092860444156]]], [[[44.8372895662607, 56.2313972726662], [44.838506295929, 56.232135484765], [44.838986842369, 56.2317297124565], [44.8372895662607, 56.2313972726662]]], [[[44.8281990319599, 56.2298037972076], [44.8273467228731, 56.2291993547666], [44.8271064123312, 56.2294022256324], [44.8281990319599, 56.2298037972076]]], [[[44.7567854942553, 56.2111007584934], [44.7583581288247, 56.2110973023987], [44.7621077702576, 56.2110215794825], [44.7567854942553, 56.2111007584934]]], [[[44.752789190369, 56.2105027066348], [44.7552067011285, 56.2102277766907], [44.7583456965968, 56.2093444562818], [44.752789190369, 56.2105027066348]]], [[[44.8291677573862, 56.2298686356292], [44.8307560860247, 56.2316170903566], [44.832081520346, 56.2309394359064], [44.8291677573862, 56.2298686356292]]], [[[44.771205446974, 56.2143719174302], [44.7758197793595, 56.2166534578909], [44.7772559579962, 56.2145602192788], [44.771205446974, 56.2143719174302]]], [[[44.7880585694476, 56.2191190077362], [44.7884293518333, 56.2201293429949], [44.7892742262247, 56.2198576560062], [44.7880585694476, 56.2191190077362]]], [[[44.8125615536729, 56.2266761484856], [44.8152271406202, 56.2270737954195], [44.8136467574921, 56.2262014863097], [44.8125615536729, 56.2266761484856]]], [[[44.7582409795377, 56.211636902821], [44.7598261164823, 56.2133862568704], [44.76248423456, 56.2129084317789], [44.7582409795377, 56.211636902821]]], [[[44.7543679493216, 56.2113757118198], [44.7535230254674, 56.2116472198435], [44.7555828893391, 56.2121146559668], [44.7543679493216, 56.2113757118198]]], [[[44.7810389966525, 56.2188659969684], [44.7821309903531, 56.2192679183799], [44.7838207688136, 56.2187246064556], [44.7810389966525, 56.2188659969684]]], [[[44.8214180178275, 56.2293497663788], [44.8232537868329, 56.231771763856], [44.8244554537563, 56.2307574454999], [44.8214180178275, 56.2293497663788]]], [[[44.7520797943472, 56.2128638604789], [44.7538930236443, 56.2126576783094], [44.7519503729116, 56.2116506273747], [44.7520797943472, 56.2128638604789]]], [[[44.8052932823593, 56.2257507568921], [44.8086941496155, 56.2272926850096], [44.8070996588224, 56.2246676116212], [44.8052932823593, 56.2257507568921]]], [[[44.822292417861, 56.232583207749], [44.8230134484121, 56.2319746257286], [44.821563995782, 56.2323154705826], [44.822292417861, 56.232583207749]]], [[[44.7609365966468, 56.2164175396379], [44.7603258976222, 56.2156098998772], [44.7598448475619, 56.2160154626437], [44.7609365966468, 56.2164175396379]]], [[[44.7956141876448, 56.2259769462792], [44.7948791276698, 56.2248327226522], [44.7943982754602, 56.2252383717536], [44.7956141876448, 56.2259769462792]]], [[[44.8260585537594, 56.2342585628825], [44.8265317626309, 56.2329765226486], [44.8244777389567, 56.2333864003622], [44.8260585537594, 56.2342585628825]]], [[[44.7705162200477, 56.2193622662558], [44.7766777658664, 56.2181346134219], [44.7685729469841, 56.2183554590374], [44.7705162200477, 56.2193622662558]], [[44.7701458189745, 56.2183518824336], [44.7700287857, 56.2188914720639], [44.7696648219741, 56.2187574694818], [44.7701458189745, 56.2183518824336]]], [[[44.7740325071946, 56.2203654267232], [44.7745199964009, 56.2208362038279], [44.7747604823106, 56.2206334058072], [44.7740325071946, 56.2203654267232]]], [[[44.8156058244494, 56.2289603590335], [44.8112359610709, 56.2273536509504], [44.8070185660541, 56.2295889140973], [44.8156058244494, 56.2289603590335]]], [[[44.7564525355563, 56.2153487673319], [44.7582782690271, 56.2168953278573], [44.7589936455405, 56.2154105984205], [44.7564525355563, 56.2153487673319]]], [[[44.7724595695536, 56.2203690419979], [44.7725830581618, 56.2207058318089], [44.7731875392737, 56.2206370282764], [44.7724595695536, 56.2203690419979]]], [[[44.778160004181, 56.2221760479864], [44.7790115677298, 56.2227807863044], [44.7794925251601, 56.2223751794711], [44.778160004181, 56.2221760479864]]], [[[44.8021681175647, 56.2283876365804], [44.8031438163342, 56.2293289713551], [44.8033842276002, 56.2291261364622], [44.8021681175647, 56.2283876365804]]], [[[44.7911420929334, 56.2266619347007], [44.7910116462706, 56.2254488212063], [44.7899262338088, 56.2259233251015], [44.7911420929334, 56.2266619347007]]], [[[44.7557370772045, 56.2168334868761], [44.7547625646408, 56.2158917896745], [44.7528319954004, 56.2166375605751], [44.7557370772045, 56.2168334868761]]], [[[44.8073258032434, 56.2227120493218], [44.8242870305222, 56.2251626875082], [44.8211113876806, 56.2216654929683], [44.8041515588475, 56.2192144608788], [44.8016662616888, 56.2261642804573], [44.7948929016862, 56.2265854194817], [44.7950303396786, 56.2286748611561], [44.8030130594053, 56.228115886639], [44.8073258032434, 56.2227120493218]], [[44.8099768013884, 56.221357065976], [44.8099696409863, 56.2204806946285], [44.8106978184497, 56.22074850464], [44.8099768013884, 56.221357065976]]], [[[44.7650696001821, 56.2191049324468], [44.7678258693686, 56.2154582714822], [44.7640695693553, 56.2146577300704], [44.7613005172053, 56.2165515638038], [44.761195925152, 56.2188439240081], [44.7580439407754, 56.2179744936282], [44.7599932213103, 56.2198578142869], [44.7650696001821, 56.2191049324468]], [[44.7625219907974, 56.2181668217416], [44.7630093433067, 56.2186376411144], [44.7622814635189, 56.2183696035745], [44.7625219907974, 56.2181668217416]], [[44.7628733289412, 56.2165480609444], [44.762749921272, 56.2162112576436], [44.7631138445284, 56.2163452773129], [44.7628733289412, 56.2165480609444]]], [[[44.7807213857835, 56.2248665974157], [44.7813325452609, 56.2256741175667], [44.7818135125837, 56.2252685080354], [44.7807213857835, 56.2248665974157]]], [[[44.7477556875751, 56.2173900494114], [44.7540593244784, 56.2191292672021], [44.7551449365897, 56.2186549980299], [44.7509013677041, 56.2173833053954], [44.7529492166332, 56.2160979790387], [44.7489464996814, 56.2146234434173], [44.7477556875751, 56.2173900494114]], [[44.7489646354098, 56.2172526339021], [44.7488413230687, 56.2169158189101], [44.7492052139496, 56.2170498718543], [44.7489646354098, 56.2172526339021]], [[44.7498036219397, 56.2161047653228], [44.7497975614085, 56.215228367895], [44.7505253242845, 56.2154964674882], [44.7498036219397, 56.2161047653228]]], [[[44.7995374225142, 56.2323714075146], [44.8008703167119, 56.2325703420478], [44.8011107513602, 56.2323675152488], [44.7995374225142, 56.2323714075146]]], [[[44.7520052747238, 56.2195382105202], [44.7533376122412, 56.2197375704327], [44.7539421095409, 56.2196688424433], [44.7520052747238, 56.2195382105202]]], [[[44.776860276081, 56.2263586905013], [44.7798631537617, 56.2233855165285], [44.7743120497615, 56.2254208091232], [44.776860276081, 56.2263586905013]]], [[[44.760129116066, 56.2219473593833], [44.7619489391923, 56.222617458629], [44.7626705857791, 56.2220091266201], [44.760129116066, 56.2219473593833]]], [[[44.7572237087074, 56.2217515212159], [44.7572175114792, 56.2208751498684], [44.7563724383375, 56.2211466596908], [44.7572237087074, 56.2217515212159]]], [[[44.7488594534012, 56.2195449779186], [44.7486128215247, 56.2188713551291], [44.7477677348932, 56.2191428208847], [44.7488594534012, 56.2195449779186]]], [[[44.7932372497994, 56.2315104919159], [44.7952983547355, 56.231977349775], [44.7955388109675, 56.2317745301706], [44.7932372497994, 56.2315104919159]]], [[[44.7911693666731, 56.230167278897], [44.7925090048868, 56.2312426153546], [44.7928662776567, 56.2305002304015], [44.7911693666731, 56.230167278897]]], [[[44.7539482465145, 56.2205452191867], [44.7522519578617, 56.2202118243164], [44.7518941329081, 56.2209541562095], [44.7539482465145, 56.2205452191867]]], [[[44.7897265339525, 56.2313841533561], [44.7894792662553, 56.2307106393847], [44.7892387911374, 56.2309134499959], [44.7897265339525, 56.2313841533561]]], [[[44.7488594534012, 56.2195449779186], [44.7482609824585, 56.2204900637656], [44.7503151059576, 56.2200811717089], [44.7488594534012, 56.2195449779186]]], [[[44.792522694367, 56.2329952546274], [44.7930036383074, 56.2325896262104], [44.7917944305687, 56.2327273771669], [44.792522694367, 56.2329952546274]]], [[[44.7603884373767, 56.2243736736063], [44.7601416193404, 56.2237000876891], [44.759901053391, 56.2239028587301], [44.7603884373767, 56.2243736736063]]], [[[44.7624489154852, 56.2248409856231], [44.7708018285417, 56.225294036191], [44.77369451499, 56.223736904135], [44.7624489154852, 56.2248409856231]]], [[[44.7882768627871, 56.2317246861455], [44.7892523601085, 56.2326660919667], [44.7902142893581, 56.2318548531192], [44.7882768627871, 56.2317246861455]]], [[[44.7869507872492, 56.2324019610818], [44.7868204314179, 56.231188882661], [44.7860989521051, 56.2317972974075], [44.7869507872492, 56.2324019610818]]], [[[44.7457315888419, 56.2221808009034], [44.7476624908314, 56.2214351415187], [44.7454849875423, 56.2215071835099], [44.7457315888419, 56.2221808009034]]], [[[44.6972762312133, 56.212770369657], [44.6965437208162, 56.2116255965442], [44.6960621716321, 56.2120309677551], [44.6972762312133, 56.212770369657]]], [[[44.5894274728997, 56.1965445719746], [44.5884566358652, 56.1956017236408], [44.5879743348478, 56.1960067917802], [44.5894274728997, 56.1965445719746]]], [[[44.5850772992781, 56.1975606718877], [44.5851933100234, 56.1961446713397], [44.5831357978789, 56.1956749230594], [44.5850772992781, 56.1975606718877]]], [[[44.5864114021646, 56.1986379805585], [44.5861671606861, 56.1979640250199], [44.585925986795, 56.198166553244], [44.5864114021646, 56.1986379805585]]], [[[44.5729765029634, 56.1954157465397], [44.5750310410499, 56.1950091342643], [44.5728544838475, 56.1950787525826], [44.5729765029634, 56.1954157465397]]], [[[44.5716427894833, 56.1943383047691], [44.5718868088293, 56.1950122953813], [44.5723692366511, 56.194607274906], [44.5716427894833, 56.1943383047691]]], [[[44.551071572895, 56.1896376716414], [44.5511909974667, 56.1890981665473], [44.5497409153111, 56.1894365355678], [44.551071572895, 56.1896376716414]]], [[[44.5689810543324, 56.1939363851562], [44.5699514704842, 56.1948793629924], [44.570433915393, 56.194474347913], [44.5689810543324, 56.1939363851562]]], [[[44.590683591075, 56.2095553113287], [44.5906804434479, 56.2086788770287], [44.589956816554, 56.2092864482112], [44.590683591075, 56.2095553113287]]], [[[44.5971157950581, 56.2151436103895], [44.5965078749387, 56.2143353186202], [44.5962666641754, 56.2145378468443], [44.5971157950581, 56.2151436103895]]], [[[44.59832840763, 56.2158837767151], [44.601232807748, 56.2160826105242], [44.6023198632712, 56.215609407948], [44.59832840763, 56.2158837767151]]], [[[44.5817394969804, 56.2117898199444], [44.5841610816688, 56.2123939916895], [44.5846435823356, 56.2119889703149], [44.5817394969804, 56.2117898199444]]]]}, "properties": {"id": 606, "storm_id": 435, "type": "squall", "certainty": "High", "year": 2016, "month": 6, "date": "27.06.2016", "date_1": "2016/06/18", "date_2": "2016/07/04", "n_polygons": 197, "area_km2": 3.81, "length_km": 27.1, "mean_width_m": 296.9, "max_width_m": 899.4, "wind_gust": -9999, "direction": "W-E", "near_watershed": "27563.0", "ws_dist_km": 19.0, "lon": 44.789, "lat": 56.2099, "status": "reserve", "score": 0.862, "score_parts": {"forest": 0.286, "chain": 0.15, "size": 0.143, "water": 0.1, "slope": 0.137, "width": 0.021, "gust": 0.025, "tornado_bonus": 0.0}, "slc_chain": {"platform": "S1A", "direction": null, "rel_orbit": 122, "pre": "2016-06-12", "post": "2016-07-06", "control": "2016-07-18", "pair_interval_days": 24, "control_interval_days": 12, "min_coverage": 1.0, "coverages": [1.0, 1.0, 1.0], "quality": "stretched", "gap_days_pre": 5, "gap_days_post": 18}, "landscape_proxy_2021": {"id": 606, "key": "606_20160618", "wc_item": "ESA_WorldCover_10m_2021_v200_N54E045", "forest_frac": 0.952, "water_frac": 0.0, "wetland_frac": 0.0, "crop_frac": 0.0, "slope_mean_deg": 1.13, "slope_p90_deg": 1.96}, "cost_credits": 20, "source_db": "Shikhov & Erlikh 2020 (ESSD), doi:10.5194/essd-12-1933-2020", "reserve_note": "Исключён из волны-2: SLC-цепочка stretched (24 дня), полной пары для 18.06.2016 нет; заменён событием id696 (шквал 23.07.2017, full-цепочка S1A)"}}, {"type": "Feature", "geometry": {"type": "MultiPolygon", "coordinates": [[[[44.6185279470073, 61.7420845206843], [44.5851733261882, 61.7265248238617], [44.5823607243681, 61.7275879736062], [44.5970042881175, 61.7375623607146], [44.6160760326829, 61.743428222035], [44.6185279470073, 61.7420845206843]]], [[[44.6450569931858, 61.7532353019678], [44.6456032045244, 61.7528447273025], [44.6442329731734, 61.7529764015398], [44.6450569931858, 61.7532353019678]]], [[[44.6723840905535, 61.7604119062846], [44.6736206151994, 61.7608000410892], [44.6737544783866, 61.7602800270018], [44.6723840905535, 61.7604119062846]]], [[[44.6785669503047, 61.7623524813821], [44.6802158114107, 61.7628699261064], [44.6804888141077, 61.7626746023512], [44.6785669503047, 61.7623524813821]]], [[[44.64876998095, 61.7552450511184], [44.6515105551682, 61.7549816271006], [44.648492104827, 61.754595592213], [44.64876998095, 61.7552450511184]]], [[[44.6576965571506, 61.7577677303966], [44.6623637930548, 61.758671227995], [44.6593399773582, 61.7574406559617], [44.6576965571506, 61.7577677303966]]], [[[44.6534416019485, 61.7569935337248], [44.6554971023096, 61.756795918497], [44.6533026198202, 61.7566688128157], [44.6534416019485, 61.7569935337248]]]]}, "properties": {"id": 654, "storm_id": 470, "type": "tornado", "certainty": "High", "year": 2017, "month": 7, "date": "23.07.2017", "date_1": "2017/07/16", "date_2": "2017/07/30", "n_polygons": 7, "area_km2": 0.64, "length_km": 6.4, "mean_width_m": 173.3, "max_width_m": 337.3, "wind_gust": -9999, "direction": "ENE-WSW", "near_watershed": "-9999.0", "ws_dist_km": -9999.0, "lon": 44.6244, "lat": 61.744, "status": "processed", "score": 0.853, "score_parts": {"forest": 0.3, "chain": 0.25, "size": 0.024, "water": 0.1, "slope": 0.101, "width": 0.003, "gust": 0.025, "tornado_bonus": 0.05}, "slc_chain": {"platform": "S1B", "direction": null, "rel_orbit": 149, "pre": "2017-07-12", "post": "2017-07-24", "control": "2017-08-05", "pair_interval_days": 12, "control_interval_days": 12, "min_coverage": 1.0, "coverages": [1.0, 1.0, 1.0], "quality": "full", "gap_days_pre": 3, "gap_days_post": 8}, "landscape_proxy_2021": {"id": 654, "key": "654_20170716", "wc_item": "ESA_WorldCover_10m_2021_v200_N60E042", "forest_frac": 1.0, "water_frac": 0.0, "wetland_frac": 0.0, "crop_frac": 0.0, "slope_mean_deg": 2.97, "slope_p90_deg": 5.0}, "cost_credits": 20, "source_db": "Shikhov & Erlikh 2020 (ESSD), doi:10.5194/essd-12-1933-2020", "coh_delta": {"auc": 0.0512, "excess_median": -0.3959, "tpr_at_fpr5pct": 0.0, "ref_pixels": 99, "prepost": "S1BB_20170712T031830_20170724T031831_VVP012_INT80_G_ueF_3A90.zip", "control": "S1BB_20170724T031831_20170805T031832_VVP012_INT80_G_ueF_4FDF.zip", "event_date": "2017-07-16", "event_type": "торнадо"}, "coh_delta_note": "AUC 0.051 инверсный: полигон на дату события безлесный (coh prepost 0.635) — см. диагноз"}}, {"type": "Feature", "geometry": {"type": "MultiPolygon", "coordinates": [[[[39.9186914072828, 62.0135677464545], [39.9190824010321, 62.0125384328026], [39.9176901075126, 62.01263403883], [39.9186914072828, 62.0135677464545]]], [[[40.056407009576, 62.0535168530205], [40.0562011394712, 62.052862884015], [40.0556073872713, 62.0532381791988], [40.056407009576, 62.0535168530205]]], [[[40.0585210540036, 62.0557090872048], [40.0598115307777, 62.0552854669509], [40.0579153066462, 62.0549157997245], [40.0585210540036, 62.0557090872048]]], [[[40.0428726687388, 62.0546219255616], [40.0471675142695, 62.0558278876471], [40.0483552381039, 62.0550773629302], [40.0428726687388, 62.0546219255616]]], [[[40.0408853046133, 62.055093682028], [40.0414792195905, 62.0547184408035], [40.0400857605496, 62.054814943455], [40.0408853046133, 62.055093682028]]], [[[40.0738574356723, 62.0648353227921], [40.0747480612742, 62.0642723399967], [40.0733543504231, 62.064369090861], [40.0738574356723, 62.0648353227921]]], [[[39.9294280174892, 62.0263629470925], [39.9303198059145, 62.0258004904005], [39.9289270798211, 62.0258961719709], [39.9294280174892, 62.0263629470925]]], [[[40.0471908453814, 62.0581650232974], [40.0491900122095, 62.058861765858], [40.0497839065022, 62.0584865075464], [40.0471908453814, 62.0581650232974]]], [[[40.0457060422003, 62.0591031447944], [40.0453974587259, 62.0581222137693], [40.044403710563, 62.058358103244], [40.0457060422003, 62.0591031447944]]], [[[40.0391034958299, 62.0562193922114], [40.0391149244144, 62.0573879622848], [40.040302844301, 62.0566375005204], [40.0391034958299, 62.0562193922114]]], [[[40.0319303539029, 62.0560477287199], [40.0317248696072, 62.0553937453253], [40.0314278622062, 62.0555813493], [40.0319303539029, 62.0560477287199]]], [[[40.0464144840413, 62.0602234158781], [40.0490076692687, 62.0605449064225], [40.0493046317035, 62.0603572790653], [40.0488018872974, 62.059890965296], [40.0464144840413, 62.0602234158781]]], [[[39.9285444326796, 62.0280942535471], [39.9282389311819, 62.0271128764583], [39.9277461971295, 62.0278149627905], [39.9285444326796, 62.0280942535471]]], [[[40.0508129386664, 62.0617562059843], [40.052697591221, 62.0609574011633], [40.0506071189236, 62.0611022756496], [40.0508129386664, 62.0617562059843]]], [[[40.0650949938391, 62.0652763125519], [40.0636890818858, 62.0642044960408], [40.0634042953721, 62.0655606278209], [40.0650949938391, 62.0652763125519]]], [[[40.0416280537918, 62.0597196867143], [40.0442095918993, 62.0588727016141], [40.0416165496642, 62.0585511391239], [40.0416280537918, 62.0597196867143]]], [[[40.0660101763287, 62.0670503395018], [40.0644102770128, 62.0664931321525], [40.0657132399742, 62.0672379821473], [40.0660101763287, 62.0670503395018]]], [[[40.0522302369361, 62.0639966492262], [40.0539209470942, 62.0637124328827], [40.0520243839184, 62.0633427305828], [40.0522302369361, 62.0639966492262]]], [[[40.0334604361504, 62.059783955865], [40.0324553349459, 62.0588512303002], [40.0318612751778, 62.0592264310551], [40.0334604361504, 62.059783955865]]], [[[40.0188643224307, 62.0541116367428], [40.0199716342836, 62.0553714736148], [40.0205657480111, 62.0549962980409], [40.0188643224307, 62.0541116367428]]], [[[40.0299651238915, 62.0588564877369], [40.0314614914548, 62.0590870469298], [40.0317585249362, 62.0588994474517], [40.0299651238915, 62.0588564877369]]], [[[40.0486429402197, 62.0639111156057], [40.0488487428754, 62.0645650360477], [40.0494427253017, 62.0641897957226], [40.0486429402197, 62.0639111156057]]], [[[39.9302593328021, 62.031317607222], [39.9319578580689, 62.032203256875], [39.9320514046487, 62.0313615543924], [39.9302593328021, 62.031317607222]]], [[[40.0266753840619, 62.0585829229637], [40.0265726769876, 62.0582559339644], [40.0251790605653, 62.0583523233012], [40.0266753840619, 62.0585829229637]]], [[[40.0471579589728, 62.0648492038279], [40.0469521841961, 62.0641952833858], [40.0466551839897, 62.0643828999511], [40.0471579589728, 62.0648492038279]]], [[[40.0118967987984, 62.0545931940209], [40.012399050376, 62.0550596309973], [40.0126961432126, 62.0548720558009], [40.0118967987984, 62.0545931940209]]], [[[40.06714380864, 62.070646650123], [40.066240713938, 62.0700411284955], [40.0659437604963, 62.0702287648458], [40.06714380864, 62.070646650123]]], [[[40.0286853517478, 62.0604484280527], [40.0305815659867, 62.0608183794648], [40.0310729114859, 62.060116207697], [40.0286853517478, 62.0604484280527]]], [[[40.0188968581037, 62.0576173784394], [40.0235910538842, 62.0589632768339], [40.0212734173345, 62.0561167076201], [40.0188968581037, 62.0576173784394]]], [[[40.0144188980139, 62.0580939112052], [40.016406721693, 62.0576224524144], [40.0170009001716, 62.0572472984243], [40.012512298404, 62.0565552152511], [40.0144188980139, 62.0580939112052]], [[40.0153102008053, 62.0575311901125], [40.0152075854618, 62.0572041921199], [40.0156072963398, 62.0573436131174], [40.0153102008053, 62.0575311901125]]], [[[40.0220030022369, 62.0595742132795], [40.0213061661468, 62.0596223908608], [40.0200151488802, 62.060045724231], [40.0220030022369, 62.0595742132795]]], [[[40.0670774755452, 62.0738249810382], [40.0661743142933, 62.0732194764978], [40.0651803134209, 62.0734554460122], [40.0670774755452, 62.0738249810382]]], [[[40.0231215304344, 62.0620025006151], [40.0247096648193, 62.0613915659682], [40.0226190693148, 62.0615361193965], [40.0231215304344, 62.0620025006151]]], [[[40.0253148554963, 62.0621849199983], [40.0260227847239, 62.0633052432426], [40.0269140407506, 62.0627424879756], [40.0253148554963, 62.0621849199983]]], [[[40.0375954964352, 62.0650101941653], [40.0406801539661, 62.0646296217598], [40.0339968538719, 62.0637558746341], [40.0375954964352, 62.0650101941653]]], [[[39.9389821666938, 62.0399060940911], [39.941071940218, 62.0397624687631], [39.9391775354151, 62.0393915271974], [39.9389821666938, 62.0399060940911]]], [[[40.0309233964977, 62.065304830054], [40.0301125461572, 62.0638575744676], [40.0295183919604, 62.0642327518402], [40.0309233964977, 62.065304830054]]], [[[40.0177409522833, 62.0618733148018], [40.0178327811581, 62.0610317741972], [40.0169414360986, 62.061594492592], [40.0177409522833, 62.0618733148018]]], [[[40.0221385003916, 62.0634067731042], [40.0224465577626, 62.0643877005321], [40.0233378893323, 62.0638249677483], [40.0221385003916, 62.0634067731042]]], [[[40.0283411695095, 62.0661515840285], [40.0298378005742, 62.0663821432215], [40.0297350476345, 62.0660551776045], [40.0283411695095, 62.0661515840285]]], [[[40.0148615308352, 62.0629074757995], [40.0147589100958, 62.0625804930954], [40.0133651156078, 62.0626767880036], [40.0148615308352, 62.0629074757995]]], [[[40.0340420034359, 62.068429800595], [40.0362357250988, 62.0686120805832], [40.036829882893, 62.0682368960161], [40.0340420034359, 62.068429800595]]], [[[40.0210636279842, 62.0656525439299], [40.021441598651, 62.0634549497863], [40.0179570656662, 62.0636957927268], [40.0210636279842, 62.0656525439299]]], [[[40.0642349595759, 62.0783649484837], [40.0640288385602, 62.0777111197725], [40.0637318167701, 62.077898742633], [40.0642349595759, 62.0783649484837]]], [[[40.05094246892, 62.0746092681034], [40.0558218485996, 62.0742712237382], [40.0645741694625, 62.0726622979268], [40.05094246892, 62.0746092681034]]], [[[40.0786398369591, 62.0833787390378], [40.0787304445545, 62.0825373162443], [40.078239653937, 62.0832394853141], [40.0786398369591, 62.0833787390378]]], [[[40.0439486356212, 62.0727551529282], [40.0468396736122, 62.0728890412964], [40.0483366608084, 62.0731194368127], [40.0462338965772, 62.0720958284599], [40.0439486356212, 62.0727551529282]]], [[[40.021885129895, 62.0682682850535], [40.0216797445248, 62.0676143556182], [40.0210854545303, 62.0679894943199], [40.021885129895, 62.0682682850535]]], [[[40.0782522282579, 62.0844077936849], [40.0794528204914, 62.0848255476611], [40.0797498188992, 62.0846379086128], [40.0782522282579, 62.0844077936849]]], [[[40.00452080669, 62.0651249152828], [40.005709598919, 62.064374723315], [40.003219039827, 62.0643796174256], [40.00452080669, 62.0651249152828]]], [[[40.0476746734476, 62.0766728947385], [40.0486688550837, 62.0764370250489], [40.0469775729568, 62.0767211640506], [40.0476746734476, 62.0766728947385]]], [[[40.0566696673714, 62.0792233522761], [40.0632529592568, 62.0797692533485], [40.0603252172352, 62.0761305324983], [40.0566696673714, 62.0792233522761]]], [[[40.0289910708814, 62.0716186994436], [40.0271971077605, 62.0715757163464], [40.0290938310156, 62.0719456488728], [40.0289910708814, 62.0716186994436]]], [[[40.0329789229391, 62.0718439787168], [40.0355840826394, 62.0733340447305], [40.0361669629352, 62.0717904555652], [40.0329789229391, 62.0718439787168]]], [[[40.0531839805564, 62.0794648337352], [40.0557784599081, 62.0797861749921], [40.0560755320603, 62.0795985674201], [40.0547723469664, 62.0788537273178], [40.0531839805564, 62.0794648337352]]], [[[40.0633803005606, 62.0824328294118], [40.0646594027094, 62.0808409358607], [40.0631741723503, 62.0817790231835], [40.0633803005606, 62.0824328294118]]], [[[40.0389093753676, 62.0771125921726], [40.0380065621533, 62.0765069626264], [40.0377094279479, 62.0766945459167], [40.0389093753676, 62.0771125921726]]], [[[40.0279274795697, 62.0750327588549], [40.0273220415791, 62.074239497455], [40.0267277084172, 62.0746146334587], [40.0279274795697, 62.0750327588549]]], [[[40.0087447047045, 62.0695100950151], [40.0097389349041, 62.0692744213776], [40.0079450958896, 62.0692312494228], [40.0087447047045, 62.0695100950151]]], [[[40.0606036293542, 62.0837944299692], [40.0651991749021, 62.0848120740181], [40.0660903607817, 62.084249228819], [40.0606036293542, 62.0837944299692]]], [[[40.0243502624548, 62.0761151486953], [40.0227505816742, 62.0755576202881], [40.0240530679949, 62.0763027095026], [40.0243502624548, 62.0761151486953]]], [[[40.0469213113696, 62.0810676711363], [40.054419814523, 62.0833877601372], [40.0571175738172, 62.0840359770788], [40.0469213113696, 62.0810676711363]]], [[[40.0705292336374, 62.0892860618025], [40.0691223387251, 62.0882144980009], [40.0688252656736, 62.0884021136668], [40.0705292336374, 62.0892860618025]]], [[[40.0867338307019, 62.0943413155994], [40.0865272618238, 62.0936876002028], [40.0862302283425, 62.0938752338551], [40.0867338307019, 62.0943413155994]]], [[[40.0499394136731, 62.083865058226], [40.0515515968289, 62.0855906090196], [40.0525459745173, 62.0853547357327], [40.0499394136731, 62.083865058226]]], [[[40.0547525960556, 62.086705056993], [40.0553468455806, 62.0863298661306], [40.0539523298363, 62.0864264506204], [40.0547525960556, 62.086705056993]]], [[[40.0143744211428, 62.0749671416204], [40.0167737503085, 62.0758035417003], [40.0179626288724, 62.075053337142], [40.0143744211428, 62.0749671416204]]], [[[39.9827293755604, 62.068298013043], [39.9820225605928, 62.0671775701889], [39.9815302762015, 62.0678795692869], [39.9827293755604, 62.068298013043]]], [[[39.9844306086858, 62.0691829081649], [39.9856297754939, 62.0696013285386], [39.9862244198213, 62.0692263094468], [39.9844306086858, 62.0691829081649]]], [[[40.0378806840465, 62.0840315308307], [40.0392751593213, 62.0839350659507], [40.0362805041421, 62.0834741562075], [40.0378806840465, 62.0840315308307]]], [[[40.0683710963492, 62.0926089461461], [40.0699720856434, 62.0931659979126], [40.0702691901711, 62.0929783885419], [40.0683710963492, 62.0926089461461]]], [[[40.07606687029, 62.094413456516], [40.0766735700294, 62.0952064256362], [40.0772677422127, 62.0948311907071], [40.07606687029, 62.094413456516]]], [[[40.0017236300417, 62.0755063391464], [40.0011187019667, 62.0747129941096], [40.0008214094806, 62.0749005198433], [40.0017236300417, 62.0755063391464]]], [[[39.9593833313758, 62.0642265105452], [39.960572933894, 62.0634766072598], [39.9587794051456, 62.063432952369], [39.9593833313758, 62.0642265105452]]], [[[40.0466941336275, 62.0882650659802], [40.0488889938322, 62.0884471652047], [40.0469796404982, 62.08690921299], [40.0466941336275, 62.0882650659802]]], [[[40.0749816970479, 62.0954907786766], [40.0758854887245, 62.096096129433], [40.0765828895888, 62.0960477602961], [40.0749816970479, 62.0954907786766]]], [[[39.9562889027109, 62.0634372079609], [39.9571901933729, 62.0640433051546], [39.957487609066, 62.0638558333802], [39.9562889027109, 62.0634372079609]]], [[[40.0050354770058, 62.0781170710461], [40.0040305781488, 62.0771843310922], [40.0037332838641, 62.0773718568259], [40.0050354770058, 62.0781170710461]]], [[[40.0289192393316, 62.0849852025053], [40.0300165354349, 62.0850763649824], [40.0277191642082, 62.0845671193773], [40.0289192393316, 62.0849852025053]]], [[[40.0548120700212, 62.0925463227547], [40.0542058406272, 62.091753265501], [40.0539086731469, 62.0919408496906], [40.0548120700212, 62.0925463227547]]], [[[40.0186329529486, 62.0828567518378], [40.0168277078326, 62.081645346156], [40.0162331687259, 62.0820204246031], [40.0171357777941, 62.0826261323903], [40.0186329529486, 62.0828567518378]]], [[[40.0510162457034, 62.0918070935227], [40.0496097815663, 62.0907354047153], [40.0499187166756, 62.0917160632459], [40.0510162457034, 62.0918070935227]]], [[[40.0639929358255, 62.0934134202933], [40.0658123389684, 62.0957924445659], [40.0664975099523, 62.0945759136476], [40.0639929358255, 62.0934134202933]]], [[[40.0217410306242, 62.0848131828823], [40.021535564315, 62.0841593424799], [40.0209410279063, 62.0845344281215], [40.0217410306242, 62.0848131828823]]], [[[40.0295360303637, 62.0869466760484], [40.0312278619764, 62.086662722307], [40.0296276694815, 62.0861053018184], [40.0295360303637, 62.0869466760484]]], [[[39.9545223320401, 62.0668989952925], [39.9543180456415, 62.0662449831196], [39.9537231513025, 62.0666199068834], [39.9545223320401, 62.0668989952925]]], [[[40.0104393988593, 62.0805833187653], [40.013238919141, 62.0815591308494], [40.0149199031312, 62.0801069721592], [40.0104393988593, 62.0805833187653]]], [[[40.0527318014317, 62.0938594012905], [40.05433262615, 62.094416584358], [40.0541265806773, 62.0937628311899], [40.0527318014317, 62.0938594012905]]], [[[40.0394238262488, 62.0889351112666], [40.044728361325, 62.0910732377399], [40.0457112816505, 62.0896691622023], [40.0394238262488, 62.0889351112666]]], [[[40.0495420374352, 62.0939132032319], [40.0489358934769, 62.0931201360856], [40.0483414820739, 62.0934952846798], [40.0495420374352, 62.0939132032319]]], [[[39.9629143970819, 62.0698291690811], [39.9645130238571, 62.0703872460747], [39.9648104485435, 62.070199773401], [39.9629143970819, 62.0698291690811]]], [[[39.9720142924258, 62.0738793225729], [39.9718096876671, 62.0732253661579], [39.9712148526835, 62.0736003267939], [39.9720142924258, 62.0738793225729]]], [[[39.9644293338469, 62.0723971274256], [39.9642248603892, 62.0717431557222], [39.9636299759428, 62.0721180956738], [39.9644293338469, 62.0723971274256]]], [[[40.0289749721175, 62.0908265608972], [40.0286665505211, 62.0898458600985], [40.0280719997232, 62.0902209520355], [40.0289749721175, 62.0908265608972]]], [[[40.0408644331472, 62.0935115974824], [40.0425680027113, 62.09439576865], [40.0425564617115, 62.0932275547081], [40.0408644331472, 62.0935115974824]]], [[[39.9584526184937, 62.0726411539662], [39.9582482412635, 62.0719871768669], [39.9579507707116, 62.0721746369501], [39.9584526184937, 62.0726411539662]]], [[[40.02067647434, 62.0882268295047], [40.0264606340512, 62.0884952600484], [40.0210655912043, 62.087197929541], [40.02067647434, 62.0882268295047]]], [[[40.0129950463844, 62.0875881840476], [40.0169627878026, 62.0854772135028], [40.0163466307926, 62.0835156743091], [40.0126550199134, 62.0831025230631], [40.0129950463844, 62.0875881840476]]], [[[39.9978175200627, 62.0846271877946], [39.9976124404619, 62.0839733195132], [39.9973150652382, 62.0841608245626], [39.9978175200627, 62.0846271877946]]], [[[39.979628952914, 62.0788663178264], [39.9802335185622, 62.0796597087288], [39.9805309396513, 62.0794722243638], [39.979628952914, 62.0788663178264]]], [[[39.9998171437463, 62.0853243152651], [39.9996120308707, 62.084670453279], [39.9990172867186, 62.0850454678743], [39.9998171437463, 62.0853243152651]]], [[[40.0121137035847, 62.0893190201569], [40.012205709626, 62.0884776711078], [40.0117136923332, 62.089179628837], [40.0121137035847, 62.0893190201569]]], [[[39.9968330538026, 62.0860310636828], [39.9966279840943, 62.0853772016967], [39.9963305944815, 62.0855647031487], [39.9968330538026, 62.0860310636828]]], [[[39.967664347232, 62.0781867792966], [39.9677572561926, 62.0773453744896], [39.9660653670232, 62.0776287652555], [39.9661676334297, 62.0779557344698], [39.967664347232, 62.0781867792966]]], [[[39.9676737136711, 62.0793551416266], [39.9674691520798, 62.078701211292], [39.9668741965871, 62.0790761404517], [39.9676737136711, 62.0793551416266]]], [[[39.9559976635615, 62.0773190054679], [39.9557933007204, 62.0766650508516], [39.9551982642886, 62.0770399476356], [39.9559976635615, 62.0773190054679]]], [[[39.968082860236, 62.080662991504], [39.968975306965, 62.0801005977645], [39.9668835450398, 62.0802444946879], [39.968082860236, 62.080662991504]]], [[[39.9645965232111, 62.0809027858351], [39.964587243107, 62.0797344378942], [39.9631927372552, 62.0798303388992], [39.9645965232111, 62.0809027858351]]], [[[39.9609987341045, 62.0796472009577], [39.9624954793831, 62.0798782835561], [39.962690743783, 62.0793638614532], [39.9609987341045, 62.0796472009577]]], [[[40.0020634631585, 62.0913483205687], [40.001858283733, 62.0906944927568], [40.001560877033, 62.0908819951081], [40.0020634631585, 62.0913483205687]]], [[[39.9561088827189, 62.0788143514014], [39.9558023263165, 62.0778334284701], [39.9553094537685, 62.0785352971664], [39.9561088827189, 62.0788143514014]]], [[[40.0127617757356, 62.0947851481163], [40.0137566093802, 62.0945495014585], [40.0119616408172, 62.0945063789664], [40.0127617757356, 62.0947851481163]]], [[[39.9731969090103, 62.0844860562867], [39.972490075157, 62.0833657267471], [39.9719974265402, 62.0840676071346], [39.9731969090103, 62.0844860562867]]], [[[40.0064636291933, 62.0928817815691], [40.007468976812, 62.0938143875241], [40.0080637704268, 62.0934393729289], [40.0064636291933, 62.0928817815691]]], [[[40.0004738107179, 62.091958907178], [40.0027712601857, 62.0924684639487], [40.0013660559989, 62.0913964100165], [40.0004738107179, 62.091958907178]]], [[[40.0029868591564, 62.0942904976086], [40.0022790270556, 62.0931703713157], [40.0016841803808, 62.0935453688239], [40.0029868591564, 62.0942904976086]]], [[[39.9635179842678, 62.083147895659], [39.9650148770351, 62.0833789512777], [39.9649126043334, 62.0830519937547], [39.9635179842678, 62.083147895659]]], [[[40.0176872016032, 62.0991209226926], [40.0173789940455, 62.098140269558], [40.0167842157192, 62.0985152985423], [40.0176872016032, 62.0991209226926]]], [[[40.0040947780518, 62.0955500125232], [40.0045870111818, 62.09484811325], [40.0036947335253, 62.0954106095122], [40.0040947780518, 62.0955500125232]]], [[[40.0096957296744, 62.0975015395646], [40.0094903928675, 62.0968477522222], [40.0091929771743, 62.0970352581708], [40.0096957296744, 62.0975015395646]]], [[[39.9618350226683, 62.0845995453329], [39.9647266362255, 62.0847347152351], [39.967106808033, 62.0832350795355], [39.9618350226683, 62.0845995453329]]], [[[39.9635364851209, 62.0854845141992], [39.9651357405222, 62.0860425120525], [39.9656285339299, 62.0853406631413], [39.9635364851209, 62.0854845141992]]], [[[39.9566198406333, 62.0804491992713], [39.9569354936783, 62.082598429674], [39.9582460891858, 62.0845122580345], [39.9598360887646, 62.0839019996777], [39.9566198406333, 62.0804491992713]]], [[[40.0056133076082, 62.0981170850356], [40.0068030495213, 62.0973670909187], [40.0050079640465, 62.0973239009774], [40.0056133076082, 62.0981170850356]]], [[[39.986822569706, 62.0927325822431], [39.9857152659469, 62.0914729333294], [39.985027709961, 62.0926891944509], [39.986822569706, 62.0927325822431]]], [[[39.9560518576073, 62.0843290697309], [39.954852553203, 62.0839105054656], [39.9529648942147, 62.0847081537585], [39.9560518576073, 62.0843290697309]]], [[[39.9873349503479, 62.0943671576184], [39.9871299912563, 62.0937133298065], [39.9865349952939, 62.0940882760532], [39.9873349503479, 62.0943671576184]]], [[[39.9747513547914, 62.0917266617562], [39.9737372711583, 62.0896256071362], [39.9734492803602, 62.0909813180336], [39.9747513547914, 62.0917266617562]]], [[[39.9603655808071, 62.08787334378], [39.9598543755791, 62.086238604728], [39.9589616644494, 62.0868009247231], [39.9603655808071, 62.08787334378]]], [[[39.9756631630247, 62.0935007507592], [39.9749561016429, 62.0923805138497], [39.9746585591454, 62.0925679694364], [39.9756631630247, 62.0935007507592]]], [[[39.9729660809201, 62.092851387182], [39.9738587317952, 62.0922890276167], [39.9721662580665, 62.0925724408656], [39.9729660809201, 62.092851387182]]], [[[40.0156484439207, 62.1051060251231], [40.0153402390609, 62.1041254160553], [40.0144479038478, 62.1046879231094], [40.0156484439207, 62.1051060251231]]], [[[39.9524897482035, 62.0877465510627], [39.9538845544288, 62.0876507381912], [39.9540799645189, 62.0871363583564], [39.9524897482035, 62.0877465510627]]], [[[39.9911600044308, 62.0986122517542], [39.9908524461836, 62.0976315482575], [39.9902574295369, 62.0980064936049], [39.9911600044308, 62.0986122517542]]], [[[39.9857647439479, 62.0973139913478], [39.9855598001448, 62.0966601779251], [39.9849647439279, 62.0970351097827], [39.9857647439479, 62.0973139913478]]], [[[39.9575850587037, 62.0892333237591], [39.9555859710159, 62.0885357583187], [39.9566922504472, 62.0897956203718], [39.9575850587037, 62.0892333237591]]], [[[39.9779797266832, 62.0963470204987], [39.9776725083797, 62.0953662783313], [39.9770774027002, 62.0957411886051], [39.9779797266832, 62.0963470204987]]], [[[39.997468564223, 62.1016842009653], [39.9992638349582, 62.1017274637516], [39.9973659821545, 62.1013573135893], [39.997468564223, 62.1016842009653]]], [[[39.9761847185501, 62.0963035463717], [39.9755799838293, 62.0955102543949], [39.9752824197481, 62.0956977063842], [39.9761847185501, 62.0963035463717]]], [[[39.9804820048408, 62.0975106577908], [39.9802771437753, 62.0968568389721], [39.9799795949825, 62.0970442963574], [39.9804820048408, 62.0975106577908]]], [[[39.9589981436496, 62.0914739792409], [39.9569057521988, 62.0916177484605], [39.9585051586863, 62.0921757759915], [39.9589981436496, 62.0914739792409]]], [[[39.9869846302366, 62.1000686435533], [39.9867796504607, 62.0994148445196], [39.9861845690628, 62.0997897718806], [39.9869846302366, 62.1000686435533]]], [[[39.9780918127871, 62.09784211732], [39.9777845800945, 62.0968613868437], [39.9767894793512, 62.0970968347513], [39.9780918127871, 62.09784211732]]], [[[40.0100779595303, 62.1066591300151], [40.0109703981655, 62.1060966544373], [40.0095750910178, 62.1061928854935], [40.0100779595303, 62.1066591300151]]], [[[40.0022905554649, 62.1056932644328], [40.0027933340453, 62.1061595314374], [40.0030908459659, 62.1059720506698], [40.0022905554649, 62.1056932644328]]], [[[39.9834040946234, 62.1011500099652], [39.9831991679075, 62.1004962145288], [39.9829016002288, 62.1006836719141], [39.9834040946234, 62.1011500099652]]], [[[39.9845115908374, 62.1024095707452], [39.9853018089315, 62.1015203058176], [39.983609028534, 62.1018038018042], [39.9845115908374, 62.1024095707452]]], [[[39.9896099338515, 62.1038952759464], [39.9899175109845, 62.104875929081], [39.9905126355499, 62.104501007116], [39.9896099338515, 62.1038952759464]]], [[[40.0014187113047, 62.1085918720174], [40.0029167650968, 62.1088225688067], [40.0028141218744, 62.1084957030145], [40.0014187113047, 62.1085918720174]]], [[[39.9782135845894, 62.1005053543388], [39.9832188153962, 62.1028324985212], [39.9787893611403, 62.0977941196031], [39.9782135845894, 62.1005053543388]]], [[[39.986029129341, 62.1049766603448], [39.9870343060885, 62.1059092851855], [39.9855265603027, 62.1045103438775], [39.986029129341, 62.1049766603448]]], [[[39.9757496166516, 62.1040142823334], [39.9762424478309, 62.1033125071667], [39.9748471523744, 62.1034084765201], [39.9757496166516, 62.1040142823334]]], [[[39.9699541317779, 62.1025761593625], [39.9697494146039, 62.1019223576309], [39.9691541371539, 62.1022972202407], [39.9699541317779, 62.1025761593625]]], [[[40.0301575176555, 62.1206345820205], [40.0307524992286, 62.1202595773178], [40.0293567478158, 62.1203559477689], [40.0301575176555, 62.1206345820205]]], [[[39.9785693087268, 62.1073266320186], [39.9783644287755, 62.106672863562], [39.9777691603186, 62.1070477414603], [39.9785693087268, 62.1073266320186]]], [[[39.9812674484342, 62.1079758355166], [39.9801696370193, 62.1078843987462], [39.9802720958807, 62.1082112807262], [39.9812674484342, 62.1079758355166]]], [[[39.9566805592606, 62.1011507186309], [39.9582803434632, 62.1017087056924], [39.9580758160462, 62.1010548859744], [39.9566805592606, 62.1011507186309]]], [[[40.0215662338948, 62.1193910102871], [40.0274688559031, 62.1211541212659], [40.0287617527529, 62.1207309479751], [40.0215662338948, 62.1193910102871]]], [[[39.986776434485, 62.110769044356], [39.9843362095486, 62.105260155432], [39.9828285851713, 62.1038611844463], [39.9814332861174, 62.1039572041618], [39.986776434485, 62.110769044356]]], [[[39.979779277292, 62.1089130361079], [39.9786717496017, 62.1076535139986], [39.9782813548009, 62.1086821495617], [39.979779277292, 62.1089130361079]]], [[[39.9872790943549, 62.1112353347431], [39.9861811813166, 62.1111439375429], [39.9862836995333, 62.1114708033351], [39.9872790943549, 62.1112353347431]]], [[[39.9554987934347, 62.1030684995118], [39.9552943082859, 62.1024146833911], [39.9549966012123, 62.102602092213], [39.9554987934347, 62.1030684995118]]], [[[39.9868888857137, 62.1122639577156], [39.988982242137, 62.1121198737334], [39.9897725510626, 62.1112306582684], [39.9868888857137, 62.1122639577156]]], [[[40.0249858304319, 62.1223272536], [40.0265874006882, 62.1228845463848], [40.026381660985, 62.1222309173231], [40.0249858304319, 62.1223272536]]], [[[39.9792961569922, 62.1107828471509], [39.9807941631203, 62.1110137220059], [39.9809893420846, 62.1104994123182], [39.9792961569922, 62.1107828471509]]], [[[39.9816968899996, 62.1116194594707], [39.9832876045395, 62.1110091345641], [39.981491936304, 62.110965718893], [39.9816968899996, 62.1116194594707]]], [[[39.9840977210332, 62.1124560340189], [39.9828046191381, 62.1128789222246], [39.9843027259902, 62.1131097638047], [39.9840977210332, 62.1124560340189]]], [[[39.9682151927771, 62.1095412107584], [39.968205801157, 62.1083731389094], [39.9678151302642, 62.1094017465935], [39.9682151927771, 62.1095412107584]]], [[[39.9902128258614, 62.1160421742071], [39.9900077120864, 62.1153884660051], [39.9894124238444, 62.1157633537959], [39.9902128258614, 62.1160421742071]]], [[[39.9950256431191, 62.1188829832632], [39.9973245575824, 62.1193924941684], [39.9971193116071, 62.1187388129461], [39.9950256431191, 62.1188829832632]]], [[[39.9630238445749, 62.1088961702222], [39.9638331930476, 62.1103431847904], [39.9646333099794, 62.1106221284087], [39.9652287538041, 62.1102473044697], [39.9630238445749, 62.1088961702222]]], [[[40.0187262360271, 62.1250964829166], [40.0195270247526, 62.1253751522416], [40.0208201410368, 62.1249520499973], [40.0187262360271, 62.1250964829166]]], [[[39.9584463511184, 62.1102123136475], [39.9572462571093, 62.1097938564015], [39.9574508124052, 62.1104476293548], [39.9584463511184, 62.1102123136475]]], [[[39.9598602211724, 62.1124525752263], [39.9623537534231, 62.112448271071], [39.9630515724722, 62.1124003381052], [39.9598602211724, 62.1124525752263]]], [[[39.9686622799404, 62.1155208597001], [39.9713418423523, 62.1138341380352], [39.96674536061, 62.1128143868746], [39.9686622799404, 62.1155208597001]]], [[[39.9572644054281, 62.1121299614288], [39.9577667433407, 62.1125963273588], [39.9580645124674, 62.1124089293288], [39.9572644054281, 62.1121299614288]]]]}, "properties": {"id": 658, "storm_id": 467, "type": "squall", "certainty": "High", "year": 2017, "month": 7, "date": "30.07.2017", "date_1": "2017/07/29", "date_2": "2017/08/21", "n_polygons": 176, "area_km2": 1.97, "length_km": 13.4, "mean_width_m": 245.5, "max_width_m": 744.8, "wind_gust": 25, "direction": "SSW-NNE", "near_watershed": "22749.0", "ws_dist_km": 32.0, "lon": 40.0002, "lat": 62.074, "status": "processed", "score": 0.851, "score_parts": {"forest": 0.29, "chain": 0.25, "size": 0.074, "water": 0.1, "slope": 0.09, "width": 0.014, "gust": 0.033, "tornado_bonus": 0.0}, "slc_chain": {"platform": "S1B", "direction": null, "rel_orbit": 120, "pre": "2017-07-22", "post": "2017-08-03", "control": "2017-08-15", "pair_interval_days": 12, "control_interval_days": 12, "min_coverage": 1.0, "coverages": [1.0, 1.0, 1.0], "quality": "full", "gap_days_pre": 6, "gap_days_post": 5}, "landscape_proxy_2021": {"id": 658, "key": "658_20170729", "wc_item": "ESA_WorldCover_10m_2021_v200_N60E039", "forest_frac": 0.968, "water_frac": 0.0, "wetland_frac": 0.0, "crop_frac": 0.0, "slope_mean_deg": 3.51, "slope_p90_deg": 6.51}, "cost_credits": 20, "source_db": "Shikhov & Erlikh 2020 (ESSD), doi:10.5194/essd-12-1933-2020", "coh_delta": {"auc": 0.5675, "excess_median": 0.0537, "tpr_at_fpr5pct": 0.0921, "ref_pixels": 315, "prepost": "S1BB_20170722T033447_20170803T033448_VVP012_INT80_G_ueF_4BC7.zip", "control": "S1BB_20170803T033448_20170815T033448_VVP012_INT80_G_ueF_082D.zip", "event_date": "2017-07-29", "event_type": "шквал"}}}, {"type": "Feature", "geometry": {"type": "MultiPolygon", "coordinates": [[[[31.9103523453846, 55.5710981200824], [31.9137749744357, 55.5718605976886], [31.9106088446226, 55.5705724960241], [31.9103523453846, 55.5710981200824]]], [[[31.9129738907326, 55.5730930331172], [31.9155006286513, 55.5740545819536], [31.915725412398, 55.5731845202496], [31.9129738907326, 55.5730930331172]]], [[[31.9192722522128, 55.5786056506304], [31.9199436662673, 55.5792765394809], [31.920519959029, 55.5789141531658], [31.9192722522128, 55.5786056506304]]], [[[31.9170620720571, 55.5810884386807], [31.9192377272395, 55.5815422284912], [31.919494186008, 55.5810166170234], [31.9170620720571, 55.5810884386807]]], [[[31.9209956904989, 55.5840804588462], [31.9222435475019, 55.5843889379993], [31.9225317172651, 55.5842077443921], [31.9209956904989, 55.5840804588462]]], [[[31.9188256057173, 55.5770647081699], [31.9141865914382, 55.5763382493109], [31.9105353502264, 55.5797268749955], [31.9125809859239, 55.5820840538362], [31.9189207036277, 55.578097993228], [31.9217042393593, 55.5785337938996], [31.9225025891234, 55.5805823631857], [31.9270150930723, 55.5799308709131], [31.92042756538, 55.5745998103332], [31.9164600613829, 55.574544311371], [31.9188256057173, 55.5770647081699]], [[31.9241996934613, 55.579150745011], [31.9242314287376, 55.5794951691669], [31.9239115578723, 55.5793319467122], [31.9241996934613, 55.579150745011]], [[31.9132555799812, 55.5794739766429], [31.9156876165904, 55.5794022179382], [31.9139585899172, 55.5804893139309], [31.9132555799812, 55.5794739766429]], [[31.9123277368358, 55.5793286659853], [31.9126792269649, 55.5798363368776], [31.9117513784236, 55.5796910208241], [31.9123277368358, 55.5793286659853]]], [[[31.8978658685152, 55.5778550215921], [31.8974829965432, 55.5770028770813], [31.8969065544941, 55.577365181558], [31.8978658685152, 55.5778550215921]]], [[[31.9160361047826, 55.5831908566728], [31.9163212708102, 55.5862905985325], [31.9197478487844, 55.5837719698008], [31.9160361047826, 55.5831908566728]]], [[[31.9104053685131, 55.5816301686975], [31.9107534619029, 55.5854187777546], [31.9148199929485, 55.5832267441191], [31.9104053685131, 55.5816301686975]]], [[[31.9198691304562, 55.5917113556947], [31.9204455725053, 55.591348990064], [31.9192292592231, 55.5913849116845], [31.9198691304562, 55.5917113556947]]], [[[31.913245903276, 55.5893167632582], [31.9131825685209, 55.5886279455235], [31.9126061066867, 55.5889902877717], [31.913245903276, 55.5893167632582]]], [[[31.9141105906314, 55.5887732471878], [31.9166698579278, 55.5900791050668], [31.9162548747628, 55.5888826524126], [31.9141105906314, 55.5887732471878]]], [[[31.9139807267293, 55.5906764554542], [31.9142372880206, 55.5901508772614], [31.913021001718, 55.5901867494191], [31.9139807267293, 55.5906764554542]]], [[[31.9031681552863, 55.5858148571701], [31.9084476388476, 55.5868681161708], [31.9077130276343, 55.5855083718141], [31.9031681552863, 55.5858148571701]]], [[[31.9139807267293, 55.5906764554542], [31.9131160016024, 55.591219967028], [31.9140440758736, 55.5913652659944], [31.9139807267293, 55.5906764554542]]], [[[31.9175632840185, 55.5931607867411], [31.9192581499439, 55.59501009504], [31.9198346342611, 55.5946477384026], [31.9175632840185, 55.5931607867411]]], [[[31.9178803112275, 55.5966047647982], [31.9197366935937, 55.5968952907852], [31.9190650421182, 55.5962244594914], [31.9178803112275, 55.5966047647982]]], [[[31.9042818784062, 55.5913075466062], [31.9055614284173, 55.591960558733], [31.9057864711689, 55.5910905905585], [31.9042818784062, 55.5913075466062]]], [[[31.9062644545411, 55.5929758663434], [31.9061695958503, 55.5919426532311], [31.9053363766726, 55.5928305206122], [31.9062644545411, 55.5929758663434]]], [[[31.91074327798, 55.5952612675936], [31.9106166687245, 55.5938836689963], [31.908472177749, 55.5937741855304], [31.91074327798, 55.5952612675936]]], [[[31.9237669990479, 55.6009201643343], [31.9236082561163, 55.5991982261174], [31.9227434887212, 55.5997417691675], [31.9237669990479, 55.6009201643343]]], [[[31.9181973834027, 55.6000486799028], [31.918133963212, 55.5993599026376], [31.9175574123449, 55.5997222439865], [31.9181973834027, 55.6000486799028]]]]}, "properties": {"id": 696, "storm_id": 474, "type": "squall", "status": "processed", "area_km2": 0.65, "length_km": 3.5, "mean_width_m": 222.1, "max_width_m": 592.1, "date_1": "2017/07/23", "lon": 31.9137, "lat": 55.5849, "coh_delta": {"auc": 0.4555, "excess_median": -0.0136, "tpr_at_fpr5pct": 0.0189, "ref_pixels": 106, "prepost": "S1AA_20170712T041007_20170724T041008_VVP012_INT80_G_ueF_083E.zip", "control": "S1AA_20170724T041008_20170805T041008_VVP012_INT80_G_ueF_DB8F.zip", "event_date": "2017-07-23", "event_type": "шквал"}, "coh_delta_note": "Шквал 0.65 км2, ширина следа сравнима с пикселем 80 м (106 ref-пикселей) — размывание сигнала, как в уроке step12c для узких треков; сигнал отсутствует (excess -0.014)."}}]}